candidate_id,full_name,origin_country,target_country,industry_category,original_job_title,original_company,years_of_experience,education,anzsco_code,anzsco_occupation,direct_skills,transferable_skills,skill_evidence_excerpts,honest_gaps,transferability_rationale
AU-CAND-001,Minh Tuan Nguyen,Vietnam,Australia,Healthcare & Nursing,Healthcare & nursing Professional,Healthcare & nursing Professional Group (Vietnam),10,and Training Certificate of Completion: Health Information Technology - Coding Certificate Program Rowan College of Burl,254411,Registered Nurse / Health Specialist,"Professional Summary Strategic healthcare professional with over 10 years in Operations Leadership: Medical Practice Management, Hospital Administration, Behavioral Health, and Medicare Services Core Qualifications Patie","Patient triage, infection prevention protocols, clinical workflow optimization, cross-cultural patient communication, acute crisis stabilization.","Practice Manager January 2016 to Current Company Name － City , State Manage administrative operations in a ""patient centered medical home practice (PCMH) model for quality and safety, accessible services, coordinated, and comprehensive care. Complete and comply with different payer quality reporting measures. Provide hands-on operational support to",Requires AHPRA (Australian Health Practitioner Regulation Agency) registration and bridging course on Australian PBS/Medicare billing guidelines.,"International clinical protocols (WHO, JCI) closely match Australian healthcare accreditation standards. Clinical fundamentals are directly transferable upon AHPRA credential assessment."
AU-CAND-002,Thao My Le,Vietnam,Australia,Healthcare & Nursing,"DIRECTOR, COMPOUNDING SALES SPECIALIST","DIRECTOR, COMPOUNDING SALES SPECIALIST Group (Vietnam)",12,"High School Diploma : May 1971 GRIFFITHVILLE HIGH SCHOOL － City , State Physical Education/Math , May 1977 HARDING COLLE",254411,Registered Nurse / Health Specialist,"Microsoft Office, Word, PowerPoint, Excel. *CRM Software: Sugar and Sales Logix. *Accomplished in relationship building and selling.","Patient triage, infection prevention protocols, clinical workflow optimization, cross-cultural patient communication, acute crisis stabilization.","Director, Compounding Sales Specialist July 1997 to March 2015 Company Name － City , State Talented sales professional who effectively multi-tasks and balances customer needs with company demands. Efficiently builds loyalty and long-term relationships with customers, while consistently reaching sales targets. Exceed sales goals. Monitor customers p",Requires AHPRA (Australian Health Practitioner Regulation Agency) registration and bridging course on Australian PBS/Medicare billing guidelines.,"International clinical protocols (WHO, JCI) closely match Australian healthcare accreditation standards. Clinical fundamentals are directly transferable upon AHPRA credential assessment."
AU-CAND-003,Bao Hoang,Vietnam,Australia,Healthcare & Nursing,LICENSED PRACTICAL NURSE- STEP-DOWN UNIT,LICENSED PRACTICAL NURSE- STEP-DOWN UNIT Group (Vietnam),15,"2012 Bachelor of Science : (Pre-Med) Foundations in Counseling Samford University － City , State , U.S 2009 Pre- Nursing",254411,Registered Nurse / Health Specialist,and community resources. Provided necessary health,"Patient triage, infection prevention protocols, clinical workflow optimization, cross-cultural patient communication, acute crisis stabilization.","01/2017 to 09/2017 Licensed Practical Nurse- Step-down Unit Company Name － City , State Recorded patients' medical history, vital statistics and test results in medical records. Administered IV therapy and medications per MD orders Monitored post-op vitals, set up PCA, fluids, reviewed post-op orders and orient patients to unit. Developed and maint",Requires AHPRA (Australian Health Practitioner Regulation Agency) registration and bridging course on Australian PBS/Medicare billing guidelines.,"International clinical protocols (WHO, JCI) closely match Australian healthcare accreditation standards. Clinical fundamentals are directly transferable upon AHPRA credential assessment."
AU-CAND-004,Huyen My Dang,Vietnam,Australia,Healthcare & Nursing,IMPACT,IMPACT Group (Vietnam),12,"and training classes. Interacted with patients, families, hospital staff and the general public. Evaluated patient care ",254411,Registered Nurse / Health Specialist,Level-headed under pressure *65 wpm *Microsoft Office efficient *Kind,"Patient triage, infection prevention protocols, clinical workflow optimization, cross-cultural patient communication, acute crisis stabilization.","Impact October 2014 to February 2015 Company Name － City , State Maintained up-to-date knowledge of store policies regarding payments, returns and exchanges. Prevented store losses using awareness, attention to detail and integrity. Worked as a team member performing cashier duties, product assistance and cleaning. Expressed appreciation and invite",Requires AHPRA (Australian Health Practitioner Regulation Agency) registration and bridging course on Australian PBS/Medicare billing guidelines.,"International clinical protocols (WHO, JCI) closely match Australian healthcare accreditation standards. Clinical fundamentals are directly transferable upon AHPRA credential assessment."
AU-CAND-005,Duc Anh Pham,Vietnam,Australia,Healthcare & Nursing,ENUMERATOR,ENUMERATOR Group (Vietnam),8,and status on previously submitted pre-authorizations or pre-determination requests Meet the performance goals establish,254411,Registered Nurse / Health Specialist,"and abilities in handling the clerical and administrative support work, and activities. Highlights Time Management SAP and SRM Cash Request / Cash handling Check Request Purchase Orders Microsoft Office: Word, Excel, Pow","Patient triage, infection prevention protocols, clinical workflow optimization, cross-cultural patient communication, acute crisis stabilization.","seeking a to achieve career growth where I will get an opportunity to utilize my skills and abilities in handling the clerical and administrative support work, and activities. Highlights Time Management SAP and SRM Cash Request / Cash handling Check Request Purchase Orders Microsoft Office: Word, Excel, PowerPoint, Outlook. Data Entry Filing and Ma",Requires AHPRA (Australian Health Practitioner Regulation Agency) registration and bridging course on Australian PBS/Medicare billing guidelines.,"International clinical protocols (WHO, JCI) closely match Australian healthcare accreditation standards. Clinical fundamentals are directly transferable upon AHPRA credential assessment."
AU-CAND-006,Quynh Chi Tran,Vietnam,Australia,Healthcare & Nursing,LICENSED HEALTHCARE COMMUNICATOR,LICENSED HEALTHCARE COMMUNICATOR Group (Vietnam),10,on prescribed treatment regimen. Provide patient support to patients enrolled in Patient Support Programs. Assist in tra,254411,Registered Nurse / Health Specialist,"acute care, billing, Case management, charts, chemotherapy, closing, coaching, Client, clients, discharge planning, insurance, director, meetings, presenting, quality, Quest, reporting, supervising, telecommunication, wo","Patient triage, infection prevention protocols, clinical workflow optimization, cross-cultural patient communication, acute crisis stabilization.","10/2016 to Current Licensed Healthcare Communicator Company Name － City , State Representing clients on a variety of projects via inbound/outbound telecommunication which includes:. Providing drug product information. Identify adverse events and product complaints as outlined by client guidelines. Provide patient",Requires AHPRA (Australian Health Practitioner Regulation Agency) registration and bridging course on Australian PBS/Medicare billing guidelines.,"International clinical protocols (WHO, JCI) closely match Australian healthcare accreditation standards. Clinical fundamentals are directly transferable upon AHPRA credential assessment."
AU-CAND-007,Hoang Nam Vu,Vietnam,Australia,Healthcare & Nursing,REGISTERED NURSE,REGISTERED NURSE Group (Vietnam),8,"units (CEU)s or patient care refresher training such as first responder protocol, triage care and other levels of medica",254411,Registered Nurse / Health Specialist,"Microsoft Office, Word, Excel, PowerPoint, and Outlook","Patient triage, infection prevention protocols, clinical workflow optimization, cross-cultural patient communication, acute crisis stabilization.","06/2016 Registered Nurse Company Name － City , State Self-motivated leader with over 8 years of experience in emergency medicine and health care. Self-starter who is able to maneuver through tasks and make sure the job is done in a timely and proficient manner. Trainer and teacher who can effectively break down tasks so they can be understood and e",Requires AHPRA (Australian Health Practitioner Regulation Agency) registration and bridging course on Australian PBS/Medicare billing guidelines.,"International clinical protocols (WHO, JCI) closely match Australian healthcare accreditation standards. Clinical fundamentals are directly transferable upon AHPRA credential assessment."
AU-CAND-008,Phuong Linh Do,Vietnam,Australia,Healthcare & Nursing,CLINICAL RESEARCH COORDINATOR MENTOR - QUALITY ASSURANCE,CLINICAL RESEARCH COORDINATOR MENTOR - QUALITY ASSURANCE Group (Vietnam),10,"and Training Eastern Michigan University City , State , US Bachelor of Business Administration : Management Bachelor of ",254411,Registered Nurse / Health Specialist,"Ability to learn new databases, software, and processes quickly Member of UMHS Quality Month Committee","Patient triage, infection prevention protocols, clinical workflow optimization, cross-cultural patient communication, acute crisis stabilization.","Proficient with Microsoft office programs Proficient with University of Michigan systems; MiChart, Careweb, eResearch, Qualtrics, Velos, Wolverine Access Excellent organizational skills Ability to learn new databases, software, and processes quickly Member of UMHS Quality Month Committee Professional Experience August 2011 to Current Company Name C",Requires AHPRA (Australian Health Practitioner Regulation Agency) registration and bridging course on Australian PBS/Medicare billing guidelines.,"International clinical protocols (WHO, JCI) closely match Australian healthcare accreditation standards. Clinical fundamentals are directly transferable upon AHPRA credential assessment."
AU-CAND-009,Quoc Huy Trinh,Vietnam,Australia,Healthcare & Nursing,Healthcare & nursing Professional,Healthcare & nursing Professional Group (Vietnam),20,"and Training Master of Public Health; Des : Public Health Moines University Osteopathic Medical center, College of Healt",254411,Registered Nurse / Health Specialist,Areas of expertise include: Nursing Management Process Improvement Statistics and data Analysis Operationalizing best practices Teaching/ Facilitating/ Coaching/ Mentoring Team Building Marketing and Public Relations,"Patient triage, infection prevention protocols, clinical workflow optimization, cross-cultural patient communication, acute crisis stabilization.","in clinical nursing, management, statistics, quality management, and process improvement. Years of experience in hospital, clinic, public health, and academic operation with comprehensive understanding of healthcare; proven ability to build effective relationships and develop and maintain highly reliable teams; skilled coach, mentor, facilitator, a",Requires AHPRA (Australian Health Practitioner Regulation Agency) registration and bridging course on Australian PBS/Medicare billing guidelines.,"International clinical protocols (WHO, JCI) closely match Australian healthcare accreditation standards. Clinical fundamentals are directly transferable upon AHPRA credential assessment."
AU-CAND-010,Thu Hang Ngo,Vietnam,Australia,Healthcare & Nursing,PROJECT MANAGER,PROJECT MANAGER Group (Vietnam),20,"MBA : Finance , University of Georgia - City , State Finance BS : Computer Science , Spelman College - City , State Comp",254411,Registered Nurse / Health Specialist,Issue resolution Budgeting Team oversight Business artifacts documentation Project finance Multi-tasking Organized Project planning Microsoft Office Suite SQL and databases Data mapping Test case scenarios Quality assura,"Patient triage, infection prevention protocols, clinical workflow optimization, cross-cultural patient communication, acute crisis stabilization.","in the software development life cycle (SDLC) with focus on application analysis and design, application development, systems testing, and systems integration. Certified as a Project Management Professional (PMP). Accustomed to managing multiple projects and priorities in fast-paced environments. Accomplished IT professional with 20 years of experi",Requires AHPRA (Australian Health Practitioner Regulation Agency) registration and bridging course on Australian PBS/Medicare billing guidelines.,"International clinical protocols (WHO, JCI) closely match Australian healthcare accreditation standards. Clinical fundamentals are directly transferable upon AHPRA credential assessment."
AU-CAND-011,Tuan Kiet Vo,Vietnam,Australia,Healthcare & Nursing,"PLATFORM ARCHITECT, HEALTHCARE INCUBATION LAB (HIL)","PLATFORM ARCHITECT, HEALTHCARE INCUBATION LAB (HIL) Group (Vietnam)",8,"Jun. 2009 Bachelor of Engineering : Systems & Computer Engineering (B.Eng), Honours Program University of Guelph － City ",254411,Registered Nurse / Health Specialist,".NET, ASP.NET, Active Directory, Agile, AJAX, API, Architect, automate, BI, business intelligence, Cascading Style Sheets, excellent communication, ca, Computer Engineering, Configuration Management, consultant, content","Patient triage, infection prevention protocols, clinical workflow optimization, cross-cultural patient communication, acute crisis stabilization.","architecting and developing data-intensive web-based applications and services with expert level proficiency in middle tier and Service Oriented Architecture (SOA) and functional proficiency in data and presentation tiers Experienced with designing and developing horizontally scalable, secure and reliable multi-tenant web applications delivered in ",Requires AHPRA (Australian Health Practitioner Regulation Agency) registration and bridging course on Australian PBS/Medicare billing guidelines.,"International clinical protocols (WHO, JCI) closely match Australian healthcare accreditation standards. Clinical fundamentals are directly transferable upon AHPRA credential assessment."
AU-CAND-012,Mai Anh Duong,Vietnam,Australia,Healthcare & Nursing,OCCUPATIONAL THERAPIST,OCCUPATIONAL THERAPIST Group (Vietnam),10,"on company policies, procedures, rules, regulations, therapeutic processes, financials, management tools, management app",254411,Registered Nurse / Health Specialist,Client Development Project Management Program Development Finance Analysis Training & Development Customer Service Organizational Development Presentation Skills Excellent Communication Skills Business Management skills,"Patient triage, infection prevention protocols, clinical workflow optimization, cross-cultural patient communication, acute crisis stabilization.","in providing leadership and management to diverse teams while facilitating strategies for growth and profitability. Comprehensive experience in multiple aspects of business operations, project management, regulatory compliance, customer satisfaction, staff training and procedure development/implementation. Leads by example as a tenacious, trustwort",Requires AHPRA (Australian Health Practitioner Regulation Agency) registration and bridging course on Australian PBS/Medicare billing guidelines.,"International clinical protocols (WHO, JCI) closely match Australian healthcare accreditation standards. Clinical fundamentals are directly transferable upon AHPRA credential assessment."
AU-CAND-013,Dinh Trong Phan,Vietnam,Australia,Healthcare & Nursing,HEALTHCARE RECRUITER,HEALTHCARE RECRUITER Group (Vietnam),9,"DIPLOMA : Liberal Arts Saint Leo University , City , State Earned 42 credit hours - general studies Liberal Arts Princes",254411,Registered Nurse / Health Specialist,"will be fully utilized. I am team oriented, professional, and focused - I look forward to having an opportunity to discuss what I can contribute to your team! Skills Excellent interpersonal, HR and administrative skills","Patient triage, infection prevention protocols, clinical workflow optimization, cross-cultural patient communication, acute crisis stabilization.","in human resources, customer service and administrative support. Expertise in client development and needs assessments. My goal is to obtain a challenging and rewarding career opportunity, where my administrative, human resources, and customer service skills will be fully utilized. I am team oriented, professional, and focused - I look forward to h",Requires AHPRA (Australian Health Practitioner Regulation Agency) registration and bridging course on Australian PBS/Medicare billing guidelines.,"International clinical protocols (WHO, JCI) closely match Australian healthcare accreditation standards. Clinical fundamentals are directly transferable upon AHPRA credential assessment."
AU-CAND-014,Ngoc Bich Ha,Vietnam,Australia,Healthcare & Nursing,OPERATIONS MANAGER,OPERATIONS MANAGER Group (Vietnam),28,and decreasing scheduling conflicts. Decrease loss revenue through billing department Working with customers and payment,254411,Registered Nurse / Health Specialist,and strong financial/analytical understandings. Developed and managed monthly and yearly budgets Implemented Total Quality Management (TQM) and empowered staff to maximize their growth potentials. Profit/loss statements,"Patient triage, infection prevention protocols, clinical workflow optimization, cross-cultural patient communication, acute crisis stabilization.","inancial/analytical understandings. Developed and managed monthly and yearly budgets Implemented Total Quality Management (TQM) and empowered staff to maximize their growth potentials. Profit/loss statements (graphs) to show supervisors (CEO, President) month to month statements on how each department and/or company was doing, along with recommenda",Requires AHPRA (Australian Health Practitioner Regulation Agency) registration and bridging course on Australian PBS/Medicare billing guidelines.,"International clinical protocols (WHO, JCI) closely match Australian healthcare accreditation standards. Clinical fundamentals are directly transferable upon AHPRA credential assessment."
AU-CAND-015,Gia Bao Ly,Vietnam,Australia,Healthcare & Nursing,CORPORATE REGIONAL RECRUITER,CORPORATE REGIONAL RECRUITER Group (Vietnam),7,"B.A : Sociology 08/1998 Portland State University City , State Sociology Languages Bilingual in Spanish",254411,Registered Nurse / Health Specialist,Recruiting and selection techniques Proficient communicator Fluent in Spanish Practiced in HRIS technologies iCIMS Applicant Tracking software Talent assessments Hiring recommendations,"Patient triage, infection prevention protocols, clinical workflow optimization, cross-cultural patient communication, acute crisis stabilization.","Corporate Regional Recruiter 06/2015 to Current Company Name City , State Responsible for screening, interviewing and referring the most qualified applicants to hiring managers. Works with Talent Acquisition Specialist to effectively market open positions positively as ""opportunities"" while providing applicants with a realistic job preview; present",Requires AHPRA (Australian Health Practitioner Regulation Agency) registration and bridging course on Australian PBS/Medicare billing guidelines.,"International clinical protocols (WHO, JCI) closely match Australian healthcare accreditation standards. Clinical fundamentals are directly transferable upon AHPRA credential assessment."
AU-CAND-016,Cam Tu Bui,Vietnam,Australia,Healthcare & Nursing,ADMINISTRATOR,ADMINISTRATOR Group (Vietnam),20,"Bachelor of Science : Healthcare Administration 2005 University of Phoenix , City , State Healthcare Administration BS :",254411,Registered Nurse / Health Specialist,Healthcare industry executive with over 20 years',"Patient triage, infection prevention protocols, clinical workflow optimization, cross-cultural patient communication, acute crisis stabilization.","including 16 years managing full service home healthcare facilities including profit and loss responsibility, clinical and operations management, quality improvement and control, personnel/employee relations, recruiting, customer service and business development. Strong leadership skills and experience in: Strategic Planning Team Building & Leaders",Requires AHPRA (Australian Health Practitioner Regulation Agency) registration and bridging course on Australian PBS/Medicare billing guidelines.,"International clinical protocols (WHO, JCI) closely match Australian healthcare accreditation standards. Clinical fundamentals are directly transferable upon AHPRA credential assessment."
AU-CAND-017,Priya Sharma,India,Australia,Healthcare & Nursing,CERTIFIED NURSING ASSISTANT,CERTIFIED NURSING ASSISTANT Group (India),21,and Training GED Unitah High School City 05/1998 Certified Nursing Assistant Certificate : Nursing Practice Utah State U,254411,Registered Nurse / Health Specialist,Strong interpersonal skills Calm and level-headed under duress Patient relations Telephone etiquette Customer Service Phone call answering Administrative operations Appointment scheduling Medical terminology knowledge Un,"Patient triage, infection prevention protocols, clinical workflow optimization, cross-cultural patient communication, acute crisis stabilization.","in medical business office operations. Proactive leader with strengths in communication leveraging office professionalism, phone etiquette, proof-reads and audits case reports, oversees daily spreadsheets and providing consultation and organization ofdaily workflow. Dedicated in high-volume office environment that focus on delivering exceptional cl",Requires AHPRA (Australian Health Practitioner Regulation Agency) registration and bridging course on Australian PBS/Medicare billing guidelines.,"International clinical protocols (WHO, JCI) closely match Australian healthcare accreditation standards. Clinical fundamentals are directly transferable upon AHPRA credential assessment."
AU-CAND-018,Rajesh Patel,India,Australia,Healthcare & Nursing,DIGITAL MARKETING SPECIALIST,DIGITAL MARKETING SPECIALIST Group (India),10,"Franklin University 2005 B.S : Marketing Marketing Promotions and Public Relations City , State GPA: Dean's list 2005. M",254411,Registered Nurse / Health Specialist,"Cross-functional leadership, Project management, Quality control, Process improvement, Workflow optimization","Patient triage, infection prevention protocols, clinical workflow optimization, cross-cultural patient communication, acute crisis stabilization.","managing omnichannel marketing campaigns. My specialties include digital marketing and media, direct marketing with a strong emphasis on direct mail, CRM and database testing, customer segmentation, event promotions, credit, loyalty and project management. I have the innate ability to effectively and efficiently execute complex marketing campaigns ",Requires AHPRA (Australian Health Practitioner Regulation Agency) registration and bridging course on Australian PBS/Medicare billing guidelines.,"International clinical protocols (WHO, JCI) closely match Australian healthcare accreditation standards. Clinical fundamentals are directly transferable upon AHPRA credential assessment."
AU-CAND-019,Ananya Sen,India,Australia,Healthcare & Nursing,I HEALTHCARE MARKETING SPECIALIST,I HEALTHCARE MARKETING SPECIALIST Group (India),6,"Bachelor of Science : Healthcare Administration Pennsylvania College of Health Sciences 2017 City , State Coursework in ",254411,Registered Nurse / Health Specialist,Superb communication skills Excellent interpersonal skills Conflict resolution skills Customer and personal service Medical Terminology Event planning and coordination Budgeting and financial management Microsoft Office,"Patient triage, infection prevention protocols, clinical workflow optimization, cross-cultural patient communication, acute crisis stabilization.","supporting a team of physicians in a busy medical office. Expertise includes verifying insurance coverage, records reviews, marketing and schedule maintenance. Searching for a leadership role in a team oriented company.",Requires AHPRA (Australian Health Practitioner Regulation Agency) registration and bridging course on Australian PBS/Medicare billing guidelines.,"International clinical protocols (WHO, JCI) closely match Australian healthcare accreditation standards. Clinical fundamentals are directly transferable upon AHPRA credential assessment."
AU-CAND-020,Ravi Shankar,India,Australia,Healthcare & Nursing,Healthcare & nursing Professional,Healthcare & nursing Professional Group (India),12,"Ph.D. : Analytical Chemistry 1990 UNIVERSITY OF DELAWARE City , State , US UNIVERSITY OF DELAWARE, DEPARTMENT OF CHEMIST",254411,Registered Nurse / Health Specialist,SKILL SET * Growth strategies/new opportunity identification and development * Scientific strategy/best practice/scientific excellence implementation * Strong technical expertise (research and product development) * Cros,"Patient triage, infection prevention protocols, clinical workflow optimization, cross-cultural patient communication, acute crisis stabilization.","in open innovation, licensing and outsourcing * Comprehensive network of global opinion leaders and track record in leveraging consultants * Strong negotiation skills * World-recognized expert in oral healthcare R&D * Working relationship with FDA, Professional, Industry and Research Associations NOTEWORTHY ACCOMPLISHMENTS * Led the development of ",Requires AHPRA (Australian Health Practitioner Regulation Agency) registration and bridging course on Australian PBS/Medicare billing guidelines.,"International clinical protocols (WHO, JCI) closely match Australian healthcare accreditation standards. Clinical fundamentals are directly transferable upon AHPRA credential assessment."
AU-CAND-021,Kavita Nair,India,Australia,Healthcare & Nursing,HEALTHCARE ADMINISTRATOR,HEALTHCARE ADMINISTRATOR Group (India),11,"and Training MBA : Health Services Administration 06/2012 Strayer University City , State , USA Bachelor of Science : Ma",254411,Registered Nurse / Health Specialist,"Healthcare Informatics Leadership Communication and Relationship Management Process Improvement Business Operations Time Management Decision Making and Problem Solving Skills Active Learning, Calendaring, Computer Profic","Patient triage, infection prevention protocols, clinical workflow optimization, cross-cultural patient communication, acute crisis stabilization.","of a variety of clinical best practices. A leader with strong organizational and communication skills, with the ability to concurrently direct multiple healthcare administrative affairs. A valuable asset with a proven record of facilitating support services and managing fast-paced business operations. Skill Highlights Healthcare Informatics Leaders",Requires AHPRA (Australian Health Practitioner Regulation Agency) registration and bridging course on Australian PBS/Medicare billing guidelines.,"International clinical protocols (WHO, JCI) closely match Australian healthcare accreditation standards. Clinical fundamentals are directly transferable upon AHPRA credential assessment."
AU-CAND-022,Sunil Joshi,India,Australia,Healthcare & Nursing,Healthcare & nursing Professional,Healthcare & nursing Professional Group (India),5,"Bachelor of Arts : Business Administration And Public Relations , 1995 Heidelberg College - City , State Work History PH",254411,Registered Nurse / Health Specialist,PROVEN ADMINISTRATIVE HIGHLY ORGANIZED LEADERSHIP SUPPORT EVENT PLANNING ENTREPRENEURIAL CONFLICT PUBLIC SPEAKING MINDSET RESOLUTION PROJECT STAFFING TEAM LEADERSHIP REPORTING AND SELF DIRECTED DOCUMENTATION OUTBOUND CAL,"Patient triage, infection prevention protocols, clinical workflow optimization, cross-cultural patient communication, acute crisis stabilization.","to generate a loyal clientele Resolved all customer complaints in a professional manner while prioritizing customer satisfaction. Set up and explained new membership contracts. Effectively communicated with and supported sales, marketing and administrative teams on a daily basis. Assisted in creating pre-season marketing plans to support department",Requires AHPRA (Australian Health Practitioner Regulation Agency) registration and bridging course on Australian PBS/Medicare billing guidelines.,"International clinical protocols (WHO, JCI) closely match Australian healthcare accreditation standards. Clinical fundamentals are directly transferable upon AHPRA credential assessment."
AU-CAND-023,Arjun Kapoor,India,Australia,Healthcare & Nursing,PROFESSIONAL HEALTHCARE REPRESENTATIVE,PROFESSIONAL HEALTHCARE REPRESENTATIVE Group (India),15,Earned numerous convention trips Led multiple POA special assignments at the district,254411,Registered Nurse / Health Specialist,"and patient focus. Detail oriented, while utilizing communication skills that have a direct and personable approach. Proficient in handling new product launches from inception to completion in both independent and collab","Patient triage, infection prevention protocols, clinical workflow optimization, cross-cultural patient communication, acute crisis stabilization.","in pharmaceutical sales selling to an array of specialties including general practitioners, internal medicine, family practice, endocrinologist, rheumatologist, neurologist, obstetrician/gynecologist, geriatric medicine, orthopedics, pulmonologist, gastroenterology, urology and cardiology. Further call points made to hospital accounts local to terr",Requires AHPRA (Australian Health Practitioner Regulation Agency) registration and bridging course on Australian PBS/Medicare billing guidelines.,"International clinical protocols (WHO, JCI) closely match Australian healthcare accreditation standards. Clinical fundamentals are directly transferable upon AHPRA credential assessment."
AU-CAND-024,Sneha Verma,India,Australia,Healthcare & Nursing,HEALTHCARE CONSULTANT,HEALTHCARE CONSULTANT Group (India),4,"to large, engaged provider groups in order to promote improvement in clinical, quality, coding and financial performance",254411,Registered Nurse / Health Specialist,"and training necessary to keep clients motivated and moving toward their fitness goals. Highlights Certified Spinning Instructor ACE certified Personal Trainer CPR and First Aid certified Energy, motivation and drive to","Patient triage, infection prevention protocols, clinical workflow optimization, cross-cultural patient communication, acute crisis stabilization.","Healthcare Consultant October 2014 to Current Company Name － City , State Network development for a new Medicare Advantage I-SNP in the northeast. Identify and contract with providers to establish a network that meets CMS time/distance standards. Subject matter expert for a study on Medicare Advantage best practices for provider engagement. Cycle I",Requires AHPRA (Australian Health Practitioner Regulation Agency) registration and bridging course on Australian PBS/Medicare billing guidelines.,"International clinical protocols (WHO, JCI) closely match Australian healthcare accreditation standards. Clinical fundamentals are directly transferable upon AHPRA credential assessment."
AU-CAND-025,Vikram Singhania,India,Australia,Healthcare & Nursing,LICENSED UNITED HEALTHCARE INSURANCE SALES AGENT,LICENSED UNITED HEALTHCARE INSURANCE SALES AGENT Group (India),5,and Training Business Administration DeVry University Charlotte NC Business Administration 2013 Completed various course,254411,Registered Nurse / Health Specialist,"Time Management, Effective Communication, Trouble Shooting, Problem Solving, Cloud technology, Skype, Proficient, Microsoft Office Suite, Instant Messaging, Web Chat, Negotiating, Up-sell, Cross-Sell Ability, Outlook Ema","Patient triage, infection prevention protocols, clinical workflow optimization, cross-cultural patient communication, acute crisis stabilization.","09/2014 to 10/2015 Licensed United Healthcare Insurance Sales Agent Company Name － City , State Provided services to clients changing or updating healthcare insurance needs by upselling/cross selling a variety of health insurance products. MA, MAPD, MED Sup and PDP's to groups and individual consumers geared to fit their healthcare needs. Assists w",Requires AHPRA (Australian Health Practitioner Regulation Agency) registration and bridging course on Australian PBS/Medicare billing guidelines.,"International clinical protocols (WHO, JCI) closely match Australian healthcare accreditation standards. Clinical fundamentals are directly transferable upon AHPRA credential assessment."
AU-CAND-026,Deepika Rao,India,Australia,Healthcare & Nursing,"SLEEP TECHNOLOGIST, RPSGT","SLEEP TECHNOLOGIST, RPSGT Group (India)",6,"and therapy, equipment troubleshooting. Accomplishments Interscore Relability Testing 92% average (expected 85%). Obtain",254411,Registered Nurse / Health Specialist,and knowledge in multiple healthcare settings to have a positive impact impact on patient outcomes. Looking for a work setting in health information management and technology where my previous training in HIPPA Privacy a,"Patient triage, infection prevention protocols, clinical workflow optimization, cross-cultural patient communication, acute crisis stabilization.","seeking an opportunity where I can utilize my skills and knowledge in multiple healthcare settings to have a positive impact impact on patient outcomes. Looking for a work setting in health information management and technology where my previous training in HIPPA Privacy and Security, performance improvement and quality assurance will help position",Requires AHPRA (Australian Health Practitioner Regulation Agency) registration and bridging course on Australian PBS/Medicare billing guidelines.,"International clinical protocols (WHO, JCI) closely match Australian healthcare accreditation standards. Clinical fundamentals are directly transferable upon AHPRA credential assessment."
AU-CAND-027,Aditya Mehta,India,Australia,Healthcare & Nursing,HEALTH INFORMATION SPECIALIST,HEALTH INFORMATION SPECIALIST Group (India),10,"and Training 2009 Spokane Community College City , State Associate of Arts Degree : Health Information Technology Health",254411,Registered Nurse / Health Specialist,"billing, charts, clarify, clients, DDS, diagnosis, documentation, focus, government regulations, RHIT, home health, insurance, law, legal, managing, patient privacy, payroll processing, policies, coding, protected health","Patient triage, infection prevention protocols, clinical workflow optimization, cross-cultural patient communication, acute crisis stabilization.","in all types of request relating to release of information and medical record management. Dedicated professional skilled in technical and clerical support with strong ability to clearly and professionally communicate with providers, patients, attorneys and insurance companies. Over 10 years Health Information experience. Skill profile *Enhanced kno",Requires AHPRA (Australian Health Practitioner Regulation Agency) registration and bridging course on Australian PBS/Medicare billing guidelines.,"International clinical protocols (WHO, JCI) closely match Australian healthcare accreditation standards. Clinical fundamentals are directly transferable upon AHPRA credential assessment."
AU-CAND-028,Pooja Deshmukh,India,Australia,Healthcare & Nursing,HEALTHCARE CONSULTANT,HEALTHCARE CONSULTANT Group (India),6,center in Family Medicine Residency. Developed residential wellness program at world-renowned Cooper Clinic in Dallas fr,254411,Registered Nurse / Health Specialist,"in a larger organization, work with teams to create innovative products and services in health promotion, disease prevention/management, and human longevity fields. Collaboration with diverse groups to synergize process","Patient triage, infection prevention protocols, clinical workflow optimization, cross-cultural patient communication, acute crisis stabilization.","and skills in a larger organization, work with teams to create innovative products and services in health promotion, disease prevention/management, and human longevity fields. Collaboration with diverse groups to synergize process of product development and implementation of patient/client services. Skill Highlights Business Development Strategy: E",Requires AHPRA (Australian Health Practitioner Regulation Agency) registration and bridging course on Australian PBS/Medicare billing guidelines.,"International clinical protocols (WHO, JCI) closely match Australian healthcare accreditation standards. Clinical fundamentals are directly transferable upon AHPRA credential assessment."
AU-CAND-029,Rohan Kulkarni,India,Australia,Healthcare & Nursing,OFFICE MANAGER/MANAGING DIRECTOR,OFFICE MANAGER/MANAGING DIRECTOR Group (India),10,M.D. : 1 2011 WINDSOR UNIVERSITY SCHOOL OF MEDICINE - City Top [Number] % of class Continuing education in [Topic] Award,254411,Registered Nurse / Health Specialist,Strong p resentation skills Accomplished leader Patient evaluation/intervention Professional bedside manner Adept at prioritizing/managing deadlines Patient-focused care Trained in pre- and post-surgical care Competent i,"Patient triage, infection prevention protocols, clinical workflow optimization, cross-cultural patient communication, acute crisis stabilization.","urance, claims analysis and management principles and practices. Seeking a leadership role within an integrated delivery system. Skills Strong p resentation skills Accomplished leader Patient evaluation/intervention Professional bedside manner Adept at prioritizing/managing deadlines Patient-focused care Trained in pre- and post-surgical care Compe",Requires AHPRA (Australian Health Practitioner Regulation Agency) registration and bridging course on Australian PBS/Medicare billing guidelines.,"International clinical protocols (WHO, JCI) closely match Australian healthcare accreditation standards. Clinical fundamentals are directly transferable upon AHPRA credential assessment."
AU-CAND-030,Neha Banerjee,India,Australia,Healthcare & Nursing,REGISTERED NURSE,REGISTERED NURSE Group (India),5,"and Training UPMC Shadyside School of Nursing 2012 Diploma : Nursing City , State Community College of Allegheny County ",254411,Registered Nurse / Health Specialist,"Medication administration Skilled Orthopedic Nurse Broad medical terminology knowledge Use of hemovacs, autotransfusion devices, continuous passive motion therapy, traction, orthopedic braces IV drug therapy management B","Patient triage, infection prevention protocols, clinical workflow optimization, cross-cultural patient communication, acute crisis stabilization.","Company Name February 2013 to Current Registered Nurse City , State Applying nursing knowledge and skills within relationship based care, using nursing processes to meet the clinical, spiritual, and psychological needs of the patients and families Serving as a highly engaged partner on the care team and responding to care team member needs for assi",Requires AHPRA (Australian Health Practitioner Regulation Agency) registration and bridging course on Australian PBS/Medicare billing guidelines.,"International clinical protocols (WHO, JCI) closely match Australian healthcare accreditation standards. Clinical fundamentals are directly transferable upon AHPRA credential assessment."
AU-CAND-031,Sanjay Chawla,India,Australia,Healthcare & Nursing,PROJECT COORDINATOR,PROJECT COORDINATOR Group (India),10,"Master's : Healthcare Administration , Dec 2015 Oklahoma State University － City , State Healthcare Administration 3.79 ",254411,Registered Nurse / Health Specialist,"Medicine and Dentistry Critical Thinking Judgment and Decision Making Medical terminology Time Management Active Learning Quality Control Analysis Multitasking HIPAA E-health records, MS-o*ce and other o*ce tools","Patient triage, infection prevention protocols, clinical workflow optimization, cross-cultural patient communication, acute crisis stabilization.",and knowledge gained e*ciently and help the organization realize its goals and objectives by focusing on optimum operational management and leadership activities. Core Qualifications Medicine and Dentistry Critical Thinking Judgment and Decision Making Medical terminology Time Management Active Learning Quality Control Analysis Multitasking HIPAA E,Requires AHPRA (Australian Health Practitioner Regulation Agency) registration and bridging course on Australian PBS/Medicare billing guidelines.,"International clinical protocols (WHO, JCI) closely match Australian healthcare accreditation standards. Clinical fundamentals are directly transferable upon AHPRA credential assessment."
AU-CAND-032,Meera Nambiar,India,Australia,Healthcare & Nursing,REGIONAL RECRUITER,REGIONAL RECRUITER Group (India),10,Coordinator 08/2012 to 01/2014 Company Name City Principal point of contact for all healthcare and education queries for,254411,Registered Nurse / Health Specialist,Professional caregiver Extremely organized Program development Conflict resolutionDecision-making ability Team liaison Process improvements Strong written and verbal communication skills Culturally-sensitive MS Office Bu,"Patient triage, infection prevention protocols, clinical workflow optimization, cross-cultural patient communication, acute crisis stabilization.","Regional Recruiter 10/2016 to Current Company Name City , State Carry out the full life-cycle recruitment process for a wide range of positions to include posting, sourcing, reviewing resumes and screening candidates, making offers, and following up Manage relationships with Posts delivering effective communication that supports the completion of r",Requires AHPRA (Australian Health Practitioner Regulation Agency) registration and bridging course on Australian PBS/Medicare billing guidelines.,"International clinical protocols (WHO, JCI) closely match Australian healthcare accreditation standards. Clinical fundamentals are directly transferable upon AHPRA credential assessment."
AU-CAND-033,Maria Santos,Philippines,Australia,Healthcare & Nursing,Healthcare & nursing Professional,Healthcare & nursing Professional Group (Philippines),25,"2017 MBA Franciscan University － City , State Business and Virtuos Leadership Dean's List. 3.9 GPA Candidate Late 2017 J",254411,Registered Nurse / Health Specialist,Leads Teams Naturally Strong Communicator-Written and Oral Technical Orientation Strong Accounting and Credit Underwriting Skills Builds teams with Humility Solid Collaborator to drive execution of strategy Well organize,"Patient triage, infection prevention protocols, clinical workflow optimization, cross-cultural patient communication, acute crisis stabilization.","12/2008 to Current Vice President-Business Banking Sales Manager and Healthcare Specialty Banker Company Name － City , State Current Role: Sales Manager for Business Banking/Treasury team in Detroit Michigan Retail Banking Territory of Pittsburgh, PA based Fortune 500 Regional Bank. Leadership role to guide mixed team of bankers and treasury office",Requires AHPRA (Australian Health Practitioner Regulation Agency) registration and bridging course on Australian PBS/Medicare billing guidelines.,"International clinical protocols (WHO, JCI) closely match Australian healthcare accreditation standards. Clinical fundamentals are directly transferable upon AHPRA credential assessment."
AU-CAND-034,Angelo Dela Cruz,Philippines,Australia,Healthcare & Nursing,ADVISOR,ADVISOR Group (Philippines),11,"and Training Bachelor of Arts : Business Management 2017 University of Phoenix Business Management Rancho Cordova, Ca, U",254411,Registered Nurse / Health Specialist,High customer service standards Call center management,"Patient triage, infection prevention protocols, clinical workflow optimization, cross-cultural patient communication, acute crisis stabilization.","Proficient in customer account software Strong problem solving ability Conflict resolution proficiency​ Customer Relationship Management software (CRM) Accomplishments Promoted to Call Center Manager in 2002. Experience Advisor 02/2007 to 08/2016 Company Name City , State Supervise a team of over 10 employees Make adjustments on customer accounts a",Requires AHPRA (Australian Health Practitioner Regulation Agency) registration and bridging course on Australian PBS/Medicare billing guidelines.,"International clinical protocols (WHO, JCI) closely match Australian healthcare accreditation standards. Clinical fundamentals are directly transferable upon AHPRA credential assessment."
AU-CAND-035,Kristine Reyes,Philippines,Australia,Healthcare & Nursing,FIELD BASED NURSE CHART REVIEWER - HEALTHCARE INFORMATICS,FIELD BASED NURSE CHART REVIEWER - HEALTHCARE INFORMATICS Group (Philippines),12,Nurse Consultant Services Leadership Nurse Consultant Services Quality Assurance Nurse Consultant Services Safety Consul,254411,Registered Nurse / Health Specialist,"Registered Nurse, Healthcare, Medicare, Clients, Quality Assurance, Staffing, Business Operations, Contracts, Operations, System Analysis, Workflow, Rn, Secretary, Assistant Director, Infection Control, Client Services","Patient triage, infection prevention protocols, clinical workflow optimization, cross-cultural patient communication, acute crisis stabilization.","from multiple different facilities and hospitals: Diverse background in nursing as a Registered Nurse. Registered Nurse Manager Experience Field Based Nurse Chart Reviewer - Healthcare Informatics July 2010 to Current Company Name － City , State Founder, CEO, Director of Nursing and Business Operations Provide high quality nursing care to individua",Requires AHPRA (Australian Health Practitioner Regulation Agency) registration and bridging course on Australian PBS/Medicare billing guidelines.,"International clinical protocols (WHO, JCI) closely match Australian healthcare accreditation standards. Clinical fundamentals are directly transferable upon AHPRA credential assessment."
AU-CAND-036,Mark Bautista,Philippines,Australia,Healthcare & Nursing,CLAIMS SERVICE SPECIALIST,CLAIMS SERVICE SPECIALIST Group (Philippines),3,"Associate of Science : Medical Billing and Coding , Current Central Piedmont Community College - City , State Coursework",254411,Registered Nurse / Health Specialist,Medical terminology expert ICD-10 (International Classification of Disease Systems) Billing and collection procedures expert Hospital inpatient and outpatient records Inpatient records coding proficiency Outpatient surge,"Patient triage, infection prevention protocols, clinical workflow optimization, cross-cultural patient communication, acute crisis stabilization.","in a fast-paced, multiple client medical billing company. Researched and denied claims and submitted appeals. Familiar with health billing and collections. Advanced knowledge of claims processing and pre-authorizations. Skills Medical terminology expert ICD-10 (International Classification of Disease Systems) Billing and collection procedures exper",Requires AHPRA (Australian Health Practitioner Regulation Agency) registration and bridging course on Australian PBS/Medicare billing guidelines.,"International clinical protocols (WHO, JCI) closely match Australian healthcare accreditation standards. Clinical fundamentals are directly transferable upon AHPRA credential assessment."
AU-CAND-037,Jasmine Villanueva,Philippines,Australia,Healthcare & Nursing,SENIOR MANAGER/SPECIALIST LEADER HEALTHCARE,SENIOR MANAGER/SPECIALIST LEADER HEALTHCARE Group (Philippines),18,"Bachelor of Science : Nursing Ursuline College － City , State Executive Healthcare Management Certification CWRU Weather",254411,Registered Nurse / Health Specialist,Identifying/Building New Service Offerings Creative Problem Solver/Innovator Process Transformation with Change Management Healthcare Informatics (merging technical with operations) Creating and Maintaining a Performance,"Patient triage, infection prevention protocols, clinical workflow optimization, cross-cultural patient communication, acute crisis stabilization.",Core Accomplishments Successfully managed and drove highly complex technical and organizational transformations at the countries leading healthcare organizations Management of $100M++ budgets Management of on-going communication with Board of Directors and C Suite Facilitated communication and strategies to build and improve Physician Adoption Deve,Requires AHPRA (Australian Health Practitioner Regulation Agency) registration and bridging course on Australian PBS/Medicare billing guidelines.,"International clinical protocols (WHO, JCI) closely match Australian healthcare accreditation standards. Clinical fundamentals are directly transferable upon AHPRA credential assessment."
AU-CAND-038,Eduardo Ramos,Philippines,Australia,Healthcare & Nursing,OCCUPATIONAL HEALTH NURSE COORDINATOR,OCCUPATIONAL HEALTH NURSE COORDINATOR Group (Philippines),20,JCAHO Standards / Compliance Relations Homecare,254411,Registered Nurse / Health Specialist,Skill Name Home Patient Management Patient Assessment Homecare/Hospice Care Communication & Documentation Healthcare,"Patient triage, infection prevention protocols, clinical workflow optimization, cross-cultural patient communication, acute crisis stabilization.","in nursing seeking career transition into a new clinical setting. Able to offer a solid foundation in occupational health, office management, triage, endoscopy, homecare, primary patient care and current healthcare advancements. Highly motivated, dedicated, flexible and compassionate with proven expertise in communication, organization and document",Requires AHPRA (Australian Health Practitioner Regulation Agency) registration and bridging course on Australian PBS/Medicare billing guidelines.,"International clinical protocols (WHO, JCI) closely match Australian healthcare accreditation standards. Clinical fundamentals are directly transferable upon AHPRA credential assessment."
AU-CAND-039,Patricia Mendoza,Philippines,Australia,Healthcare & Nursing,PREVENTATIVE HEALTHCARE INTERN,PREVENTATIVE HEALTHCARE INTERN Group (Philippines),8,"and Training Bachelor of Science : Health Care Management/ Health Administration , 2016 University of Alabama at Birming",254411,Registered Nurse / Health Specialist,"Knowledge of HMOs, Medicare and Medicaid HIPAA compliance Strong planning skills Patient-focused care Self-motivated","Patient triage, infection prevention protocols, clinical workflow optimization, cross-cultural patient communication, acute crisis stabilization.",in both residential and hospital environments. Accountable and responsible with a strong focus on patient wellness.,Requires AHPRA (Australian Health Practitioner Regulation Agency) registration and bridging course on Australian PBS/Medicare billing guidelines.,"International clinical protocols (WHO, JCI) closely match Australian healthcare accreditation standards. Clinical fundamentals are directly transferable upon AHPRA credential assessment."
AU-CAND-040,Christian Garcia,Philippines,Australia,Healthcare & Nursing,FACILITY MANAGER,FACILITY MANAGER Group (Philippines),12,activities. Assisted in making food and beverage items in accordance to mandated nutritional meal requirements. Maintain,254411,Registered Nurse / Health Specialist,"Accounts Payable, art, Audio, read Blueprints, Book, budget, Cash Register, closing, cost control, Crisis Intervention, Customer Service, delivery, HVAC, inventory, Regulatory compliance, Managing, materials, mechanical","Patient triage, infection prevention protocols, clinical workflow optimization, cross-cultural patient communication, acute crisis stabilization.","Company Name City , State Facility Manager 01/2013 to 01/2017 Led a Staff of over 100 Paid and volunteer based teams to maintain and operate a 50k square foot facility situated on an 8 acre lot. Recruited, trained and maintained volunteer and Paid teams in areas of Facilities, Operations, Security, and Retail. Nominated, evaluated and monitored con",Requires AHPRA (Australian Health Practitioner Regulation Agency) registration and bridging course on Australian PBS/Medicare billing guidelines.,"International clinical protocols (WHO, JCI) closely match Australian healthcare accreditation standards. Clinical fundamentals are directly transferable upon AHPRA credential assessment."
AU-CAND-041,Rowena Aquino,Philippines,Australia,Finance & Accounting,HUMAN RESOURCE/ FINANCE ANALYST,HUMAN RESOURCE/ FINANCE ANALYST Group (Philippines),4,"Masters : Human Resource Management , 2015 DeVry University － City , State Human Resource Management Bachelor of Arts : ",221111,Accountant (General) / Financial Analyst,"Microsoft Office Suite (PeopleSoft, Outlook,Word, Excel, Power Point, Publisher).","IFRS/GAAP financial statement consolidation, general ledger reconciliations, internal control frameworks, audit readiness, cash flow forecasting.","Human Resource/ Finance Analyst June 2013 to Current Company Name － City , State Provide support to Columbia University community by providing excellent customer service via telephone, email and the self-service system. Responsible for resolving customer/ employees problems related to Human Resources, Payroll Labor Accounting transactions, Data, JA","Needs CPA Australia / CA ANZ conversion assessment, and hands-on familiarity with Australian GST, PAYG withholding, and ATO portal reporting.","Strong international foundation in IFRS and ERP systems (SAP, Oracle, Xero). Core ledger and audit competencies translate directly with minor ATO taxation localization."
AU-CAND-042,Jerome Alcantara,Philippines,Australia,Finance & Accounting,V/P COMMERCIAL RELATIONSHIP MANAGER,V/P COMMERCIAL RELATIONSHIP MANAGER Group (Philippines),5,"Bachelor's Degree : University Studies , 5 2005 Southern Illinois University － City , State Master's : Business/ Managem",221111,Accountant (General) / Financial Analyst,Sales expertise Bottom Line LoanMaster Loan Servicing Excellent communicator Analytical Excellent time management Detail-oriented,"IFRS/GAAP financial statement consolidation, general ledger reconciliations, internal control frameworks, audit readiness, cash flow forecasting.","V/P Commercial Relationship Manager March 2014 to Current Company Name － City , State I am responsible for acquiring and retaining a portfolio of commercial banking clients with annual revenue of 2 million to 20 million. I conduct relationship review meetings where opportunities are identified for commercial loan and deposit products, traditional b","Needs CPA Australia / CA ANZ conversion assessment, and hands-on familiarity with Australian GST, PAYG withholding, and ATO portal reporting.","Strong international foundation in IFRS and ERP systems (SAP, Oracle, Xero). Core ledger and audit competencies translate directly with minor ATO taxation localization."
AU-CAND-043,Camille Soriano,Philippines,Australia,Finance & Accounting,ACCOUNT,ACCOUNT Group (Philippines),10,Bachelor's Degree in related discipline,221111,Accountant (General) / Financial Analyst,"Proficient in all Microsoft Office Suite products, Lotus Notes, Outlook, Sales Certifications in Apc, Symantec ,VMware, HP ,Microsoft, IBM 1 | Page","IFRS/GAAP financial statement consolidation, general ledger reconciliations, internal control frameworks, audit readiness, cash flow forecasting.",in managing and coordinating client relations seeking a position that will leverage my,"Needs CPA Australia / CA ANZ conversion assessment, and hands-on familiarity with Australian GST, PAYG withholding, and ATO portal reporting.","Strong international foundation in IFRS and ERP systems (SAP, Oracle, Xero). Core ledger and audit competencies translate directly with minor ATO taxation localization."
AU-CAND-044,Rafael Dizon,Philippines,Australia,Finance & Accounting,FINANCE OFFICER,FINANCE OFFICER Group (Philippines),9,"2013 Fourah Bay College City , State , Sierra Leone Accounting and Finance Bachelor of Science GPA: Graduated with honor",221111,Accountant (General) / Financial Analyst,Analytical reasoning Compliance testing knowledge Financial statement analysis Account reconciliation expert Financial planner Effective time management,"IFRS/GAAP financial statement consolidation, general ledger reconciliations, internal control frameworks, audit readiness, cash flow forecasting.",Accountant and data base worker who has developed a strong accounting background working with Data Base and Accounting packages for over four years. Team oriented individual with good interpersonal skill and a demonstrated ability to accurately evaluate customer requirement and complete related tasks / project which satisfy or exceed customer requi,"Needs CPA Australia / CA ANZ conversion assessment, and hands-on familiarity with Australian GST, PAYG withholding, and ATO portal reporting.","Strong international foundation in IFRS and ERP systems (SAP, Oracle, Xero). Core ledger and audit competencies translate directly with minor ATO taxation localization."
AU-CAND-045,Ahmad Razali,Malaysia,Australia,Finance & Accounting,"MANAGER, ADVISORY, PERFORMANCE IMPROVEMENT Career Overview","MANAGER, ADVISORY, PERFORMANCE IMPROVEMENT Career Overview Group (Malaysia)",12,and Training 2003 Bachelor of Science in Computer Science : Majoring in Software Engineering University of Malaya － Stat,221111,Accountant (General) / Financial Analyst,"Cross-functional leadership, Project management, Quality control, Process improvement, Workflow optimization","IFRS/GAAP financial statement consolidation, general ledger reconciliations, internal control frameworks, audit readiness, cash flow forecasting.",focusing on large Banking & Financial Services and Government clients across ASEAN region. Proven record of constantly delivering high performance and result oriented professional with exceptional management and consultative selling skills. Demonstrated ability to work independently or as a team player in various projects. Fast Learner – Good Analy,"Needs CPA Australia / CA ANZ conversion assessment, and hands-on familiarity with Australian GST, PAYG withholding, and ATO portal reporting.","Strong international foundation in IFRS and ERP systems (SAP, Oracle, Xero). Core ledger and audit competencies translate directly with minor ATO taxation localization."
AU-CAND-046,Siti Nurhaliza,Malaysia,Australia,Finance & Accounting,STAFF ACCOUNTANT Virginia Francis,STAFF ACCOUNTANT Virginia Francis Group (Malaysia),9,and life,221111,Accountant (General) / Financial Analyst,Account reconciliation expert Adobe software proficiency MAS 90 & Sage Software Complex problem solving Effective time management Advanced computer proficiency Flexible team player General ledger accounting Strong organi,"IFRS/GAAP financial statement consolidation, general ledger reconciliations, internal control frameworks, audit readiness, cash flow forecasting.","directing and training accounting and support staff. HR experience. Supervisor's Endorsement: “Virginia is a talented individual who possesses a strong work ethic and produces an inordinate amount of quality work. Her ability to work independently, with minimal supervision, is one of her strongest attributes. She is a strong team player.” Craig C.,","Needs CPA Australia / CA ANZ conversion assessment, and hands-on familiarity with Australian GST, PAYG withholding, and ATO portal reporting.","Strong international foundation in IFRS and ERP systems (SAP, Oracle, Xero). Core ledger and audit competencies translate directly with minor ATO taxation localization."
AU-CAND-047,Wei Lun Tan,Singapore,Australia,Finance & Accounting,SENIOR ACCOUNTANT,SENIOR ACCOUNTANT Group (Singapore),10,"Bachelor of Business Administration : Accounting August 2002 TEMPLE UNIVERSITY City , State Accounting Audit Project: ""I",221111,Accountant (General) / Financial Analyst,Aderant/CMS Excel QuickBooks Pro SQL Access Peachtree Hyperion Financial reporting US GAAP principles IFRS Bookkeeping Budget development Individual tax returns Essbase Work History Senior Accountant Mar 2006 - Current C,"IFRS/GAAP financial statement consolidation, general ledger reconciliations, internal control frameworks, audit readiness, cash flow forecasting.","in full life cycle of general ledger accounting Skills Aderant/CMS Excel QuickBooks Pro SQL Access Peachtree Hyperion Financial reporting US GAAP principles IFRS Bookkeeping Budget development Individual tax returns Essbase Work History Senior Accountant Mar 2006 - Current Company Name City , State Reconcile various balance sheet accounts not limit","Needs CPA Australia / CA ANZ conversion assessment, and hands-on familiarity with Australian GST, PAYG withholding, and ATO portal reporting.","Strong international foundation in IFRS and ERP systems (SAP, Oracle, Xero). Core ledger and audit competencies translate directly with minor ATO taxation localization."
AU-CAND-048,Chen Wei,Singapore,Australia,Finance & Accounting,"DIRECTOR, FINANCE","DIRECTOR, FINANCE Group (Singapore)",12,"Certified Project Manager : Project Management , 2014 Stanford University - City , State , USA Bachelor of Science : Bus",221111,Accountant (General) / Financial Analyst,Corporate Consolidations Complex Change Management Financial Planning and Analysis Mergers and Acquisitions Project Management System Integration Business Process Re-engineering Strategic and Operational Planning Achieve,"IFRS/GAAP financial statement consolidation, general ledger reconciliations, internal control frameworks, audit readiness, cash flow forecasting.","Director, Finance January 2010 to Current Company Name - City , State Manage high performing global team of 48 professionals to deliver system projects for Finance, Treasury Operations, Stock, Payroll, O2C, R2R, P2P, Tax, and Technical Accounting Streamlined capital planning process and implemented CFO reports to account for $45M in capital expendi","Needs CPA Australia / CA ANZ conversion assessment, and hands-on familiarity with Australian GST, PAYG withholding, and ATO portal reporting.","Strong international foundation in IFRS and ERP systems (SAP, Oracle, Xero). Core ledger and audit competencies translate directly with minor ATO taxation localization."
AU-CAND-049,Nurul Izzah,Malaysia,Australia,Finance & Accounting,DIRECTOR OF FINANCE,DIRECTOR OF FINANCE Group (Malaysia),5,"Master of Business Administration , Business Economics/Finance State University － City , State Business Economics/Financ",221111,Accountant (General) / Financial Analyst,"Budgets, budget, business analysis, contracts, Contract Management, Financial, forecasting and financial, financial operations, functional, leadership, mentor, Office, enterprise, optimization, organizational, performanc","IFRS/GAAP financial statement consolidation, general ledger reconciliations, internal control frameworks, audit readiness, cash flow forecasting.","Jan 2007 to Jan 2010 Company Name － City , State Led multi-functional technology teams and key contributor and mentor for a PMO office with up to 80 resources; managed development of innovative software systems and applications. Directed all services, resources, and project plans for major scalable enterprise solutions supporting $1.2-billion with ","Needs CPA Australia / CA ANZ conversion assessment, and hands-on familiarity with Australian GST, PAYG withholding, and ATO portal reporting.","Strong international foundation in IFRS and ERP systems (SAP, Oracle, Xero). Core ledger and audit competencies translate directly with minor ATO taxation localization."
AU-CAND-050,Zulkhairi Idris,Malaysia,Australia,Finance & Accounting,PROGRAMME FINANCE ASSOCIATE,PROGRAMME FINANCE ASSOCIATE Group (Malaysia),10,"12 2008 BSc. Civil Engineering, Al-Fateh University, Tripoli - Libya (1997 - 2001) & University of Tripoli, Tripoli - Li",221111,Accountant (General) / Financial Analyst,and contribute to an organization that offers professional growth. Being productive and add value to the organisation through my knowledge and previous,"IFRS/GAAP financial statement consolidation, general ledger reconciliations, internal control frameworks, audit readiness, cash flow forecasting.","in managing projects according to PRINCE2 methodology. Civil engineering background. Two years experience in events organization (workshops, conferences and awareness campaigns). Highly motivated in team and individual tasks, hard working and productive worker under pressure. Practical experience of dealing with governmental and official entities. ","Needs CPA Australia / CA ANZ conversion assessment, and hands-on familiarity with Australian GST, PAYG withholding, and ATO portal reporting.","Strong international foundation in IFRS and ERP systems (SAP, Oracle, Xero). Core ledger and audit competencies translate directly with minor ATO taxation localization."
AU-CAND-051,Eileen Chong,Singapore,Australia,Finance & Accounting,VICE PRESIDENT OF MEMBERSHIP,VICE PRESIDENT OF MEMBERSHIP Group (Singapore),10,"tools, marketing supplies, and presentation materials to effectively illustrate, communicate, and sell the concepts rega",221111,Accountant (General) / Financial Analyst,"Proficient in the Moves Management Fundraising Process *Proficient in MAC OS, Windows Vista and XP, MS Office (Word, PowerPoint, Excel, Access, Project, and Outlook), Advanced Internet Skills","IFRS/GAAP financial statement consolidation, general ledger reconciliations, internal control frameworks, audit readiness, cash flow forecasting.","in different facets of Business Development, including sales, marketing, and product management. Outstanding communicator with the natural ability to build and develop strategic relationships with key contacts, including corporations, foundations, endowments, and high-net worth individuals. Proven track record securing new business. Core Qualificat","Needs CPA Australia / CA ANZ conversion assessment, and hands-on familiarity with Australian GST, PAYG withholding, and ATO portal reporting.","Strong international foundation in IFRS and ERP systems (SAP, Oracle, Xero). Core ledger and audit competencies translate directly with minor ATO taxation localization."
AU-CAND-052,Marcus Lim,Singapore,Australia,Finance & Accounting,Finance & accounting Professional,Finance & accounting Professional Group (Singapore),7,"and Training Masterof Science : Information Systems , 2016 Bowie State University － City , State 4 .0 GPA Bachelor of Sc",221111,Accountant (General) / Financial Analyst,to produce effective results. Qualifications Technical help desk,"IFRS/GAAP financial statement consolidation, general ledger reconciliations, internal control frameworks, audit readiness, cash flow forecasting.","Strong analytical skills Strong collaborative skills Document management Excellent problem solving skills Strong Communication Skills Customer needs assessment Requirements Analysis Requirements Gathering C++ Java CICS Windows Networks W-LAN Technical Support Switches, Bridges Software Development Life Cycle Systems Applications Systems Development","Needs CPA Australia / CA ANZ conversion assessment, and hands-on familiarity with Australian GST, PAYG withholding, and ATO portal reporting.","Strong international foundation in IFRS and ERP systems (SAP, Oracle, Xero). Core ledger and audit competencies translate directly with minor ATO taxation localization."
AU-CAND-053,Farhan Abdullah,Malaysia,Australia,Finance & Accounting,SENIOR ACCOUNTANT,SENIOR ACCOUNTANT Group (Malaysia),8,"and Training Master of Science : Accounting and Information Management , 2012 University of Texas at Dallas- Naveen Jind",221111,Accountant (General) / Financial Analyst,to examine issues and develop best practice solutions. Currently working towards becoming a CPA.,"IFRS/GAAP financial statement consolidation, general ledger reconciliations, internal control frameworks, audit readiness, cash flow forecasting.","delivering quality. Employed critical thinking skills to examine issues and develop best practice solutions. Currently working towards becoming a CPA. Experience Senior Accountant September 2014 to Current Company Name － City , State Founded in 2010, Panda Power Funds is a private equity firm headquartered in Dallas, Texas, which has the ability to","Needs CPA Australia / CA ANZ conversion assessment, and hands-on familiarity with Australian GST, PAYG withholding, and ATO portal reporting.","Strong international foundation in IFRS and ERP systems (SAP, Oracle, Xero). Core ledger and audit competencies translate directly with minor ATO taxation localization."
AU-CAND-054,Grace Teo,Singapore,Australia,Finance & Accounting,FINANCE MANAGER,FINANCE MANAGER Group (Singapore),15,"Business/Marketing Business/Marketing Business Administration , 1985 Coeur d'Alene High School Business/Marketing Busine",221111,Accountant (General) / Financial Analyst,and aligning it with a company that has long term success and upward mobility. Highlights Solid knowledge of financing procedures and credit options within the auto industry Ability to offer a variety of financing option,"IFRS/GAAP financial statement consolidation, general ledger reconciliations, internal control frameworks, audit readiness, cash flow forecasting.","Finance Manager , 08/2012 to Current Company Name － City , State Develop loan packages for lenders and maintain accuracy in all paperwork Analyze credit reports, verify customer employment, financial data and fiscal statements Offer vehicle financing and insurance to customers and providing them with a thorough explanation of aftermarket products, ","Needs CPA Australia / CA ANZ conversion assessment, and hands-on familiarity with Australian GST, PAYG withholding, and ATO portal reporting.","Strong international foundation in IFRS and ERP systems (SAP, Oracle, Xero). Core ledger and audit competencies translate directly with minor ATO taxation localization."
AU-CAND-055,Hafiz Hashim,Malaysia,Australia,Finance & Accounting,FINANCE MANAGER / PLANT CONTROLLER,FINANCE MANAGER / PLANT CONTROLLER Group (Malaysia),4,"Master of Accountancy , Accountancy 2011 Missouri State University Certified Public Accountant Green Belt Trained in Lea",221111,Accountant (General) / Financial Analyst,"A highly motivated and educated, goal and success orientated individual with over ten years of professional work","IFRS/GAAP financial statement consolidation, general ledger reconciliations, internal control frameworks, audit readiness, cash flow forecasting.","with high-volume manufacturers, demonstrating leadership and strong project management execution skills. Instrumental in reducing labor and overhead $2.5 million and contributing to operational goals and business profit. Strengths include financial reporting, forecasting, budgeting process and internal control. Highlights A highly motivated and edu","Needs CPA Australia / CA ANZ conversion assessment, and hands-on familiarity with Australian GST, PAYG withholding, and ATO portal reporting.","Strong international foundation in IFRS and ERP systems (SAP, Oracle, Xero). Core ledger and audit competencies translate directly with minor ATO taxation localization."
AU-CAND-056,Darren Koh,Singapore,Australia,Finance & Accounting,ACCOUNTANT,ACCOUNTANT Group (Singapore),10,"Masters of Science , Accounting May 2011 Prairie View A&M University － City , State Accounting BBA , Accounting Dec 2009",221111,Accountant (General) / Financial Analyst,"Microsoft Office : Intermediate in all the Microsoft Office components( Excel, Word, PowerPoint, Outlook and Access); Very familiar with ( Macros, V-look ups, calculating formulas and manipulating reports as well as smar","IFRS/GAAP financial statement consolidation, general ledger reconciliations, internal control frameworks, audit readiness, cash flow forecasting.","Accountant Aug 2014 to Current Company Name － City , State Analyze federal, state and private documents, including restricted and non-restricted grant contracts. Create financial models and analysis for all accounts within our department. Present monthly financial report to principal investigators to provide brief summary of their funding. Increase","Needs CPA Australia / CA ANZ conversion assessment, and hands-on familiarity with Australian GST, PAYG withholding, and ATO portal reporting.","Strong international foundation in IFRS and ERP systems (SAP, Oracle, Xero). Core ledger and audit competencies translate directly with minor ATO taxation localization."
AU-CAND-057,Liam O'Connor,United Kingdom,Australia,Finance & Accounting,ACCOUNTANT,ACCOUNTANT Group (United Kingdom),3,"Bachelor of Science : Finance 1997 Oklahoma State University City , State , United States GPA: GPA: 2.49/4 CGPA: 2.49/4 ",221111,Accountant (General) / Financial Analyst,"Advanced Microsoft Office - Excel, Word, Power Point, Accounting software - SAP Fico, SAP BPC, Hyperion, AS 400, Acc Pac, iScala AR / Credit System - CTOS, Polymath, SAP Copa Languages - Bahasa Malaysia & English Financi","IFRS/GAAP financial statement consolidation, general ledger reconciliations, internal control frameworks, audit readiness, cash flow forecasting.","applying financial and managerial accounting practices. Highlights Advanced Microsoft Office - Excel, Word, Power Point, Accounting software - SAP Fico, SAP BPC, Hyperion, AS 400, Acc Pac, iScala AR / Credit System - CTOS, Polymath, SAP Copa Languages - Bahasa Malaysia & English Financial statement analysis Budget forecasting expertise Account reco","Needs CPA Australia / CA ANZ conversion assessment, and hands-on familiarity with Australian GST, PAYG withholding, and ATO portal reporting.","Strong international foundation in IFRS and ERP systems (SAP, Oracle, Xero). Core ledger and audit competencies translate directly with minor ATO taxation localization."
AU-CAND-058,David MacLeod,United Kingdom,Australia,Finance & Accounting,FINANCE MANAGER FINANCE MANAGER,FINANCE MANAGER FINANCE MANAGER Group (United Kingdom),4,and roll out Business Associate Agreement Policy.Develop recommendations for improvement and present reports to manageme,221111,Accountant (General) / Financial Analyst,Public and private accounting Income statement certified audits Knowledge of GAAP guidelines Contract negotiation Forward-thinking mindset Strong initiative Resourcefulness Core,"IFRS/GAAP financial statement consolidation, general ledger reconciliations, internal control frameworks, audit readiness, cash flow forecasting.","January 2012 to January 2012 Finance Manager Finance Manager OPG GroupOhioHealth is a nationally recognized healthcare system of 21,000 associates, physicians andvolunteers, 17 hospitals, 20 health and surgery centers, home-health providers, medical equipmentand health service suppliers throughout a 41 county area. Facilitated monthly financial rep","Needs CPA Australia / CA ANZ conversion assessment, and hands-on familiarity with Australian GST, PAYG withholding, and ATO portal reporting.","Strong international foundation in IFRS and ERP systems (SAP, Oracle, Xero). Core ledger and audit competencies translate directly with minor ATO taxation localization."
AU-CAND-059,Fiona Gallagher,Ireland,Australia,Finance & Accounting,OPERATIONS AND FINANCE MANAGER,OPERATIONS AND FINANCE MANAGER Group (Ireland),12,"and Training MBA UNIVERSITY of OKLAHOMA City , State Master of Business Administration : Business Administration, Financ",221111,Accountant (General) / Financial Analyst,"- Proven ability to produce formal written reports with the subheadings of Table of Contents, Executive Summary, Statement of Purpose, Observations, Conclusions and Recommendations. Like reading a chapter in a textbook P","IFRS/GAAP financial statement consolidation, general ledger reconciliations, internal control frameworks, audit readiness, cash flow forecasting.","*Collections / Supervisory - Over eleven years experience Manager of Collections and Enforcement Branches supervising and managing two branches, with eleven employees, of the of the Oklahoma Turnpike Authority regarding incoming and outgoing collection calls and collection issues. Semi Annual performance appraisals. Performing RFP bids for Third Pa","Needs CPA Australia / CA ANZ conversion assessment, and hands-on familiarity with Australian GST, PAYG withholding, and ATO portal reporting.","Strong international foundation in IFRS and ERP systems (SAP, Oracle, Xero). Core ledger and audit competencies translate directly with minor ATO taxation localization."
AU-CAND-060,Oliver Wright,United Kingdom,Australia,Finance & Accounting,Finance & accounting Professional,Finance & accounting Professional Group (United Kingdom),3,"Certificate : Professional Sales , 2008 Professional Sales 1 － City , State Certificate : Business Administration , 2013",221111,Accountant (General) / Financial Analyst,"Armed Forces, Banking,Quality Coaching, competitive, credit, Customer Service, financial, goal setting, inventory, team development, managing, market trend, marketing, meetings, networking, presentations, pricing, QA, Ra","IFRS/GAAP financial statement consolidation, general ledger reconciliations, internal control frameworks, audit readiness, cash flow forecasting.","Customer Service Rep 1 Lead, Quality Assurance Coach, Account Relationship Specialist, Online Banking Rep II June 2010 to Current Company Name I started out as a Customer Service Rep 3 and worked my way to a rep 2, and then a Rep 1 before we changed the Rep system to a 1234. When doing this we answered customer calls in regards to account balances,","Needs CPA Australia / CA ANZ conversion assessment, and hands-on familiarity with Australian GST, PAYG withholding, and ATO portal reporting.","Strong international foundation in IFRS and ERP systems (SAP, Oracle, Xero). Core ledger and audit competencies translate directly with minor ATO taxation localization."
AU-CAND-061,Charlotte Davies,United Kingdom,Australia,Finance & Accounting,OPERATIONS MANAGER,OPERATIONS MANAGER Group (United Kingdom),20,in business management and human resources in order to expand on my management,221111,Accountant (General) / Financial Analyst,Quantitative analysis & metrics Account reconciliation & balancing Complex problem solving Staff leadership and development Expert in MS Office Suite Conflict resolution Strong interpersonal skills Procedure development,"IFRS/GAAP financial statement consolidation, general ledger reconciliations, internal control frameworks, audit readiness, cash flow forecasting.",and,"Needs CPA Australia / CA ANZ conversion assessment, and hands-on familiarity with Australian GST, PAYG withholding, and ATO portal reporting.","Strong international foundation in IFRS and ERP systems (SAP, Oracle, Xero). Core ledger and audit competencies translate directly with minor ATO taxation localization."
AU-CAND-062,Callum Murphy,Ireland,Australia,Finance & Accounting,MORTGAGE BANKING EXECUTIVE ANALYST,MORTGAGE BANKING EXECUTIVE ANALYST Group (Ireland),12,"San Francisco State University Bachelors of Science : Management City , State Management CAL State Hayward Bachelor of B",221111,Accountant (General) / Financial Analyst,Change management Policy/program development Cross-functional team management Staff training Supervision and training Skilled negotiator Sound judgment Computer-savvy Calm under pressure Complex problem solving Operation,"IFRS/GAAP financial statement consolidation, general ledger reconciliations, internal control frameworks, audit readiness, cash flow forecasting.","Company Name January 2009 to Current Mortgage Banking Executive Analyst City , State Responsible for escalated issues and problem solving providing support by answering inquiries for Internal and External Partners, Senior Management and Third Party Customers relating delinquent mortgage accounts with the intent to bring delinquent accounts current.","Needs CPA Australia / CA ANZ conversion assessment, and hands-on familiarity with Australian GST, PAYG withholding, and ATO portal reporting.","Strong international foundation in IFRS and ERP systems (SAP, Oracle, Xero). Core ledger and audit competencies translate directly with minor ATO taxation localization."
AU-CAND-063,Sophie Turner,United Kingdom,Australia,Finance & Accounting,Finance & accounting Professional,Finance & accounting Professional Group (United Kingdom),7,and Training Texas A&M Commerce December 2017 Masters of Science : Accounting Baylor University Accounting GPA: 3.58 Aug,221111,Accountant (General) / Financial Analyst,"account reconciliations, accounting system, accounts payable, process payroll, spreadsheets Additional Information Buffalo Creek Golf Club, Rockwall, TX May 2012-August 2012 Maintain golf carts and driving range Activiti","IFRS/GAAP financial statement consolidation, general ledger reconciliations, internal control frameworks, audit readiness, cash flow forecasting.","03/2016 to 03/2018 Accountant Company Name － City , State Reconcile bank accounts daily Process accounts payable Maintain general ledgers Create and modify existing Excel documents Maintain and process payroll Maintain accounting system Perform month-end procedures and account reconciliations Create and modify existing journal entries Perform accou","Needs CPA Australia / CA ANZ conversion assessment, and hands-on familiarity with Australian GST, PAYG withholding, and ATO portal reporting.","Strong international foundation in IFRS and ERP systems (SAP, Oracle, Xero). Core ledger and audit competencies translate directly with minor ATO taxation localization."
AU-CAND-064,Jack Robinson,United Kingdom,Australia,Finance & Accounting,ACCOUNTANT,ACCOUNTANT Group (United Kingdom),9,Accounting Phoenix University/US-Florida-Miami Accounting - Present 2003 Sheridan Technical Center/US-Florida-Miami Cert,221111,Accountant (General) / Financial Analyst,"Windows XP, Microsoft Office (Outlook, Excel, Word), QuickBooks Enterprise 17.0, Timberline, File Maker, POS.","IFRS/GAAP financial statement consolidation, general ledger reconciliations, internal control frameworks, audit readiness, cash flow forecasting.","in positions of increasing responsibility in dynamic entertainment companies. Skilled at training staff in Accounts Payable and Receivable and Payroll functions and creating effective teams. Highlights Windows XP, Microsoft Office (Outlook, Excel, Word), QuickBooks Enterprise 17.0, Timberline, File Maker, POS. Accomplishments General Ledger Account","Needs CPA Australia / CA ANZ conversion assessment, and hands-on familiarity with Australian GST, PAYG withholding, and ATO portal reporting.","Strong international foundation in IFRS and ERP systems (SAP, Oracle, Xero). Core ledger and audit competencies translate directly with minor ATO taxation localization."
AU-CAND-065,Emma Walsh,Ireland,Australia,Finance & Accounting,Finance & accounting Professional,Finance & accounting Professional Group (Ireland),10,Villanova University - Six Sigma Green Belt Certification 2010 Advanced Project Management Certification and Project Man,221111,Accountant (General) / Financial Analyst,"Advanced Microsoft Office including Visio, MS Project, PowerPoint and Adobe Creative Suite SharePoint, Citrix, Live Meeting and WebEx Expertise Advanced Project Management and Implementation Written, Verbal and Interpers","IFRS/GAAP financial statement consolidation, general ledger reconciliations, internal control frameworks, audit readiness, cash flow forecasting.","On-Time Goal Achievements of 95% Proficiency Rate Experience Marketing and Corporate Communications/Merchant Services Transition - Communications Project Manager - Contractor 05/2012 to Current Company Name City , State Manage, write, and edit external client communications and content to meet transactional needs of multiple business merchants. Als","Needs CPA Australia / CA ANZ conversion assessment, and hands-on familiarity with Australian GST, PAYG withholding, and ATO portal reporting.","Strong international foundation in IFRS and ERP systems (SAP, Oracle, Xero). Core ledger and audit competencies translate directly with minor ATO taxation localization."
AU-CAND-066,George Evans,United Kingdom,Australia,Finance & Accounting,FINANCE OFFICE ASSOCIATE,FINANCE OFFICE ASSOCIATE Group (United Kingdom),5,"12/2020 Master of Science : Finance Webster University - City , State 12/2020 MBA Webster University - City , State 07/2",221111,Accountant (General) / Financial Analyst,"in office operations with top-notch handling of office communications, logistics and records. In the banking and accounting industry, focused on balancing customer needs and relations while ensuring bank security regulat","IFRS/GAAP financial statement consolidation, general ledger reconciliations, internal control frameworks, audit readiness, cash flow forecasting.","within the bank's finance, credit risk, commercial lending, consumer lending, mortgage lending, operations, and strategy departments. Engaged colleagues as an efficient branch operational team, balanced daily work, and studied monthly financials. Performed teller functions in accordance with established bank policies, procedures and regulations.","Needs CPA Australia / CA ANZ conversion assessment, and hands-on familiarity with Australian GST, PAYG withholding, and ATO portal reporting.","Strong international foundation in IFRS and ERP systems (SAP, Oracle, Xero). Core ledger and audit competencies translate directly with minor ATO taxation localization."
AU-CAND-067,Johan van der Merwe,South Africa,Australia,Finance & Accounting,ACCOUNTANT,ACCOUNTANT Group (South Africa),9,"Master of Business Administration : Accounting , 1 2013 LEWIS UNIVERSITY - City , State GPA: Cum laude Accounting Cum la",221111,Accountant (General) / Financial Analyst,"Work History 01/2014 to Current Company Name – City , State A full service accounting firm, services include assistance in all tax and business affairs. Compile and analyze financial information to prepare financial stat","IFRS/GAAP financial statement consolidation, general ledger reconciliations, internal control frameworks, audit readiness, cash flow forecasting.","in all aspects of financial reporting, accruals, and managerial cost accounting, reporting systems, operational analysis, and human resources functions through the acceptance of expanded responsibilities after exceptional performance. Knowledge of Accounting theory, principles, practices, and regulations, including: FASB/GAAP and SOX compliance. CP","Needs CPA Australia / CA ANZ conversion assessment, and hands-on familiarity with Australian GST, PAYG withholding, and ATO portal reporting.","Strong international foundation in IFRS and ERP systems (SAP, Oracle, Xero). Core ledger and audit competencies translate directly with minor ATO taxation localization."
AU-CAND-068,Sipho Ndlovu,South Africa,Australia,Finance & Accounting,FINANCE MANAGER,FINANCE MANAGER Group (South Africa),9,Bachelor of Commerce : 2004 Calcutta University － City Accomplishments Current Organization : RICOH India Limited Curren,221111,Accountant (General) / Financial Analyst,"Well versed with Windows Operating System, Microsoft Office, Internet Operations, Oracle ERP, SAP & Tally Date : Signature :","IFRS/GAAP financial statement consolidation, general ledger reconciliations, internal control frameworks, audit readiness, cash flow forecasting.","Finance Manager January 2012 Company Name － City RICOH India Ltd is 73.6% Owned subsidiary company of Japan base RICOH Co. Ltd. They are basically deals with manufacturing and installing office automation equipment like multifunctional printer, copier, fax etc. They have 14 branches and 230 dealers in all over India. with average sales revenue 10 b","Needs CPA Australia / CA ANZ conversion assessment, and hands-on familiarity with Australian GST, PAYG withholding, and ATO portal reporting.","Strong international foundation in IFRS and ERP systems (SAP, Oracle, Xero). Core ledger and audit competencies translate directly with minor ATO taxation localization."
AU-CAND-069,Chantal Du Preez,South Africa,Australia,Finance & Accounting,ACCOUNTANT,ACCOUNTANT Group (South Africa),8,"MBA Degree , Business Administration Foundation for Academic Excellence, Ethiopia Completed 29 credits Business Administ",221111,Accountant (General) / Financial Analyst,General Ledger Accounting Balance sheet account reconciliation Bank & Office Account reconciliation Financial data analysis Financial Statements & Audit Support Generate various reports Adjusting entries and periodic clo,"IFRS/GAAP financial statement consolidation, general ledger reconciliations, internal control frameworks, audit readiness, cash flow forecasting.","with profit making ,non for profit and non-governmental organizations (NGOs). Possess solid knowledge of GAAP, GASB and IFRS. Proficient in automated systems: such as QuickBooks, Sun system and Peachtree Accounting. Core Qualifications General Ledger Accounting Balance sheet account reconciliation Bank & Office Account reconciliation Financial data","Needs CPA Australia / CA ANZ conversion assessment, and hands-on familiarity with Australian GST, PAYG withholding, and ATO portal reporting.","Strong international foundation in IFRS and ERP systems (SAP, Oracle, Xero). Core ledger and audit competencies translate directly with minor ATO taxation localization."
AU-CAND-070,Themba Khumalo,South Africa,Australia,Finance & Accounting,FINANCE BUSINESS PARTNER,FINANCE BUSINESS PARTNER Group (South Africa),9,"Cultural Exchange Program : 7 1996 MONTCLAIR STATE UNIVERSITY － City , State , United State Master of Business Administr",221111,Accountant (General) / Financial Analyst,"Strategic and financial planning expert SOX Compliance Oracle ERP (Enterprise Resource Planning), and Hyperion Planning software Financial planning and forecasting, Data analysis Customer relations Data trending and Proj","IFRS/GAAP financial statement consolidation, general ledger reconciliations, internal control frameworks, audit readiness, cash flow forecasting.","Finance Business Partner November 2009 to Current Company Name － City , State Responsible for financial planning of 5 - 6 corporate functions (Center of Excellence), including budgeting, forecasting, variance analysis, reporting with relevant analytics. Monthly financial review and recommend cost management. Responsible for completing financial and","Needs CPA Australia / CA ANZ conversion assessment, and hands-on familiarity with Australian GST, PAYG withholding, and ATO portal reporting.","Strong international foundation in IFRS and ERP systems (SAP, Oracle, Xero). Core ledger and audit competencies translate directly with minor ATO taxation localization."
AU-CAND-071,Anriette Botha,South Africa,Australia,Finance & Accounting,Finance & accounting Professional,Finance & accounting Professional Group (South Africa),5,"Master of Science : Computer Engineering , 2016 University of Missouri-Columbia － City , State , USA Graduate Research A",221111,Accountant (General) / Financial Analyst,"Programming Language: C/C++, Python, MATLAB, SQL, R, LUA, VBA Machine Learning: Supervised Learning, Unsupervised Learning, Deep Neural Networks Finance: Corporate Banking, Financial Forecasting, Financial Analysis Langu","IFRS/GAAP financial statement consolidation, general ledger reconciliations, internal control frameworks, audit readiness, cash flow forecasting.","of assisting in the development and upgrading of database systems and analytical techniques. A quick learner who can absorb new ideas and can communicate clearly and effectively. Skills Programming Language: C/C++, Python, MATLAB, SQL, R, LUA, VBA Machine Learning: Supervised Learning, Unsupervised Learning, Deep Neural Networks Finance: Corporate ","Needs CPA Australia / CA ANZ conversion assessment, and hands-on familiarity with Australian GST, PAYG withholding, and ATO portal reporting.","Strong international foundation in IFRS and ERP systems (SAP, Oracle, Xero). Core ledger and audit competencies translate directly with minor ATO taxation localization."
AU-CAND-072,Lwazi Dlamini,South Africa,Australia,Finance & Accounting,FINANCE COORDINATOR,FINANCE COORDINATOR Group (South Africa),8,"2008 GED : HS Equivalence Diploma HS for Humanities － City , State − High School Equivalence Diploma, HS for Humanities ",221111,Accountant (General) / Financial Analyst,Accounting systems assessment Account reconciliations Budget analysis General and tax accounting Accounts receivable professional Fiscal budgeting knowledge Invoice coding familiarity Strong communication skills General,"IFRS/GAAP financial statement consolidation, general ledger reconciliations, internal control frameworks, audit readiness, cash flow forecasting.","06/2010 to Current Finance Coordinator Company Name Responsible for the preparation of bi-weekly payroll including retirement plans, termination, union dues as well as resolving insurance issues and deductions for 30+ employees using the Paychex system. Maintained and entered time-keeping data for collected bi-weekly timesheets into Paychex Time an","Needs CPA Australia / CA ANZ conversion assessment, and hands-on familiarity with Australian GST, PAYG withholding, and ATO portal reporting.","Strong international foundation in IFRS and ERP systems (SAP, Oracle, Xero). Core ledger and audit competencies translate directly with minor ATO taxation localization."
AU-CAND-073,Pieter Joubert,South Africa,Australia,Finance & Accounting,ACCOUNTANT,ACCOUNTANT Group (South Africa),12,"and Training Master of Science : Education , 2003 CALIFORNIA STATE UNIVERISTY, HAYWARD － City , State GPA: GPA: 4.0 Educ",221111,Accountant (General) / Financial Analyst,Microsoft Office Suite *VideoScribe Software *PeopleSoft Finance Applications,"IFRS/GAAP financial statement consolidation, general ledger reconciliations, internal control frameworks, audit readiness, cash flow forecasting.","and proven success in program and project management, online and instructor led design, development and facilitation. Outstanding problem-solving skills, as proven through implementation of accounting software packages, significantly improving billing and reporting processes. Excellent management skills, encouraging career growth of subordinates th","Needs CPA Australia / CA ANZ conversion assessment, and hands-on familiarity with Australian GST, PAYG withholding, and ATO portal reporting.","Strong international foundation in IFRS and ERP systems (SAP, Oracle, Xero). Core ledger and audit competencies translate directly with minor ATO taxation localization."
AU-CAND-074,Naledi Molefe,South Africa,Australia,Finance & Accounting,ACCOUNTANT,ACCOUNTANT Group (South Africa),8,MBA (Finance and IT) *B.Com(Mgt Hons) Technical Qualifications *SAP FI Module Diploma : Computer Application Computer Ap,221111,Accountant (General) / Financial Analyst,Account reconciliation expert General ledger accounting working on SAP tool and HFM Account payable Specialist Auditing Expert in customer relations Flexible team player Compliance testing knowledge,"IFRS/GAAP financial statement consolidation, general ledger reconciliations, internal control frameworks, audit readiness, cash flow forecasting.","with Financial Statements audits, reviews, compilations and audits for Governmental organizations (A-133). Maintained accurate accounts including cash, inventory, prepaid, fixed assets, accounts payable, accrued expenses and line of credit transactions. Researched and resolved billing problems that had been previously missed.Reduced the open invoic","Needs CPA Australia / CA ANZ conversion assessment, and hands-on familiarity with Australian GST, PAYG withholding, and ATO portal reporting.","Strong international foundation in IFRS and ERP systems (SAP, Oracle, Xero). Core ledger and audit competencies translate directly with minor ATO taxation localization."
AU-CAND-075,Camila Silva,Brazil,Australia,Finance & Accounting,"MANAGER, FINANCE","MANAGER, FINANCE Group (Brazil)",15,"Bachelor of Science , Business Administration Accounting and Finance The Ohio State University － City , State Business A",221111,Accountant (General) / Financial Analyst,Budget Preparation Variance analysis Forecasting & Cash Flow Analysis Financial reporting Superior time management Management & Supervision Proficient in Prophix General ledger accounting aptitude Certified Public Financ,"IFRS/GAAP financial statement consolidation, general ledger reconciliations, internal control frameworks, audit readiness, cash flow forecasting.","of success in financial analysis, budget preparation and financial reporting. Very detail oriented and experienced in grant management, general ledger reconciliation, management and team- building skills. Highlights Budget Preparation Variance analysis Forecasting & Cash Flow Analysis Financial reporting Superior time management Management & Superv","Needs CPA Australia / CA ANZ conversion assessment, and hands-on familiarity with Australian GST, PAYG withholding, and ATO portal reporting.","Strong international foundation in IFRS and ERP systems (SAP, Oracle, Xero). Core ledger and audit competencies translate directly with minor ATO taxation localization."
AU-CAND-076,Lucas Rossi,Brazil,Australia,Finance & Accounting,ASSISTANT ACCOUNTANT,ASSISTANT ACCOUNTANT Group (Brazil),10,"grants payments, travel claim, to ensure correctness of disbursements and adherence to relevant staff rules, financial r",221111,Accountant (General) / Financial Analyst,Financial Management Financial Performance assessment Financial Planning Accounting Compliance/Auditing/Assurance Cash Management Budgeting Financial Reporting Cash Flow Statements Business consultant/Advisor Business Ma,"IFRS/GAAP financial statement consolidation, general ledger reconciliations, internal control frameworks, audit readiness, cash flow forecasting.",Skills Financial Management Financial Performance assessment Financial Planning Accounting Compliance/Auditing/Assurance Cash Management Budgeting Financial Reporting Cash Flow Statements Business consultant/Advisor Business Management Accomplishments High Integrity. Good sense of customer care. Good judgment and decision-making skills ACHIVEMENTS.,"Needs CPA Australia / CA ANZ conversion assessment, and hands-on familiarity with Australian GST, PAYG withholding, and ATO portal reporting.","Strong international foundation in IFRS and ERP systems (SAP, Oracle, Xero). Core ledger and audit competencies translate directly with minor ATO taxation localization."
AU-CAND-077,Mariana Costa,Brazil,Australia,Finance & Accounting,ACCOUNTANT,ACCOUNTANT Group (Brazil),10,"and Training 1974 B.S : Business Administration Accounting University of Cincinnati － City , State Business Administrati",221111,Accountant (General) / Financial Analyst,"accounting, CPA, local area network, Peachtree Accounting, Reporting, Web site Additional Information Interests Annapolis Amblers Walking Club, President &Trailmaster, Maryland Volkssport Assn, President, Chesapeake Civi","IFRS/GAAP financial statement consolidation, general ledger reconciliations, internal control frameworks, audit readiness, cash flow forecasting.","01/2009 to Current Accountant Company Name － City , State Hired by their CPA firm to handle all accounting and job cost Reporting. 01/2007 to 01/2009 Accountant Company Name － City , State Hired by their CPA firm to handle all accounting functions.. 01/1997 to 01/2007 Accountant Company Name － City , State Installed new Peachtree Accounting System.","Needs CPA Australia / CA ANZ conversion assessment, and hands-on familiarity with Australian GST, PAYG withholding, and ATO portal reporting.","Strong international foundation in IFRS and ERP systems (SAP, Oracle, Xero). Core ledger and audit competencies translate directly with minor ATO taxation localization."
AU-CAND-078,Mateo Fernandez,Argentina,Australia,Finance & Accounting,ACCOUNTANT,ACCOUNTANT Group (Argentina),9,"Bachelor of Science : Accounting and Finance , 03/2020 Oakland University - City Dean's List January 2020 Associate : Ac",221111,Accountant (General) / Financial Analyst,"Microsoft Office Account Reconciliation Processes Financial statements Interpersonal, active-listening, and critical thinking skills Proficient in Polish language Data Entry Superior analytical skills General ledger prof","IFRS/GAAP financial statement consolidation, general ledger reconciliations, internal control frameworks, audit readiness, cash flow forecasting.","ess needs. Systematic and well-organized with strong attention to detail, mathematical acumen and GAAP knowledge. Skills Microsoft Office Account Reconciliation Processes Financial statements Interpersonal, active-listening, and critical thinking skills Proficient in Polish language Data Entry Superior analytical skills General ledger proficiency A","Needs CPA Australia / CA ANZ conversion assessment, and hands-on familiarity with Australian GST, PAYG withholding, and ATO portal reporting.","Strong international foundation in IFRS and ERP systems (SAP, Oracle, Xero). Core ledger and audit competencies translate directly with minor ATO taxation localization."
AU-CAND-079,Gabriel Santos,Brazil,Australia,Finance & Accounting,ACCOUNTANT,ACCOUNTANT Group (Brazil),10,"Pursuing Certified Public Accountant (CPA), Boston, MA CPA Candidate University of Mumbai － State , India Mar'11 LLB : L",221111,Accountant (General) / Financial Analyst,"MS Office (Excel, Word, PowerPoint), SAP R/3, Adobe Reader, QuickBooks, Lacerte, Prosystems & Tax base Accounts Payable Processes & Management Invoices/Expense Reports/Payment Transactions Corporate Accounting & Bookkeep","IFRS/GAAP financial statement consolidation, general ledger reconciliations, internal control frameworks, audit readiness, cash flow forecasting.","09/2014 to Current Accountant Company Name Working for all Clients in USA Implemented Quickbooks Accounting v. 2013 and 2016 for all the Companies including but not limited to chart of accounts. Implemented Quicbooks payroll v.2016 from scratch Working on processing of journal entries, accounts payable & receivables using Prosystems software. Bookk","Needs CPA Australia / CA ANZ conversion assessment, and hands-on familiarity with Australian GST, PAYG withholding, and ATO portal reporting.","Strong international foundation in IFRS and ERP systems (SAP, Oracle, Xero). Core ledger and audit competencies translate directly with minor ATO taxation localization."
AU-CAND-080,Valeria Morales,Chile,Australia,Finance & Accounting,FINANCE DIRECTOR,FINANCE DIRECTOR Group (Chile),8,"2015 Bachelor of Arts : Journalism Southern Illinois University － City , State , US 2012 Associate of Arts : Creative Wr",221111,Accountant (General) / Financial Analyst,Creative Writing Public Speaking Social Media Savvy Event Planning,"IFRS/GAAP financial statement consolidation, general ledger reconciliations, internal control frameworks, audit readiness, cash flow forecasting.","Advocate , Sisters Interacting Successfully August '12 -'14 Center of Inclusive Excellence, Southern Illinois University Mentor minority freshman women through their first year at the University Create programming that would aid in the esteem and retention of SIS participants Liaison between first year students and resources on campus. Vice Preside","Needs CPA Australia / CA ANZ conversion assessment, and hands-on familiarity with Australian GST, PAYG withholding, and ATO portal reporting.","Strong international foundation in IFRS and ERP systems (SAP, Oracle, Xero). Core ledger and audit competencies translate directly with minor ATO taxation localization."
AU-CAND-081,Minh Tuan Nguyen (81),Vietnam,Australia,Marketing & Communications,DIGITAL CONTENT EDITOR,DIGITAL CONTENT EDITOR Group (Vietnam),9,"and Training Bachelor of Arts : Journalism 12/2009 INDIANA UNIVERSITY City , State Activities and Honors First Place, Aw",225113,Marketing Specialist / Communications Manager,"Cross-functional leadership, Project management, Quality control, Process improvement, Workflow optimization","Omnichannel campaign strategy, stakeholder relations, brand narrative positioning, digital performance marketing, crisis PR management.","in print and digital magazine, corporate communications and project management, I have traversed the fields of journalism to help me grow as storyteller, communicator and leader. Combining these skills with my life experiences, I strive to give people a voice. This goal became clearer to me after working for international magazine the last three ye","Needs acclimatization to the Australian cultural consumer landscape, local Australian media networks, and ACMA spam/privacy compliance regulations.","Global multi-channel campaign architectures, marketing automation, and performance measurement frameworks apply universally across tier-1 English-speaking markets."
AU-CAND-082,Thao My Le (82),Vietnam,Australia,Marketing & Communications,"GLOBAL SR. MANAGER, PAID MEDIA","GLOBAL SR. MANAGER, PAID MEDIA Group (Vietnam)",13,"Masters of Business Administration : International Marketing Georgia State University , City , State , USA International",225113,Marketing Specialist / Communications Manager,Digital Marketing Social Media Marketing Lead Generation Brand Managemen Online Advertising Search Engine Marketing Product Marketing Strategic & Tactical Planning Storytelling Content Creation Product Messaging Mobile M,"Omnichannel campaign strategy, stakeholder relations, brand narrative positioning, digital performance marketing, crisis PR management.","Company Name City , State Global Sr. Manager, Paid Media 04/2014 Pioneers Rackspace's paid marketing initiatives to drive lead generation and eCommerce conversion through customer engagement Develops strategy for enterprise, mid-market and SMB marketing plans to ensure digital programs contribute to business growth Manages annual budgets of $6M acr","Needs acclimatization to the Australian cultural consumer landscape, local Australian media networks, and ACMA spam/privacy compliance regulations.","Global multi-channel campaign architectures, marketing automation, and performance measurement frameworks apply universally across tier-1 English-speaking markets."
AU-CAND-083,Bao Hoang (83),Vietnam,Australia,Marketing & Communications,IMPLEMENTATION CONSULTANT,IMPLEMENTATION CONSULTANT Group (Vietnam),6,and Training 2010 Completed coursework for,225113,Marketing Specialist / Communications Manager,"InDesign, Quark XPress, Acrobat, Photoshop, Illustrator, Freehand, Pagemaker, Microsoft Word, Publisher, Excel, Power Point, Pitstop, Quite a Box of Tricks, Fetch and Asura.","Omnichannel campaign strategy, stakeholder relations, brand narrative positioning, digital performance marketing, crisis PR management.","11/2013 to Current implementation consultant Company Name Certified trainer in Salesforce Marketing Cloud, experienced in training external client teams on various components of Salesforce Marketing Cloud, either virtually or in person. Knowledgeable in Salesforce Marketing Cloud components including Email Studio, Marketing Cloud Connect integratio","Needs acclimatization to the Australian cultural consumer landscape, local Australian media networks, and ACMA spam/privacy compliance regulations.","Global multi-channel campaign architectures, marketing automation, and performance measurement frameworks apply universally across tier-1 English-speaking markets."
AU-CAND-084,Huyen My Dang (84),Vietnam,Australia,Marketing & Communications,PUBLIC RELATIONS MANAGER,PUBLIC RELATIONS MANAGER Group (Vietnam),7,"2012 De Anza College, Marketing Management Certificate 2005 Associates : Art San Jose City College Art Interests Running",225113,Marketing Specialist / Communications Manager,"Microsoft Word, Microsoft Excel, Microsoft Outlook, Microsoft PowerPoint, Adobe Photoshop, Adobe Illustrator, WordPress, Salesforce, MailChimp and Basecamp.","Omnichannel campaign strategy, stakeholder relations, brand narrative positioning, digital performance marketing, crisis PR management.","08/2014 to Current Public Relations Manager Brother Grand is a California based duo that blends psychedelic-folk rock with a twist of film-score soul. Manage media relations with local and national press, create press releases, invite and host press to events. Create marketing materials, such as press one-sheet, social network flyers and monthly ne","Needs acclimatization to the Australian cultural consumer landscape, local Australian media networks, and ACMA spam/privacy compliance regulations.","Global multi-channel campaign architectures, marketing automation, and performance measurement frameworks apply universally across tier-1 English-speaking markets."
AU-CAND-085,Duc Anh Pham (85),Vietnam,Australia,Marketing & Communications,PUBLIC RELATIONS ASSISTANT,PUBLIC RELATIONS ASSISTANT Group (Vietnam),5,"MBA : Social Media Marketing , 2014 Rutgers University Social Media Marketing Bachelor of Arts Degree : 2011 Public Rela",225113,Marketing Specialist / Communications Manager,"Public Relations, Marketing, Event Planning and Social Media (Facebook, Twitter, Instagram, LinkedIn, Pinterest & Google+) *Microsoft Office: Excel, Word, Power Point and Publisher Systems: Raiser's Edge and POD","Omnichannel campaign strategy, stakeholder relations, brand narrative positioning, digital performance marketing, crisis PR management.","Public Relations Assistant July 2013 to Current Company Name － City , State Interface with public relations agency daily to assist with media requests in a timely manner. Coordinate interviews between reporters, Renfrew staff and Renfrew alumni. Staff media shoots and serve as liaison between journalists and Renfrew staff. Formulate press releases,","Needs acclimatization to the Australian cultural consumer landscape, local Australian media networks, and ACMA spam/privacy compliance regulations.","Global multi-channel campaign architectures, marketing automation, and performance measurement frameworks apply universally across tier-1 English-speaking markets."
AU-CAND-086,Quynh Chi Tran (86),Vietnam,Australia,Marketing & Communications,TECHNICAL PROJECT MANAGER,TECHNICAL PROJECT MANAGER Group (Vietnam),5,Bachelor's Degree in related discipline,225113,Marketing Specialist / Communications Manager,Project Management (Including Agile Methodologies) 2.5 Years of WorkFront,"Omnichannel campaign strategy, stakeholder relations, brand narrative positioning, digital performance marketing, crisis PR management.","(As well as JIRA, Trello, Slack, and others) ​Javascript, PhP, Html/Css, VBA, Multiple libraries (Jquery, Angular, etc.) Marketing Strategy for audience definition and strategy to tactics mapping Microsoft Office, with high proficiency in Microsoft Excel Adobe Analytics Implementation and Measurement Proficiency Capable of writing User Research scr","Needs acclimatization to the Australian cultural consumer landscape, local Australian media networks, and ACMA spam/privacy compliance regulations.","Global multi-channel campaign architectures, marketing automation, and performance measurement frameworks apply universally across tier-1 English-speaking markets."
AU-CAND-087,Hoang Nam Vu (87),Vietnam,Australia,Marketing & Communications,Marketing & communications Professional,Marketing & communications Professional Group (Vietnam),6,"2015 Bachelor of Arts : Psychology, Corporate Strategy Vanderbilt University － City , State Cumulative Grade Point Avera",225113,Marketing Specialist / Communications Manager,"General Software Proficiency: Microsoft Office, Microsoft Works, Microsoft Customer Relationship Management System, Microsoft Publisher Creative Design and Media Proficiency: Adobe Photoshop, Adobe Illustrator, Pro Tools","Omnichannel campaign strategy, stakeholder relations, brand narrative positioning, digital performance marketing, crisis PR management.","06/2013 to 08/2013 Digital Marketing Intern Company Name － City , State Executing and overseeing corporate digital marketing campaign through various platforms including company Twitter and Linkedin pages. Updating company web media using Sitecore Web Content Management system. Working with corporate marketing consultants to determine appropriate c","Needs acclimatization to the Australian cultural consumer landscape, local Australian media networks, and ACMA spam/privacy compliance regulations.","Global multi-channel campaign architectures, marketing automation, and performance measurement frameworks apply universally across tier-1 English-speaking markets."
AU-CAND-088,Phuong Linh Do (88),Vietnam,Australia,Marketing & Communications,Marketing & communications Professional,Marketing & communications Professional Group (Vietnam),2,"2008 Bachelor of Arts and Sciences : Psychology Sociology and French Studies UNIVERSITY OF PORTLAND － City , State , Fra",225113,Marketing Specialist / Communications Manager,"*Track record of successfully being able to manage multiple projects, with multiple deadlines, for multiple owners *High attention to detail and organizational skills *Demonstrated integrity, maturity, professionalism, a","Omnichannel campaign strategy, stakeholder relations, brand narrative positioning, digital performance marketing, crisis PR management.","in a Human Resources, Recruiting or Administrative role *1-2 years experience working with an ATS, Jobvite preferred *Basic understanding of the recruiting world - the tools, processes and data that drive talent acquisition *Passion for driving a best-in-class candidate experience *Ability to maintain confidentiality *Demonstrated success at develo","Needs acclimatization to the Australian cultural consumer landscape, local Australian media networks, and ACMA spam/privacy compliance regulations.","Global multi-channel campaign architectures, marketing automation, and performance measurement frameworks apply universally across tier-1 English-speaking markets."
AU-CAND-089,Quoc Huy Trinh (89),Vietnam,Australia,Marketing & Communications,DIGITAL CONSULTANT,DIGITAL CONSULTANT Group (Vietnam),8,"and Training BA : Theater Arts Philosophy , 1995 California State University － State Theater Arts Philosophy Certificate",225113,Marketing Specialist / Communications Manager,Strong analytical skills Strong collaborative skills Mobile application development Market Research and Analysis Product Development and Launch Strategic Alliances,"Omnichannel campaign strategy, stakeholder relations, brand narrative positioning, digital performance marketing, crisis PR management.","Digital Consultant , 11/2013 to Current Company Name － City , State Business Innovator that lead our team to deliver CEO Mobile Extension for Apple Watch within 4 weeks using only BAU funds. Developed and lead PoT for AI modeling for specific financial use cases. Lead the Apple Watch team to develop and deliver Apple Watch and Mobile Bio Metrics De","Needs acclimatization to the Australian cultural consumer landscape, local Australian media networks, and ACMA spam/privacy compliance regulations.","Global multi-channel campaign architectures, marketing automation, and performance measurement frameworks apply universally across tier-1 English-speaking markets."
AU-CAND-090,Thu Hang Ngo (90),Vietnam,Australia,Marketing & Communications,PUBLIC RELATIONS MANAGER,PUBLIC RELATIONS MANAGER Group (Vietnam),5,"Bachelor of Science , Marketing Communications East Tennesse State University － City , State Master of Science , Communi",225113,Marketing Specialist / Communications Manager,"Projet management, Change management, writing skills","Omnichannel campaign strategy, stakeholder relations, brand narrative positioning, digital performance marketing, crisis PR management.","Public Relations Manager May 2009 to Mar 2012 Company Name － City , State Organizing events for the employees (celebrations, trainings, meetings) Promoting Internships : Internal and External communication Officer at La Poste regional Direction in Marseille, from June to December 2008 : Organizing events for the employees (celebrations, trainings, ","Needs acclimatization to the Australian cultural consumer landscape, local Australian media networks, and ACMA spam/privacy compliance regulations.","Global multi-channel campaign architectures, marketing automation, and performance measurement frameworks apply universally across tier-1 English-speaking markets."
AU-CAND-091,Tuan Kiet Vo (91),Vietnam,Australia,Marketing & Communications,DIGITAL MARKETING DIRECTOR,DIGITAL MARKETING DIRECTOR Group (Vietnam),4,MBA : Social Innovation San Francisco State University Social Innovation Still in progress: Educational goal is to focus,225113,Marketing Specialist / Communications Manager,and business decision-making capability. Excelled in classes with practical,"Omnichannel campaign strategy, stakeholder relations, brand narrative positioning, digital performance marketing, crisis PR management.","Digital Marketing Director January 2014 to January 2015 Company Name event software) and Danish American Chamber of Commerce Northern CA (Non-profit Implementing new communications strategies web analytics for their Event software Reconstructed Web-site content, SEO & SEM* optimization with Social media integration between Facebook / Linkedin / Twi","Needs acclimatization to the Australian cultural consumer landscape, local Australian media networks, and ACMA spam/privacy compliance regulations.","Global multi-channel campaign architectures, marketing automation, and performance measurement frameworks apply universally across tier-1 English-speaking markets."
AU-CAND-092,Mai Anh Duong (92),Vietnam,Australia,Marketing & Communications,DIGITAL MEDIA BUYER,DIGITAL MEDIA BUYER Group (Vietnam),8,clients' paid social media and paid search accounts across multiple platforms. Effectively budgeted and managed over $50,225113,Marketing Specialist / Communications Manager,"Pay Per Click (PPC) Google Adwords Google Analytics Content Marketing Social Media Marketing - Facebook, LinkedIn, Instagram ROI Reports MS Office - Excel, Word, Powerpoint, Outlook PPC Bid Management Lead Generation Mob","Omnichannel campaign strategy, stakeholder relations, brand narrative positioning, digital performance marketing, crisis PR management.","Company Name City , State Digital Media Buyer 03/2016 to Current Oversees and co-manages PPC campaigns across multiple search engine platforms for three beauty school directory websites. Creates, implements, and manages all organic social profiles and paid social campaigns (Facebook, Instagram, Twitter, Pinterest, etc.) strategies for beauty school","Needs acclimatization to the Australian cultural consumer landscape, local Australian media networks, and ACMA spam/privacy compliance regulations.","Global multi-channel campaign architectures, marketing automation, and performance measurement frameworks apply universally across tier-1 English-speaking markets."
AU-CAND-093,Dinh Trong Phan (93),Vietnam,Australia,Marketing & Communications,OWNER/CONSULTANT,OWNER/CONSULTANT Group (Vietnam),10,"Bachelor of Arts : Communications Public relations and writing , August, 1993 University of Missouri － City , State Comm",225113,Marketing Specialist / Communications Manager,"Cross-functional leadership, Project management, Quality control, Process improvement, Workflow optimization","Omnichannel campaign strategy, stakeholder relations, brand narrative positioning, digital performance marketing, crisis PR management.","in the hospitality, music, family, biotech and non-profit industries. Highlights Experience Owner/Consultant August 2006 to Current Company Name － City , State Develop and implement public relations plans and strategies for top consumer brands and gain major local and national exposure for clients. Clients have included the First Annual La Costa Fi","Needs acclimatization to the Australian cultural consumer landscape, local Australian media networks, and ACMA spam/privacy compliance regulations.","Global multi-channel campaign architectures, marketing automation, and performance measurement frameworks apply universally across tier-1 English-speaking markets."
AU-CAND-094,Ngoc Bich Ha (94),Vietnam,Australia,Marketing & Communications,SENIOR DIGITAL MARKETING SPECIALIST,SENIOR DIGITAL MARKETING SPECIALIST Group (Vietnam),10,"2002 Bachelor of Science : Mass Communications St. Cloud State University － City , State",225113,Marketing Specialist / Communications Manager,Excellent written and verbal communicator Superb time management skills Cross-functional team leadership Focused and driven Skilled multi-tasker Results-oriented Deadline-driven Self-directed Detail-oriented Customer ser,"Omnichannel campaign strategy, stakeholder relations, brand narrative positioning, digital performance marketing, crisis PR management.","(UX) design principles, Content management systems (CMS) HTML and CSS knowledge Account management Digital Marketing Search Engine Optimization Search Engine Marketing Experience 03/2015 to Current Senior Digital Marketing Specialist Company Name － City , State 01/2014 to 11/2014 Senior SEO Specialist Company Name － City , State Applied ethical SEO","Needs acclimatization to the Australian cultural consumer landscape, local Australian media networks, and ACMA spam/privacy compliance regulations.","Global multi-channel campaign architectures, marketing automation, and performance measurement frameworks apply universally across tier-1 English-speaking markets."
AU-CAND-095,Gia Bao Ly (95),Vietnam,Australia,Marketing & Communications,DIGITAL MEDIA INTERN,DIGITAL MEDIA INTERN Group (Vietnam),7,"and enthusiasm in a professional, mutually beneficial, growth-oriented business environment.",225113,Marketing Specialist / Communications Manager,Proficient in Adobe Photoshop and Adobe Premiere,"Omnichannel campaign strategy, stakeholder relations, brand narrative positioning, digital performance marketing, crisis PR management.","01/2017 to Current Digital Media Intern Company Name － City , State Researched and implemented the use of immersive technology like Oculus Rift, HTC Vive and Samsumg VR in Florida International University's Virtual Reality Lab Collaborated in the production and post-production of 360 video content Published an article on an inter-displinary play fo","Needs acclimatization to the Australian cultural consumer landscape, local Australian media networks, and ACMA spam/privacy compliance regulations.","Global multi-channel campaign architectures, marketing automation, and performance measurement frameworks apply universally across tier-1 English-speaking markets."
AU-CAND-096,Cam Tu Bui (96),Vietnam,Australia,Marketing & Communications,INTERIM SENIOR DIGITAL MARKETING STRATEGY MANAGER,INTERIM SENIOR DIGITAL MARKETING STRATEGY MANAGER Group (Vietnam),5,materials. Wrote and produced monthly e-newsletters and service line newsletters. Writer/Producer 10/2003 to 09/2005 Com,225113,Marketing Specialist / Communications Manager,Dependable Direct marketing campaigns Mobile marketing Excellent written and verbal communicator Deadline-driven Enthusiastic team player Market segmentation Advertising Self-directed Problem solving Leveraging third-par,"Omnichannel campaign strategy, stakeholder relations, brand narrative positioning, digital performance marketing, crisis PR management.","Interim Senior Digital Marketing Strategy Manager 08/2015 to 01/2016 Company Name City , State Identified, developed and evaluated marketing strategies based on knowledge of company objectives and market trends. Collaborated with advertising and promotion managers to promote products and services. Managed new product and content releases. Promoted ","Needs acclimatization to the Australian cultural consumer landscape, local Australian media networks, and ACMA spam/privacy compliance regulations.","Global multi-channel campaign architectures, marketing automation, and performance measurement frameworks apply universally across tier-1 English-speaking markets."
AU-CAND-097,Priya Sharma (97),India,Australia,Marketing & Communications,DIGITAL MARKETING SPECIALIST,DIGITAL MARKETING SPECIALIST Group (India),7,"and Training 2016 Mt. San Antonio College － City , State 2017 Digital Marketing Career Blueprint － City , State",225113,Marketing Specialist / Communications Manager,"including PPC/SEM, lead generation, analytics, SEO, social media, landing page optimization, and creative work. Out-of-the-box creative problem solver, capable of meeting deadlines under pressure. Detail oriented with ex","Omnichannel campaign strategy, stakeholder relations, brand narrative positioning, digital performance marketing, crisis PR management.","06/2017 to Current Digital Marketing Specialist Company Name － City , State Maintain clients' online presence, and ensuring that their products and services are effectively communicated to their target audiences. Optimize advertising spending by implementing proper Adwords account structures, negative keywords, and A/B split testing. Use Google Ana","Needs acclimatization to the Australian cultural consumer landscape, local Australian media networks, and ACMA spam/privacy compliance regulations.","Global multi-channel campaign architectures, marketing automation, and performance measurement frameworks apply universally across tier-1 English-speaking markets."
AU-CAND-098,Rajesh Patel (98),India,Australia,Marketing & Communications,DIGITAL MARKETING MANAGER,DIGITAL MARKETING MANAGER Group (India),5,E-Mail Marketing Business Needs Analysis Technical Proficiency Competitive Analysis Search Engine Optimization (SEO) Ext,225113,Marketing Specialist / Communications Manager,"Web Graphic Design, Web User Interface Design, Multimedia Content Development, Coordination, Project Management, Web Savvy, Layout Skills and Internet Presence SEO Optimization, SEM, Social Media, Analytics, Link Buildin","Omnichannel campaign strategy, stakeholder relations, brand narrative positioning, digital performance marketing, crisis PR management.","with several CMS systems. Knowledge of JavaScript, Jquery, PHP and Ajax. MS Project and Visio (basic) Global marketing Media relations Professional Experience DIGITAL MARKETING MANAGER 12/2008 to Current Company Name City , State Coordinate and congruently oversee diverse projects and responsibilities, which involve: Research and industry knowledge","Needs acclimatization to the Australian cultural consumer landscape, local Australian media networks, and ACMA spam/privacy compliance regulations.","Global multi-channel campaign architectures, marketing automation, and performance measurement frameworks apply universally across tier-1 English-speaking markets."
AU-CAND-099,Ananya Sen (99),India,Australia,Marketing & Communications,DIGITAL MARKETING COORDINATOR Skills,DIGITAL MARKETING COORDINATOR Skills Group (India),5,"and Training Bachelor of Arts : Communications Cinema Arts. Communications, English and Journalism 2016 Vanguard Univers",225113,Marketing Specialist / Communications Manager,"PROFESSIONAL SUMMARY Digital Marketing Coordinator skilled in leveraging the power of blogs, online communities and social media platforms to increase brand awareness and boost brand loyalty. SEO optimization expert adep","Omnichannel campaign strategy, stakeholder relations, brand narrative positioning, digital performance marketing, crisis PR management.","Digital Marketing Coordinator 12/2016 to Current City , State Identified, developed and evaluated marketing strategies based on knowledge of company objectives and market trends. Managed all social media programs, including online reputation, blogs, and social networking. Planned and managed monthly budgets. Developed marketing strategies and campa","Needs acclimatization to the Australian cultural consumer landscape, local Australian media networks, and ACMA spam/privacy compliance regulations.","Global multi-channel campaign architectures, marketing automation, and performance measurement frameworks apply universally across tier-1 English-speaking markets."
AU-CAND-100,Ravi Shankar (100),India,Australia,Marketing & Communications,GENERAL MANAGER,GENERAL MANAGER Group (India),8,"Bachelors degree : Law , 1 2000 MASTERS IN ENGLISH LITERATURE FROM GAUHATI UNIVERSITY - Law",225113,Marketing Specialist / Communications Manager,"Work History GENERAL MANAGER , 11/2009 to Current Company Name – City , State -Responsibilities: Reviewing correspondence & writing responses; Assisting the Director of the institute; Manage and plan special events and c","Omnichannel campaign strategy, stakeholder relations, brand narrative positioning, digital performance marketing, crisis PR management.","coordinating office management and special projects with a high degree of efficiency. Serve as point person for Directors, staff, clients, and vendors to ensure proper lines of communication. Maintain excellent communication skills, problem resolution abilities, and a high-level of confidentiality. Excellent Customer Service, Accounting & Basic Boo","Needs acclimatization to the Australian cultural consumer landscape, local Australian media networks, and ACMA spam/privacy compliance regulations.","Global multi-channel campaign architectures, marketing automation, and performance measurement frameworks apply universally across tier-1 English-speaking markets."
AU-CAND-101,Kavita Nair (101),India,Australia,Marketing & Communications,CONTENT STRATEGIST,CONTENT STRATEGIST Group (India),5,"Associate of Applied Science , Marketing & Project Management 2016 Marion Technical College － City , State Marketing, Pu",225113,Marketing Specialist / Communications Manager,Microsoft Office Social Media Marketing Strong Editing Skills Project Management Exceptional Writing and Grammar Graphic Design Expert Computer Knowledge Analytical Skills Public Relations Specialist Skilled Typist Telep,"Omnichannel campaign strategy, stakeholder relations, brand narrative positioning, digital performance marketing, crisis PR management.","Content Strategist Jan 2015 to Current Company Name － City , State Create outlines, storyboards, graphics concepts, prototype page layout. Edit copy for writers and provide feedback to visual design team. Act as project manager and simultaneously manages several projects. Handle all SEO techniques, and responsible for executing all online marketing","Needs acclimatization to the Australian cultural consumer landscape, local Australian media networks, and ACMA spam/privacy compliance regulations.","Global multi-channel campaign architectures, marketing automation, and performance measurement frameworks apply universally across tier-1 English-speaking markets."
AU-CAND-102,Sunil Joshi (102),India,Australia,Marketing & Communications,HUMAN RESOURCES ADMINISTRATIVE ASSISTANT/EXECUTIVE ASSISTANT,HUMAN RESOURCES ADMINISTRATIVE ASSISTANT/EXECUTIVE ASSISTANT Group (India),4,Bachelor's Degree in related discipline,225113,Marketing Specialist / Communications Manager,"Mac and PC; Microsoft Office (Excel, PowerPoint, Word); WordPress; Hootsuite; Google Docs; Twitter; Facebook Management; Google alerts; Trapit; Photoshop (Novice); HRIS databases Research Databases: Human Resources Infor","Omnichannel campaign strategy, stakeholder relations, brand narrative positioning, digital performance marketing, crisis PR management.","from internships in public relations and one year of fast paced experience in Human Resources.Hard-working, entry-level job seeker looking to apply my","Needs acclimatization to the Australian cultural consumer landscape, local Australian media networks, and ACMA spam/privacy compliance regulations.","Global multi-channel campaign architectures, marketing automation, and performance measurement frameworks apply universally across tier-1 English-speaking markets."
AU-CAND-103,Arjun Kapoor (103),India,Australia,Marketing & Communications,DIGITAL PRODUCER,DIGITAL PRODUCER Group (India),4,"May 2011 Bachelor of Science : Business Administration and Computer Information Systems Lewis University － City , State ",225113,Marketing Specialist / Communications Manager,Budgeting and forecasting Process improvement Contract management Relationship building Microsoft Office Suite expert Project development and lifecycle Superb time management skills Detail-oriented Sound judgment Organiz,"Omnichannel campaign strategy, stakeholder relations, brand narrative positioning, digital performance marketing, crisis PR management.","08/2015 to Current Digital Producer Company Name － City , State Managed a project budget of $300,000. Drafted action plans and led meetings with internal teams and clients to review project status and proposed changes. Monitored team progress and enforced deadlines for up to four projects at once. Defined project deliverables and monitored status o","Needs acclimatization to the Australian cultural consumer landscape, local Australian media networks, and ACMA spam/privacy compliance regulations.","Global multi-channel campaign architectures, marketing automation, and performance measurement frameworks apply universally across tier-1 English-speaking markets."
AU-CAND-104,Sneha Verma (104),India,Australia,Marketing & Communications,Marketing & communications Professional,Marketing & communications Professional Group (India),9,Bachelor's Degree in related discipline,225113,Marketing Specialist / Communications Manager,"and eye for detail; able to accurately manage records and files, as well as proofreading documents. Communication Strengths: Proven ability to develop positive relationships with both customers and team members. Able to","Omnichannel campaign strategy, stakeholder relations, brand narrative positioning, digital performance marketing, crisis PR management.","to excel in administrative operations. Operational Support: Track record of contributing effectively to productive operations, supporting goals and assisting management in daily functions, event planning, and marketing efforts. Strong organizational skills and eye for detail; able to accurately manage records and files, as well as proofreading docu","Needs acclimatization to the Australian cultural consumer landscape, local Australian media networks, and ACMA spam/privacy compliance regulations.","Global multi-channel campaign architectures, marketing automation, and performance measurement frameworks apply universally across tier-1 English-speaking markets."
AU-CAND-105,Vikram Singhania (105),India,Australia,Marketing & Communications,DIRECTOR OF PUBLIC RELATIONS,DIRECTOR OF PUBLIC RELATIONS Group (India),12,"programming and ensure appropriateness of content, implementation for various organizations readability and translation ",225113,Marketing Specialist / Communications Manager,"Marketing, Public Relations, Business Development, Solutions, Budgets, Exchange, Liaison, Marketing Department, Operations, B2b, B2b Sales, Including Sales, Promotional, Sales, Sales Management, Sales Organization, Secur","Omnichannel campaign strategy, stakeholder relations, brand narrative positioning, digital performance marketing, crisis PR management.","in SNF, assisted Social Media Planning and living, and adult day programs Implementation using Centene guidelines E-newsletter design/distribution MBA DANIEL WEBSTER COLLEGE Organizational Management Nashua, NH Core Accomplishments Member: Business Networking International (BNI), Rotary International, Chambers of Commerce and Business Associations ","Needs acclimatization to the Australian cultural consumer landscape, local Australian media networks, and ACMA spam/privacy compliance regulations.","Global multi-channel campaign architectures, marketing automation, and performance measurement frameworks apply universally across tier-1 English-speaking markets."
AU-CAND-106,Deepika Rao (106),India,Australia,Marketing & Communications,"SENIOR MANAGER, DIGITAL MARKETING","SENIOR MANAGER, DIGITAL MARKETING Group (India)",10,"and Training Bachelor of Science : Business Administration 2012 University of Southern California City , State Concentra",225113,Marketing Specialist / Communications Manager,"Analytics Software: Google Analytics, Omniture, Looker, Adobe Social, Netbase, Simon Data Email Service Provider: Bronto, Apsis","Omnichannel campaign strategy, stakeholder relations, brand narrative positioning, digital performance marketing, crisis PR management.","with retail market leaders in CRM, email marketing, mobile marketing, social media, analytics, and digital advertising. Open and clear communicator with demonstrated abilities to setting a strategic vision with disciplined execution. Experience Senior Manager, Digital Marketing 09/2017 to Current Company Name City , State Responsible for creating a","Needs acclimatization to the Australian cultural consumer landscape, local Australian media networks, and ACMA spam/privacy compliance regulations.","Global multi-channel campaign architectures, marketing automation, and performance measurement frameworks apply universally across tier-1 English-speaking markets."
AU-CAND-107,Aditya Mehta (107),India,Australia,Marketing & Communications,"CHIEF SYSTEM ARCHITECT, SVP SYSTEM INTEGRATION","CHIEF SYSTEM ARCHITECT, SVP SYSTEM INTEGRATION Group (India)",25,"TV, Sony, Beijing Dawning Computer, NASA, Belo, PAX, and Turner Broadcasting, to name a few. Created technology integrat",225113,Marketing Specialist / Communications Manager,Project timeline management Product development Video Integration expert Troubleshooting proficiency Patient and diligent Vast technical knowledge Network asset management Project management Strong collaborative skills C,"Omnichannel campaign strategy, stakeholder relations, brand narrative positioning, digital performance marketing, crisis PR management.","with software, hardware , manufacturing, OEM, product development, project management integration, professional in many different industries: software, hardware, hybrid systems, storage and backup systems, media delivery systems, AV systems, semiconductor, advertising, IPTV/OTT, broadcast systems, commercial and industrial video systems, post produ","Needs acclimatization to the Australian cultural consumer landscape, local Australian media networks, and ACMA spam/privacy compliance regulations.","Global multi-channel campaign architectures, marketing automation, and performance measurement frameworks apply universally across tier-1 English-speaking markets."
AU-CAND-108,Pooja Deshmukh (108),India,Australia,Marketing & Communications,DIGITAL STRATEGY CONSULTANT,DIGITAL STRATEGY CONSULTANT Group (India),9,"BS : Business Management, Marketing Delaware State University Business Management, Marketing",225113,Marketing Specialist / Communications Manager,"(Hootsuite, Buffer, Twitter, Facebook, Instagram, SnapChat, Pinterest), E-mail marketing campaigns (Mailchimp, Salesforce), Public Speaking, Microsoft Office (Excel, Outlook, PowerPoint, Word), Adobe Creative Suite (Afte","Omnichannel campaign strategy, stakeholder relations, brand narrative positioning, digital performance marketing, crisis PR management.","Digital Strategy Consultant January 2015 to Current Company Name Help to define & implement a metric, ROI-driven organic growth marketing strategy through use of real-time business intelligence and content marketing strategies Direct targeted marketing efforts that introduced new products and promoted product visibility Execute e-mail marketing pro","Needs acclimatization to the Australian cultural consumer landscape, local Australian media networks, and ACMA spam/privacy compliance regulations.","Global multi-channel campaign architectures, marketing automation, and performance measurement frameworks apply universally across tier-1 English-speaking markets."
AU-CAND-109,Rohan Kulkarni (109),India,Australia,Marketing & Communications,BUDGET ANALYST/RESEARCH ADMINISTRATOR,BUDGET ANALYST/RESEARCH ADMINISTRATOR Group (India),5,provider for participating primary and secondary schools nationwide. ◦ Developed a client tracking database for local ar,225113,Marketing Specialist / Communications Manager,"ADDITIONAL SKILLS Proficient in Microsoft Office 2010 and 2013 including Excel, PowerPoint, Word, Access, Outlook, SharePoint 2010 and 2013 Business Intelligence Systems Knowledge of Federal Acquisition Regulations (FAR)","Omnichannel campaign strategy, stakeholder relations, brand narrative positioning, digital performance marketing, crisis PR management.",January 2009 to Current Company Name ◦ Proficient in development of cost schedules and estimates ◦ Responsible for schedule management and baseline changes ◦ Develop Basis of Estimates (BOE) for all cost types on new work ◦ Accountable for analyzing historical data and applying analytic techniques to forecast overall resources required ◦ Create FAR,"Needs acclimatization to the Australian cultural consumer landscape, local Australian media networks, and ACMA spam/privacy compliance regulations.","Global multi-channel campaign architectures, marketing automation, and performance measurement frameworks apply universally across tier-1 English-speaking markets."
AU-CAND-110,Neha Banerjee (110),India,Australia,Marketing & Communications,PROGRAMMATIC MEDIA SUPERVISOR Work History Company Name,PROGRAMMATIC MEDIA SUPERVISOR Work History Company Name Group (India),12,"and Training May 2010 BA : Broadcasting & Mass Media TEMPLE UNIVERSITY : SCHOOL OF COMMUNICATIONS AND THEATRE － City , S",225113,Marketing Specialist / Communications Manager,"account management, agency, automate, budget, CPA, client, clients, data analysis, inventory, media plans, media plan, media planning, meetings, proposals, Research, RFP, strategy, Video","Omnichannel campaign strategy, stakeholder relations, brand narrative positioning, digital performance marketing, crisis PR management.","04/2017 to Current Programmatic Media Supervisor Company Name － City , State Directly oversee a group of Programmatic Associates & Managers on their day to day responsibilities across 5 major pieces of agency business Drive senior Media staff to innovate and automate their media plans through the self-service team Formulate proposals for new client","Needs acclimatization to the Australian cultural consumer landscape, local Australian media networks, and ACMA spam/privacy compliance regulations.","Global multi-channel campaign architectures, marketing automation, and performance measurement frameworks apply universally across tier-1 English-speaking markets."
AU-CAND-111,Sanjay Chawla (111),India,Australia,Marketing & Communications,SPECIAL EVENTS COORDINATOR,SPECIAL EVENTS COORDINATOR Group (India),9,"Bachelor of Science : Business Marketing Montana State University - City , State Member of [Club Name] ClubCoursework in",225113,Marketing Specialist / Communications Manager,"Sound knowledge of marketing principles Market project management-motivated, confident, multi-tasks, creative, innovative and energetic Social media savvy Highlights Excellent verbal and written communication skills Soun","Omnichannel campaign strategy, stakeholder relations, brand narrative positioning, digital performance marketing, crisis PR management.","in campaign management, strategic media communications, social media management and event planning, seeking position as Marketing Coordinator with milk + honey. Excellent verbal and written communication skills Sound knowledge of marketing principles Market project management-motivated, confident, multi-tasks, creative, innovative and energetic Soc","Needs acclimatization to the Australian cultural consumer landscape, local Australian media networks, and ACMA spam/privacy compliance regulations.","Global multi-channel campaign architectures, marketing automation, and performance measurement frameworks apply universally across tier-1 English-speaking markets."
AU-CAND-112,Meera Nambiar (112),India,Australia,Marketing & Communications,COMMUNICATIONS COORDINATOR,COMMUNICATIONS COORDINATOR Group (India),4,"Bachelor of Arts : Strategic Communications May 2014 Elon University City , State GPA: GPA: 3.71 Graduated Magna Cum Lau",225113,Marketing Specialist / Communications Manager,"Adobe Photoshop, InDesign, Illustrator","Omnichannel campaign strategy, stakeholder relations, brand narrative positioning, digital performance marketing, crisis PR management.","creating engaging and interesting work that achieves results. Highlights Adobe Photoshop, InDesign, Illustrator, Experience with mobile applications, Microsoft Office Suite Constant Contact and Mailchimp Etapestry Accomplishments 2015 Folio Magazine: Eddie Award Finalist - Association / Non-Profit (B-to-B) – Single Article – Less than 6 Issues [VPP","Needs acclimatization to the Australian cultural consumer landscape, local Australian media networks, and ACMA spam/privacy compliance regulations.","Global multi-channel campaign architectures, marketing automation, and performance measurement frameworks apply universally across tier-1 English-speaking markets."
AU-CAND-113,Maria Santos (113),Philippines,Australia,Marketing & Communications,MEDIA / ADVERTISING COORDINATOR,MEDIA / ADVERTISING COORDINATOR Group (Philippines),10,"May, 2009 Collin County Community College State Associates of Arts March, 2017 Southern New Hampshire University State B",225113,Marketing Specialist / Communications Manager,• Customer service-focused Relationship building expert Copywriter and copyediting Project management Exceptional writer MotivaExcellent communicator Strong proposal writer New program and promotion implementation Team p,"Omnichannel campaign strategy, stakeholder relations, brand narrative positioning, digital performance marketing, crisis PR management.","March 2012 to Current Company Name City , State Media / Advertising Coordinator •Planned and publicized events, including negotiating vendor contracts and designing promotional materials. Proofread and reviewed all print and electronic content for correct grammar and adherence to house style. Revised campaigns in response to feedback from the creat","Needs acclimatization to the Australian cultural consumer landscape, local Australian media networks, and ACMA spam/privacy compliance regulations.","Global multi-channel campaign architectures, marketing automation, and performance measurement frameworks apply universally across tier-1 English-speaking markets."
AU-CAND-114,Angelo Dela Cruz (114),Philippines,Australia,Marketing & Communications,DIGITAL MEDIA SALES CONSULTANT,DIGITAL MEDIA SALES CONSULTANT Group (Philippines),19,"Marketing Augusta State University － City , State 1994-1997 Bachelors of Science , Psychology 2012 University of Phoenix",225113,Marketing Specialist / Communications Manager,Excellent communication skills Detail oriented Excellent organizational skills Great follow through Relationship building Solution focused New Business Development Cold Calling Skilled at understanding customers' needs a,"Omnichannel campaign strategy, stakeholder relations, brand narrative positioning, digital performance marketing, crisis PR management.",in both the print and digital realms. My goal is to be an asset to The Augusta Chronicle and to utilize my abilities and experience to further my personal growth. Highlights Excellent communication skills Detail oriented Excellent organizational skills Great follow through Relationship building Solution focused New Business Development Cold Calling,"Needs acclimatization to the Australian cultural consumer landscape, local Australian media networks, and ACMA spam/privacy compliance regulations.","Global multi-channel campaign architectures, marketing automation, and performance measurement frameworks apply universally across tier-1 English-speaking markets."
AU-CAND-115,Kristine Reyes (115),Philippines,Australia,Marketing & Communications,DIGITAL MARKETING MANAGER,DIGITAL MARKETING MANAGER Group (Philippines),10,"BS : Business Administration Marketing Psychology 5 2005 Framingham State College City , State Business Administration M",225113,Marketing Specialist / Communications Manager,"with the ability to operate at both the strategic and tactical levels. Along with excellent time-management and project-management skills, relationship building, team management, market research and consistency in tune w","Omnichannel campaign strategy, stakeholder relations, brand narrative positioning, digital performance marketing, crisis PR management.","with both agency and client side experience. Strong written & presentation skills, creative & strategic thinking, and analytical skills with the ability to operate at both the strategic and tactical levels. Along with excellent time-management and project-management skills, relationship building, team management, market research and consistency in ","Needs acclimatization to the Australian cultural consumer landscape, local Australian media networks, and ACMA spam/privacy compliance regulations.","Global multi-channel campaign architectures, marketing automation, and performance measurement frameworks apply universally across tier-1 English-speaking markets."
AU-CAND-116,Mark Bautista (116),Philippines,Australia,Marketing & Communications,PUBLIC RELATIONS CONSULTANT,PUBLIC RELATIONS CONSULTANT Group (Philippines),11,"B.A : Spanish and Humanities , 1994 PROVIDENCE COLLEGE - City , State GPA: Cum Laude GPA: 3.5 Cum Laude, 3.5 GPA 1993 Ce",225113,Marketing Specialist / Communications Manager,Global marketing Account management Direct marketing campaigns Public relations expert Quality leadership Multi Task Abilities Proven Sales Success Start-up background Deadline-driven Microsoft Office Suite expert,"Omnichannel campaign strategy, stakeholder relations, brand narrative positioning, digital performance marketing, crisis PR management.","Public Relations Consultant June 2005 to January 2016 Company Name - City , State Managed PR programs for AccordSQA and GatherWorks. Secured inclusion of SmartScript and SmarteLoad in Dr.Dobbs and SD Times. Inside Sales Representative March 2008 to June 2008 Company Name - City , State Identified and called decision makers within targeted verticals","Needs acclimatization to the Australian cultural consumer landscape, local Australian media networks, and ACMA spam/privacy compliance regulations.","Global multi-channel campaign architectures, marketing automation, and performance measurement frameworks apply universally across tier-1 English-speaking markets."
AU-CAND-117,Jasmine Villanueva (117),Philippines,Australia,Marketing & Communications,Marketing & communications Professional,Marketing & communications Professional Group (Philippines),5,"Bachelor's : Journalism, Public Relations , 2008 Georgia State University - City Minor in Marketing Certificate : Basic ",225113,Marketing Specialist / Communications Manager,Media Relations Media Communications Digital Marketing Research Strategic Planning Social media Social Media Analysis Content Management Systems Strong verbal communication Project management Work History Public Relation,"Omnichannel campaign strategy, stakeholder relations, brand narrative positioning, digital performance marketing, crisis PR management.","across military, healthcare, and engineering industries. Skills Media Relations Media Communications Digital Marketing Research Strategic Planning Social media Social Media Analysis Content Management Systems Strong verbal communication Project management Work History Public Relations Specialist , 03/2017 to Current Company Name – City , State Auth","Needs acclimatization to the Australian cultural consumer landscape, local Australian media networks, and ACMA spam/privacy compliance regulations.","Global multi-channel campaign architectures, marketing automation, and performance measurement frameworks apply universally across tier-1 English-speaking markets."
AU-CAND-118,Eduardo Ramos (118),Philippines,Australia,Marketing & Communications,PUBLIC RELATIONS MARKETING MANAGER,PUBLIC RELATIONS MARKETING MANAGER Group (Philippines),20,"Bachelor of Arts : Sociology, Journalism Drake University － City , State Sociology, Journalism",225113,Marketing Specialist / Communications Manager,"with demonstrated success in developing impactful strategic media, marketing and public relations plans. Superb writer and editor who communicates effectively with target audiences through strategic brand management and","Omnichannel campaign strategy, stakeholder relations, brand narrative positioning, digital performance marketing, crisis PR management.","07/2009 to 08/2011 Public Relations Marketing Manager Company Name － City , State Develop and implement communications strategies. Work daily with a broad range of press outlets covering television, music, business, marketing, politics, entertainment, digital media and advertising Draft and edit press releases and by-line articles to high standard ","Needs acclimatization to the Australian cultural consumer landscape, local Australian media networks, and ACMA spam/privacy compliance regulations.","Global multi-channel campaign architectures, marketing automation, and performance measurement frameworks apply universally across tier-1 English-speaking markets."
AU-CAND-119,Patricia Mendoza (119),Philippines,Australia,Marketing & Communications,PUBLIC RELATIONS MANAGER,PUBLIC RELATIONS MANAGER Group (Philippines),30,"Bachelor of Science : Mass Communications Speech , 1 1984 St. Cloud State University － City , State , United States GPA:",225113,Marketing Specialist / Communications Manager,"advertising, audio, budgets, com, conferences, content, corporate communications, corporate communications, crisis communications, client, designing, editorial, special events, features, graphic design, legal, marketing","Omnichannel campaign strategy, stakeholder relations, brand narrative positioning, digital performance marketing, crisis PR management.","in communications, public relations, event planning and media relations. I have extensive knowledge of marketing campaigns, sales, messaging, and dissemination techniques and methods. I am an award-winning writer and editor with multimedia production experience who communicates effectively with target audiences through strategic brand management an","Needs acclimatization to the Australian cultural consumer landscape, local Australian media networks, and ACMA spam/privacy compliance regulations.","Global multi-channel campaign architectures, marketing automation, and performance measurement frameworks apply universally across tier-1 English-speaking markets."
AU-CAND-120,Christian Garcia (120),Philippines,Australia,Marketing & Communications,CITY CARRIER ASSISTANT,CITY CARRIER ASSISTANT Group (Philippines),10,"and Training May of 2014 Morgan State University City , State , USA Psychology Bachelor of Science Psychology 2008 Hills",225113,Marketing Specialist / Communications Manager,"Microsoft Office Suite (Word, PowerPoint, Outlook and Excel), SPSS (Research Data), Public Relations, Crisis Management, Relationship Building, Project Management, Customer Service, Quality Consciousness, and Attention t","Omnichannel campaign strategy, stakeholder relations, brand narrative positioning, digital performance marketing, crisis PR management.","September 2014 to Current Company Name City , State City Carrier Assistant Established long-term customer relationships through prompt and courteous service. Operated motor vehicles in a safe and efficient manner. Met and surpassed productivity targets and quality standards. Obtained signatures needed to complete and process all paperwork in a time","Needs acclimatization to the Australian cultural consumer landscape, local Australian media networks, and ACMA spam/privacy compliance regulations.","Global multi-channel campaign architectures, marketing automation, and performance measurement frameworks apply universally across tier-1 English-speaking markets."
AU-CAND-121,Rowena Aquino (121),Philippines,Australia,Supply Chain & Logistics,CONCIERGE/DOORMAN,CONCIERGE/DOORMAN Group (Philippines),11,"and Training Sep 1999 High School Diploma : International Business Jacqueline Kennedy Onassis － City , State Internation",133611,Supply and Distribution Manager,"Friendly & Informative with residents, guests, and staff. Quick to respond. Strong sense of accountability. Achieves business and individual developmental goals. Able to handle medical emergencies & technical problems in","End-to-end supply chain orchestration, inventory turnover optimization, vendor SLA governance, route efficiency modeling, warehouse ERP management.","working in concierge, military, general office, international & domestic shipping. Excellent interpersonal communication, customer service, and office support skills. Windows/DOS, MS Office, Data Entry, Internet and Internet Research Skills. Skills Friendly & Informative with residents, guests, and staff. Quick to respond. Strong sense of accountab",Requires familiarity with Australian domestic freight lanes (National Freight and Supply Chain Strategy) and Australian Border Force customs import/export documentation.,"Global supply chain principles, Six Sigma Lean methodologies, and international freight forwarding protocols map seamlessly to Australian port and domestic logistics operations."
AU-CAND-122,Jerome Alcantara (122),Philippines,Australia,Supply Chain & Logistics,SENIOR MANAGER OF CUSTOMER SUPPORT,SENIOR MANAGER OF CUSTOMER SUPPORT Group (Philippines),5,Bachelor's Degree in related discipline,133611,Supply and Distribution Manager,Driven to succeed Organization assessment Leadership/Management Skills Dependable Time Management Flexible Friendly Personable Persuasive Enthusiastic team player New program and promotion implementation Marketing savvy,"End-to-end supply chain orchestration, inventory turnover optimization, vendor SLA governance, route efficiency modeling, warehouse ERP management.","02/2016 to Current Senior Manager of Customer Support Company Name － City , State Perform all Manager of Customer Support duties in addition to the following:. Meet with major airlines domestically and internationally to secure future business contracts. Reserve travel including airline and hotel accommodations for my department. Utilize company le",Requires familiarity with Australian domestic freight lanes (National Freight and Supply Chain Strategy) and Australian Border Force customs import/export documentation.,"Global supply chain principles, Six Sigma Lean methodologies, and international freight forwarding protocols map seamlessly to Australian port and domestic logistics operations."
AU-CAND-123,Camille Soriano (123),Philippines,Australia,Supply Chain & Logistics,INSTRUCTOR/WRITER,INSTRUCTOR/WRITER Group (Philippines),3,"Technical or Occupational Certificate : 3 2009 North Central Institute － City , State , United States GA-101 General-Air",133611,Supply and Distribution Manager,"streamline, Army, Hardware, CTC, documentation, Functional, Hydraulics, instruction, Instructor, Logistics, materials, monitors, organizational, personnel, policies, presentations, processes, Quality, quality assurance","End-to-end supply chain orchestration, inventory turnover optimization, vendor SLA governance, route efficiency modeling, warehouse ERP management.","Instructor/Writer February 2013 to Current Company Name － City , State Conducted student training Administering Maintenance instruction in all airframe systems associated with the UH-60 A/L helicopter in a combination of subjects to include: Construction & Mission Capabilities, Contemporary Operational Environment, Shop and Flight Line Safety, Haza",Requires familiarity with Australian domestic freight lanes (National Freight and Supply Chain Strategy) and Australian Border Force customs import/export documentation.,"Global supply chain principles, Six Sigma Lean methodologies, and international freight forwarding protocols map seamlessly to Australian port and domestic logistics operations."
AU-CAND-124,Rafael Dizon (124),Philippines,Australia,Supply Chain & Logistics,ELECTRICIAN,ELECTRICIAN Group (Philippines),20,"Bachelor of Science : Professional Aeronautics , 2007 Embry-Riddle Aeronautical University",133611,Supply and Distribution Manager,Troubleshooting Problem Resolution Avionics Systems Electrical Components Aircraft Instruments Process Change and Implementation Goal Attainment Maintenance Management Project Management Quality Assurance Team Leadership,"End-to-end supply chain orchestration, inventory turnover optimization, vendor SLA governance, route efficiency modeling, warehouse ERP management.","on large-scale electronic systems, troubleshooting, installation, calibration, and maintenance repair within the United States Navy. In-depth knowledge of aircraft, avionics, electrical and electronic technologies. Consistent record of achievement in project management, dramatically improving system operating efficiency and reliability. Productive ",Requires familiarity with Australian domestic freight lanes (National Freight and Supply Chain Strategy) and Australian Border Force customs import/export documentation.,"Global supply chain principles, Six Sigma Lean methodologies, and international freight forwarding protocols map seamlessly to Australian port and domestic logistics operations."
AU-CAND-125,Ahmad Razali (125),Malaysia,Australia,Supply Chain & Logistics,DIRECTOR,DIRECTOR Group (Malaysia),7,"1984 MASTER'S DEGREE : BUSINESS ADMINISTRATION Stetson University － City , State BUSINESS ADMINISTRATION 1981 BACHELOR O",133611,Supply and Distribution Manager,"America Online, AOL, Auto Repair, Branding, budget, business development, com, content, contract negotiations, contracts, credit, Database, delivery, Dell, financial, focus, government, Internet Development, Internet Ser","End-to-end supply chain orchestration, inventory turnover optimization, vendor SLA governance, route efficiency modeling, warehouse ERP management.","02/1999 to Current DIRECTOR Company Name － City , State Currently lead key discounts initiatives involving technology, branding, marketing, strategy development and the evaluation of new member benefit programs: Collaborate with clubs to ensure consensus on partner marketing, branding, technology efforts, contract negotiations and partner acquisiti",Requires familiarity with Australian domestic freight lanes (National Freight and Supply Chain Strategy) and Australian Border Force customs import/export documentation.,"Global supply chain principles, Six Sigma Lean methodologies, and international freight forwarding protocols map seamlessly to Australian port and domestic logistics operations."
AU-CAND-126,Siti Nurhaliza (126),Malaysia,Australia,Supply Chain & Logistics,IT SUPPORT OFFICER,IT SUPPORT OFFICER Group (Malaysia),8,B.A EIILM University － City Higher Secondary passed From M.P. Board Bhopal. High School passed From M.P. Board Bhopal. P,133611,Supply and Distribution Manager,"in building relationships Possess, strong analytical, problem solving and organizational abilities. Assembling and disassembling PC, motherboard, hard disk drives, and working with local and network printer, configure ca","End-to-end supply chain orchestration, inventory turnover optimization, vendor SLA governance, route efficiency modeling, warehouse ERP management.","in Site & Networking Operations, Installation, Configuration, Technical Support/Troubleshooting, Incident Management as well as Client Servicing. Server 2k3, 2k8 & Ubuntu server configuration, Network Configuration, implementation of DHCP Server, File server, DNS server and Network Monitoring tools. An effective communicator with excellent skills i",Requires familiarity with Australian domestic freight lanes (National Freight and Supply Chain Strategy) and Australian Border Force customs import/export documentation.,"Global supply chain principles, Six Sigma Lean methodologies, and international freight forwarding protocols map seamlessly to Australian port and domestic logistics operations."
AU-CAND-127,Wei Lun Tan (127),Singapore,Australia,Supply Chain & Logistics,LEAN SIX SIGMA BLACK BELT,LEAN SIX SIGMA BLACK BELT Group (Singapore),7,"Certificate : Basic Intructor 2012 Department of the Navy , City , State , United States Certification : Lean Six Sigma ",133611,Supply and Distribution Manager,Lean Six Sigma Black Belt Logistical Supply Chain Management Adobe Reader Microsoft Word Secret Clearance Strong verbal communication Small arms weapons specialist Firearms safety training Trained in defensive tactics Le,"End-to-end supply chain orchestration, inventory turnover optimization, vendor SLA governance, route efficiency modeling, warehouse ERP management.","in Administrative, Supply, Security, and Counseling. Highlights Lean Six Sigma Black Belt Logistical Supply Chain Management Adobe Reader Microsoft Word Secret Clearance Strong verbal communication Small arms weapons specialist Firearms safety training Trained in defensive tactics Lean Six Sigma Green Belt Certified Microsoft Office Microsoft Excel",Requires familiarity with Australian domestic freight lanes (National Freight and Supply Chain Strategy) and Australian Border Force customs import/export documentation.,"Global supply chain principles, Six Sigma Lean methodologies, and international freight forwarding protocols map seamlessly to Australian port and domestic logistics operations."
AU-CAND-128,Chen Wei (128),Singapore,Australia,Supply Chain & Logistics,OPERATIONS TECHNICIAN 1,OPERATIONS TECHNICIAN 1 Group (Singapore),10,"and Training Pebble Room High | 05/2013 High School Diploma University Of Alabama At Huntsville | City , State Some Coll",133611,Supply and Distribution Manager,"Cross-functional leadership, Project management, Quality control, Process improvement, Workflow optimization","End-to-end supply chain orchestration, inventory turnover optimization, vendor SLA governance, route efficiency modeling, warehouse ERP management.","in leadership Quantitative skills Improvement plan knowledge Ability to analyze reports Problem resolution Team player Organization Communication MS Office Working collaboratively Quality assurance controls Data evaluation Intuitive Multitasking capabilities Attention to detail Experience Operations Technician 1 | Company Name - City , State | 07/2",Requires familiarity with Australian domestic freight lanes (National Freight and Supply Chain Strategy) and Australian Border Force customs import/export documentation.,"Global supply chain principles, Six Sigma Lean methodologies, and international freight forwarding protocols map seamlessly to Australian port and domestic logistics operations."
AU-CAND-129,Nurul Izzah (129),Malaysia,Australia,Supply Chain & Logistics,Supply chain & logistics Professional,Supply chain & logistics Professional Group (Malaysia),12,1/2010 Transportation Dangerous Goods Development Group Training Certificate 8/2009 Vision Airlines Maintenance Indoctri,133611,Supply and Distribution Manager,toward actively supporting a progressive organization as a key team member. Featured Skills x Expedite / AOG / Logistics x Customer Service x Finance / Accounting x Sales x Purchasing x Inventory Control x Stores / Wareh,"End-to-end supply chain orchestration, inventory turnover optimization, vendor SLA governance, route efficiency modeling, warehouse ERP management.","that makes me a well-seasoned professional. I bring with me experience of working with commercial, military, charter, and prototype aircraft. I am experienced and knowledgeable with Boeing, Airbus, Bombardier, Dornier, and Lockheed and have proven myself to be both versatile when working with various aircraft makes & customers. Experience January 2",Requires familiarity with Australian domestic freight lanes (National Freight and Supply Chain Strategy) and Australian Border Force customs import/export documentation.,"Global supply chain principles, Six Sigma Lean methodologies, and international freight forwarding protocols map seamlessly to Australian port and domestic logistics operations."
AU-CAND-130,Zulkhairi Idris (130),Malaysia,Australia,Supply Chain & Logistics,Supply chain & logistics Professional,Supply chain & logistics Professional Group (Malaysia),20,"Bachelor of Science : Business Administration , Current Trident University International - City , State Professional Dev",133611,Supply and Distribution Manager,Secret Security Clearance Project management Budget analysis Training / Development Schedule management Critical thinking Team building Written and oral communication skills Process improvement Microsoft Office Suite exp,"End-to-end supply chain orchestration, inventory turnover optimization, vendor SLA governance, route efficiency modeling, warehouse ERP management.","driving process improvements, financial administrative, and staff productivity in military environments. Cultivate strong relations through contract negotiation, project management, and policy/program development. Oversee all aspects of operations including HR/financial/accounting, and inventory control. Selected Accomplishments Managed all financi",Requires familiarity with Australian domestic freight lanes (National Freight and Supply Chain Strategy) and Australian Border Force customs import/export documentation.,"Global supply chain principles, Six Sigma Lean methodologies, and international freight forwarding protocols map seamlessly to Australian port and domestic logistics operations."
AU-CAND-131,Eileen Chong (131),Singapore,Australia,Supply Chain & Logistics,"DIRECTOR OF OPERATIONS, BPO","DIRECTOR OF OPERATIONS, BPO Group (Singapore)",15,"and Training Business Management 2001 Bergen Community College City , State , USA",133611,Supply and Distribution Manager,"Business Management, conversion, Client, Customer Satisfaction, Customer Services, customer service","End-to-end supply chain orchestration, inventory turnover optimization, vendor SLA governance, route efficiency modeling, warehouse ERP management.","Director of Operations, BPO 11/2013 to 04/2015 Company Name City , State Responsible for 3 Sales Locations (Over 200 employees) managed team of 200 professional that consisted of hiring, training, and performance management. Strengthened the client relationship between the client and Concentrix. Increased Client revenue from 2.2 Million to 3 Millio",Requires familiarity with Australian domestic freight lanes (National Freight and Supply Chain Strategy) and Australian Border Force customs import/export documentation.,"Global supply chain principles, Six Sigma Lean methodologies, and international freight forwarding protocols map seamlessly to Australian port and domestic logistics operations."
AU-CAND-132,Marcus Lim (132),Singapore,Australia,Supply Chain & Logistics,IT MANAGER,IT MANAGER Group (Singapore),13,"February 2002 Bachelors of Science Devry University － City , State GPA: GPA: 3.2 / 4.0 GPA: 3.2 / 4.0",133611,Supply and Distribution Manager,Enterprise platforms Consumer software specialist Project tracking Hardware and software upgrade planning Product requirements documentation Certified Information Security Manager Self-directed Budgeting and resource man,"End-to-end supply chain orchestration, inventory turnover optimization, vendor SLA governance, route efficiency modeling, warehouse ERP management.","10/2003 to Current IT Manager Company Name － City , State Systems Administrator 40 Hrs/Week Administer Windows 2003 Server, Windows 2003 Exchange server, R6000 IBM UNIX Server. Administered Nortel Meridian PBX Phone System add/removing accounts. Provided hardware and software support for internal & remote users. Configured and monitor network secur",Requires familiarity with Australian domestic freight lanes (National Freight and Supply Chain Strategy) and Australian Border Force customs import/export documentation.,"Global supply chain principles, Six Sigma Lean methodologies, and international freight forwarding protocols map seamlessly to Australian port and domestic logistics operations."
AU-CAND-133,Farhan Abdullah (133),Malaysia,Australia,Supply Chain & Logistics,Supply chain & logistics Professional,Supply chain & logistics Professional Group (Malaysia),5,"Bachelor of Computer Science : Network Security ECPI University － City , State Network Security",133611,Supply and Distribution Manager,Windows 7 Image Deploying via SCCM 2012 R2. Windows 7 and Windows Server 2008 R2 Patch Management. Application Deploying. Task Sequence Development.,"End-to-end supply chain orchestration, inventory turnover optimization, vendor SLA governance, route efficiency modeling, warehouse ERP management.","Desktop Support Engineer August 2012 to Current Company Name － City , State Develop, manage and maintain North Highland PC images, building, testing, manage inventory, PCs platform specifications through the utilization of System Center Configuration Manager 2012 R2 (SCCM 2012). Critical and Required Software and patch management for Windows 7 and ",Requires familiarity with Australian domestic freight lanes (National Freight and Supply Chain Strategy) and Australian Border Force customs import/export documentation.,"Global supply chain principles, Six Sigma Lean methodologies, and international freight forwarding protocols map seamlessly to Australian port and domestic logistics operations."
AU-CAND-134,Grace Teo (134),Singapore,Australia,Supply Chain & Logistics,PRODUCTION EXCELLENCE SPECIALIST,PRODUCTION EXCELLENCE SPECIALIST Group (Singapore),12,University of Maryland University College 2002 Bachelor of Science : Information Systems Management Information Systems ,133611,Supply and Distribution Manager,"Cross-functional leadership, Project management, Quality control, Process improvement, Workflow optimization","End-to-end supply chain orchestration, inventory turnover optimization, vendor SLA governance, route efficiency modeling, warehouse ERP management.",in value stream mapping Dedication to product quality Global and strategic sourcing Procedure development Client relationships Quantifiable revenue increases Lean manufacturing and design Analytical Cost reduction and containment QA/QC/Audits reports expert Multi-site operations Process improvement strategies Systems implementation Relationship bui,Requires familiarity with Australian domestic freight lanes (National Freight and Supply Chain Strategy) and Australian Border Force customs import/export documentation.,"Global supply chain principles, Six Sigma Lean methodologies, and international freight forwarding protocols map seamlessly to Australian port and domestic logistics operations."
AU-CAND-135,Hafiz Hashim (135),Malaysia,Australia,Supply Chain & Logistics,GENERAL MANAGER AND BOARD MEMBER,GENERAL MANAGER AND BOARD MEMBER Group (Malaysia),7,Bachelor of Arts : Pre-Law University of South Florida,133611,Supply and Distribution Manager,"account management, a P, B2B, Behavioral Health, business development, business operations, business planning, business process, Call Center, consulting, Contact Management, customer relationship management, CRM, Client","End-to-end supply chain orchestration, inventory turnover optimization, vendor SLA governance, route efficiency modeling, warehouse ERP management.","managing high growth/complex operations serving diverse industries to include wireless, technology, insurance, healthcare and consumer services. A change agent with a well-documented history of growing assets and expanding client relationships by setting effective strategic direction, building a platform for consistent operational execution and pro",Requires familiarity with Australian domestic freight lanes (National Freight and Supply Chain Strategy) and Australian Border Force customs import/export documentation.,"Global supply chain principles, Six Sigma Lean methodologies, and international freight forwarding protocols map seamlessly to Australian port and domestic logistics operations."
AU-CAND-136,Darren Koh (136),Singapore,Australia,Supply Chain & Logistics,QUALITY ASSURANCE MANAGER,QUALITY ASSURANCE MANAGER Group (Singapore),8,High School Diploma 05/1998 Liberty Eylau High School - City Graduated summa cum laude Graduated Top 3 of Class Member o,133611,Supply and Distribution Manager,Process Improvement 6S/LEAN/KAIZEN Principles Compliance/Regulations Identify/Analyze/Resolve Problems Supplier Quality Staff training and development Policy reinforcement Knowledge Of Quality Systems Audit Coordination,"End-to-end supply chain orchestration, inventory turnover optimization, vendor SLA governance, route efficiency modeling, warehouse ERP management.",in Aerospace. Committed to high standards of product inspections and customer service with extensive knowledge of EVO & Microsoft office use. Adept at collaborative with various departments for comprehensive quality control. Methodical with superb problem-solving and analytical abilities. Keeps meticulous records and identify and troubleshoot probl,Requires familiarity with Australian domestic freight lanes (National Freight and Supply Chain Strategy) and Australian Border Force customs import/export documentation.,"Global supply chain principles, Six Sigma Lean methodologies, and international freight forwarding protocols map seamlessly to Australian port and domestic logistics operations."
AU-CAND-137,Liam O'Connor (137),United Kingdom,Australia,Supply Chain & Logistics,TAX EXAMINING CLERK,TAX EXAMINING CLERK Group (United Kingdom),10,"California State University of San Bernardino Bachelor of Science Degree : Computer Science City , State , San Bernardin",133611,Supply and Distribution Manager,in resolving claims to the satisfaction of all involved parties. Analytical thinker and innovative problem solver. Highlights Property and liability claims adjusting Thorough in critical thinking Analyze problems and dev,"End-to-end supply chain orchestration, inventory turnover optimization, vendor SLA governance, route efficiency modeling, warehouse ERP management.",in the field of insurance with an emphasis on automobile claims.Trained in all aspects of insurance property and liability claims. Employs high-level negotiation skills in resolving claims to the satisfaction of all involved parties. Analytical thinker and innovative problem solver. Highlights Property and liability claims adjusting Thorough in cri,Requires familiarity with Australian domestic freight lanes (National Freight and Supply Chain Strategy) and Australian Border Force customs import/export documentation.,"Global supply chain principles, Six Sigma Lean methodologies, and international freight forwarding protocols map seamlessly to Australian port and domestic logistics operations."
AU-CAND-138,David MacLeod (138),United Kingdom,Australia,Supply Chain & Logistics,ACCOUNT EXECUTIVE,ACCOUNT EXECUTIVE Group (United Kingdom),5,"B.S. : Business Management , 04/2013 Southern Illinois University - City MBA : Business Management Strayer University - ",133611,Supply and Distribution Manager,"B2B Strategic Selling Business Development and Planning Territory Management Market Research Negotiation Time Management Growth Oriented Work History Account Executive , 10/2017 to 01/2019 Company Name – City , State Exp","End-to-end supply chain orchestration, inventory turnover optimization, vendor SLA governance, route efficiency modeling, warehouse ERP management.",at corporate levels for both startup and established companies,Requires familiarity with Australian domestic freight lanes (National Freight and Supply Chain Strategy) and Australian Border Force customs import/export documentation.,"Global supply chain principles, Six Sigma Lean methodologies, and international freight forwarding protocols map seamlessly to Australian port and domestic logistics operations."
AU-CAND-139,Fiona Gallagher (139),Ireland,Australia,Supply Chain & Logistics,SR. NETWORK ENGINEER,SR. NETWORK ENGINEER Group (Ireland),6,"MBA , IT 2011 London School of Accountancy & Management － City , United Kingdom PGDMS , Management 2010 London School of",133611,Supply and Distribution Manager,"Routers: Cisco 17XX, 18XX, 26XX, 28XX, 37XX, 38XX, 39XX &72XX series & ASR 1K & 9K Series Switches: Cisco 3550, 3750, 45XX, 65XX series, Nexus 5K, 2K, 7K, 9K Load Balancer: Cisco CSS, F5 Networks WAN Optimization: Cisco","End-to-end supply chain orchestration, inventory turnover optimization, vendor SLA governance, route efficiency modeling, warehouse ERP management.","Sr. Network Engineer Sep 2014 to Jul 2017 Company Name － City , State Implementation of VLANs with InterVLAN communication Implementation of HSRP, VRRP and GLBP redundant routing protocols Configuration of MPLS, BGP and EIGRP Installation and configuration of Layer 3 Switching infrastructure Installation and configuration of MPLS WAN routers Cisco ",Requires familiarity with Australian domestic freight lanes (National Freight and Supply Chain Strategy) and Australian Border Force customs import/export documentation.,"Global supply chain principles, Six Sigma Lean methodologies, and international freight forwarding protocols map seamlessly to Australian port and domestic logistics operations."
AU-CAND-140,Oliver Wright (140),United Kingdom,Australia,Supply Chain & Logistics,RISK SPECIALIST,RISK SPECIALIST Group (United Kingdom),8,"2004 University of Phoenix (Dallas Campus) City , State , United States Masters of Business Administration : Business Ad",133611,Supply and Distribution Manager,"Cross-functional leadership, Project management, Quality control, Process improvement, Workflow optimization","End-to-end supply chain orchestration, inventory turnover optimization, vendor SLA governance, route efficiency modeling, warehouse ERP management.","in the wholesale, retail, servicing and loss mitigation in the mortgage banking industry. Expertise includes cold calling, mortgage processing operations, underwriting quality assurance and developing a refinance and liquidation program for a mortgage servicing company. Experience March 2014 to November 2014 Company Name City , State Risk Specialis",Requires familiarity with Australian domestic freight lanes (National Freight and Supply Chain Strategy) and Australian Border Force customs import/export documentation.,"Global supply chain principles, Six Sigma Lean methodologies, and international freight forwarding protocols map seamlessly to Australian port and domestic logistics operations."
AU-CAND-141,Charlotte Davies (141),United Kingdom,Australia,Supply Chain & Logistics,AUTOMOBILE TRANSPORTER,AUTOMOBILE TRANSPORTER Group (United Kingdom),20,Bachelor's Degree in related discipline,133611,Supply and Distribution Manager,Quality control OSHA regulatory compliance Dependable independent worker Clean D.O.T. Good at following instructions Solid communication skills Strong organizational skills Strong work ethic Team player Timely project co,"End-to-end supply chain orchestration, inventory turnover optimization, vendor SLA governance, route efficiency modeling, warehouse ERP management.","in the military and trucking industry.Talented Mechanist Tech with more than 8 years of experience developing and executing maintenance programs. Excellent troubleshooting skills. Areas of expertise include mechanics, technology, and management. Key Skills Quality control OSHA regulatory compliance Dependable independent worker Clean D.O.T. Good at",Requires familiarity with Australian domestic freight lanes (National Freight and Supply Chain Strategy) and Australian Border Force customs import/export documentation.,"Global supply chain principles, Six Sigma Lean methodologies, and international freight forwarding protocols map seamlessly to Australian port and domestic logistics operations."
AU-CAND-142,Callum Murphy (142),Ireland,Australia,Supply Chain & Logistics,Supply chain & logistics Professional,Supply chain & logistics Professional Group (Ireland),20,"and Training 1994 Defining System Requirements, NASA, 2004 Advanced System Safety Practices, NASA, 2001 Personnel Manage",133611,Supply and Distribution Manager,Flight test management UAS operations Flight test engineering Systems integration and test Aircraft modification management Team leadership,"End-to-end supply chain orchestration, inventory turnover optimization, vendor SLA governance, route efficiency modeling, warehouse ERP management.","in fixed and rotary wing flight testing, test management, systems integration and UAV operations. Background includes greater than 20 years of experience in flight test planning, execution and reporting and more than 6 years of high-altitude, long-endurance Unmanned Aerial Systems (UAS) operations experience and 10 years total UAS operations experi",Requires familiarity with Australian domestic freight lanes (National Freight and Supply Chain Strategy) and Australian Border Force customs import/export documentation.,"Global supply chain principles, Six Sigma Lean methodologies, and international freight forwarding protocols map seamlessly to Australian port and domestic logistics operations."
AU-CAND-143,Sophie Turner (143),United Kingdom,Australia,Supply Chain & Logistics,SUPERVISOR,SUPERVISOR Group (United Kingdom),6,"Florida State College of Jacksonville City , State Aircraft Coating Technician Certificate *Intern Hours; 148 hours with",133611,Supply and Distribution Manager,"blueprints, C, charts, color, office, painting, paint, power tools, publications, Maintain records, maintain files, safety, supervising, technical manuals, Technician, telephone, type, Welding, word processing","End-to-end supply chain orchestration, inventory turnover optimization, vendor SLA governance, route efficiency modeling, warehouse ERP management.","January 2004 to January 2012 Company Name City , State Supervisor Worked on F/A-18C. Masked and covered surfaces not to be painted. Performed Plastic Media Blasting to remove paint and corrosion. Striped, sanded, masked, and repainted surfaces, and blended and polished finish to match surrounding areas, manually or using portable power tools. Clean",Requires familiarity with Australian domestic freight lanes (National Freight and Supply Chain Strategy) and Australian Border Force customs import/export documentation.,"Global supply chain principles, Six Sigma Lean methodologies, and international freight forwarding protocols map seamlessly to Australian port and domestic logistics operations."
AU-CAND-144,Jack Robinson (144),United Kingdom,Australia,Supply Chain & Logistics,SENIOR WARRANT OFFICER ADVISOR,SENIOR WARRANT OFFICER ADVISOR Group (United Kingdom),5,"Administrator, trained in Blackboard development, technical writing, Graduate level platform teaching, and flight instru",133611,Supply and Distribution Manager,"required to thrive in a fast-paced setting. Highly organized Subject Matter Expert in aviation operations and extremely successful at managing people and time. Offers prompt feedback on training assessments, participant","End-to-end supply chain orchestration, inventory turnover optimization, vendor SLA governance, route efficiency modeling, warehouse ERP management.","Senior Warrant Officer Advisor 05/2016 to Current Company Name City , State Supervisor: Joseph Hodgson; joseph.j.hodgson.mil@mail.mil Responsibilities: Served as a senior training manager, responsible for course management documents, Programs of Instruction, Course Administrative Data, Individual Training Plans, and training materials to include: l",Requires familiarity with Australian domestic freight lanes (National Freight and Supply Chain Strategy) and Australian Border Force customs import/export documentation.,"Global supply chain principles, Six Sigma Lean methodologies, and international freight forwarding protocols map seamlessly to Australian port and domestic logistics operations."
AU-CAND-145,Emma Walsh (145),Ireland,Australia,Supply Chain & Logistics,AVIATION SUPPLY TECHNICIAN,AVIATION SUPPLY TECHNICIAN Group (Ireland),4,"MBA : Management , 2014 University of Phoenix － City , State , United States BBA : Integrated Supply Chain and Operation",133611,Supply and Distribution Manager,"Cross-functional leadership, Project management, Quality control, Process improvement, Workflow optimization","End-to-end supply chain orchestration, inventory turnover optimization, vendor SLA governance, route efficiency modeling, warehouse ERP management.",and also further my personal amd professional development. Highlights Strategic planning Global and strategic sourcing Negotiations expert Procedure development Analytical Personable Team building Cost reduction and containment Multi-site operations Process improvement strategies Inventory control Initiative and leadership Contract management Manag,Requires familiarity with Australian domestic freight lanes (National Freight and Supply Chain Strategy) and Australian Border Force customs import/export documentation.,"Global supply chain principles, Six Sigma Lean methodologies, and international freight forwarding protocols map seamlessly to Australian port and domestic logistics operations."
AU-CAND-146,George Evans (146),United Kingdom,Australia,Supply Chain & Logistics,SOFTWARE ENGINEERING CO-OP,SOFTWARE ENGINEERING CO-OP Group (United Kingdom),7,"Bachelor of Science : Electrical Engineering Jun. 2013 University of Cincinnati City , State Electrical Engineering 3.1/",133611,Supply and Distribution Manager,"MySQL, PostgreSQL, SQLite, NoSQL, LevelDB Programming Languages: C, C++, Perl, PHP, Python, Go, JavaScript, Bash, SQL, Visual Basic, .NET Other Languages: CSS, HTML, XML, Markdown, Regular expression, SASS Operating Syst","End-to-end supply chain orchestration, inventory turnover optimization, vendor SLA governance, route efficiency modeling, warehouse ERP management.","in programming development across multiple platforms, software design, development and integration. Advanced knowledge of MySQL, CSS, C++ with expertise in all aspects of the software development life cycle, including requirements analysis, design, development and production support. Experienced Software Developer dedicated to constantly improving ",Requires familiarity with Australian domestic freight lanes (National Freight and Supply Chain Strategy) and Australian Border Force customs import/export documentation.,"Global supply chain principles, Six Sigma Lean methodologies, and international freight forwarding protocols map seamlessly to Australian port and domestic logistics operations."
AU-CAND-147,Johan van der Merwe (147),South Africa,Australia,Supply Chain & Logistics,AIR TRAFFIC CONTROLLER,AIR TRAFFIC CONTROLLER Group (South Africa),32,"Safety Risk Management , 2013 On-The-Job Techniques for instructors , 1992 Controller in Charge Training (CIC) , 1991 Re",133611,Supply and Distribution Manager,Certified En Route Air Traffic control,"End-to-end supply chain orchestration, inventory turnover optimization, vendor SLA governance, route efficiency modeling, warehouse ERP management.","working traffic in the En Route Environment. Performed OJTI, CIC and ERAM SME duties, specializing ERAM automaton. Highlights Certified En Route Air Traffic control experience. Effective listening. Adaptable. Fast learner. Strong collaborative team Member. Application of risk-management Principles. Learning style assessment. Accomplishments Preform",Requires familiarity with Australian domestic freight lanes (National Freight and Supply Chain Strategy) and Australian Border Force customs import/export documentation.,"Global supply chain principles, Six Sigma Lean methodologies, and international freight forwarding protocols map seamlessly to Australian port and domestic logistics operations."
AU-CAND-148,Sipho Ndlovu (148),South Africa,Australia,Supply Chain & Logistics,DATASTAGE ETL DEVELOPER,DATASTAGE ETL DEVELOPER Group (South Africa),6,"and Training BACHELOR OF TECHNOLOGY 2011 ANNA UNIVERSITY － City , State , INDIA BUSINESS INTELLIGENCE TRAINING 2011 TATA",133611,Supply and Distribution Manager,"in handling multiple offshore, nearshore project assignments with multiple resources and have delivered all requirements on time. Skills Expertise in IBM Datastage (8.5,9.1 and 11.5 versions) to perform ETL & ELT operati","End-to-end supply chain orchestration, inventory turnover optimization, vendor SLA governance, route efficiency modeling, warehouse ERP management.","and extensive experience in business and system analysis across multiple platforms using the full software development life cycle. I have worked in the role of Data Warehouse Specialist,ETL Datastage developer and Production Support Analyst requiring subject matter expertise when dealing with mainframe sources with COBOL/ASCII File structure ,Distr",Requires familiarity with Australian domestic freight lanes (National Freight and Supply Chain Strategy) and Australian Border Force customs import/export documentation.,"Global supply chain principles, Six Sigma Lean methodologies, and international freight forwarding protocols map seamlessly to Australian port and domestic logistics operations."
AU-CAND-149,Chantal Du Preez (149),South Africa,Australia,Supply Chain & Logistics,BUYER,BUYER Group (South Africa),5,"Master of Business Administration : Finance & Human Resource , 2008 CMR Institute of Management studies, Bangalore Unive",133611,Supply and Distribution Manager,"Proficient in Oracle, SAP ECC 6.0 version, Helios and Sun system version 5, MS-Word, Excel and PowerPoint.","End-to-end supply chain orchestration, inventory turnover optimization, vendor SLA governance, route efficiency modeling, warehouse ERP management.","in worldwide Procurement operations *Over 5 years of end to end experience with Accounts payable and reconciliation *Great team player with the ability to instill and reinforce confidence, self-esteem and optimistic attitude. *Organized, Analytic and versatile thinker, effective at developing and implementing creative ideas Highlights Proficient in",Requires familiarity with Australian domestic freight lanes (National Freight and Supply Chain Strategy) and Australian Border Force customs import/export documentation.,"Global supply chain principles, Six Sigma Lean methodologies, and international freight forwarding protocols map seamlessly to Australian port and domestic logistics operations."
AU-CAND-150,Themba Khumalo (150),South Africa,Australia,Supply Chain & Logistics,POLICY SERVICE SPECIALIST III,POLICY SERVICE SPECIALIST III Group (South Africa),6,"in Membership, California auto, collector car, home, assigned risk, and umbrella insurance, Texas and New Mexico auto, h",133611,Supply and Distribution Manager,"Able to motivate a group of employees towards a desired result Knowledge of Human Resources (wage and hour, labor law) Proficient in Microsoft Suite Strong leadership skills Succeed in fast paced, results driven atmosphe","End-to-end supply chain orchestration, inventory turnover optimization, vendor SLA governance, route efficiency modeling, warehouse ERP management.","via monitoring for compliance of internal processes and procedures. Analyzing the effectiveness of call activity and behaviors, and interpreting the ""voice of the member."" Accomplishments dfyaerh January 2005 to January 2006 Company Name - City , State Communicate and interact with insureds, banks, mortgagees, and lien holders. Explain benefits, ef",Requires familiarity with Australian domestic freight lanes (National Freight and Supply Chain Strategy) and Australian Border Force customs import/export documentation.,"Global supply chain principles, Six Sigma Lean methodologies, and international freight forwarding protocols map seamlessly to Australian port and domestic logistics operations."
AU-CAND-151,Anriette Botha (151),South Africa,Australia,Supply Chain & Logistics,RADIOLOGICAL CONTROL TECHNICIAN,RADIOLOGICAL CONTROL TECHNICIAN Group (South Africa),3,"NUCLEAR ENGINEERING TECHNOLOGY 2016 Thomas Edison , City , State , USA Recipient of Thomas Edison State University Milit",133611,Supply and Distribution Manager,"40- Hour Current OSHA 29 CFR 1910.120 Hazardous Waste Quick learner Adept multi-tasker Category 3 mixed waste worker training Life Harness Qualified U.S. Navy Article 108, Radiological Control Technician Qualification Se","End-to-end supply chain orchestration, inventory turnover optimization, vendor SLA governance, route efficiency modeling, warehouse ERP management.","working as a qualified radiological control technician working in the radiological control department in a variety of areas including limited facility decommissioning, and aircraft carrier Refueling on the CVN-72. Highly enthusiastic, self- motivating and resourceful professional. Summary of Skills 40- Hour Current OSHA 29 CFR 1910.120 Hazardous Wa",Requires familiarity with Australian domestic freight lanes (National Freight and Supply Chain Strategy) and Australian Border Force customs import/export documentation.,"Global supply chain principles, Six Sigma Lean methodologies, and international freight forwarding protocols map seamlessly to Australian port and domestic logistics operations."
AU-CAND-152,Lwazi Dlamini (152),South Africa,Australia,Supply Chain & Logistics,CONTACT CENTER SPECIALIST,CONTACT CENTER SPECIALIST Group (South Africa),10,September 2017 A.S. Degree : Business Administration Southern New Hampshire University Business Administration National ,133611,Supply and Distribution Manager,Healthcare Finance Policy/account changes Service-oriented Empathetic listener Energetic work attitude Client relations development Proactive problem solver,"End-to-end supply chain orchestration, inventory turnover optimization, vendor SLA governance, route efficiency modeling, warehouse ERP management.","in the non-profit, finance and healthcare fields. Proven track record of building rapport and establishing lasting relationships with clients and patients. Reliable, trustworthy and driven, with strong time management organizational abilities. Highlights Healthcare Finance Policy/account changes Service-oriented Empathetic listener Energetic work a",Requires familiarity with Australian domestic freight lanes (National Freight and Supply Chain Strategy) and Australian Border Force customs import/export documentation.,"Global supply chain principles, Six Sigma Lean methodologies, and international freight forwarding protocols map seamlessly to Australian port and domestic logistics operations."
AU-CAND-153,Pieter Joubert (153),South Africa,Australia,Supply Chain & Logistics,PASSENGER SERVICES OFFICER,PASSENGER SERVICES OFFICER Group (South Africa),8,Bachelor of Applied Science (Aviation) : Aviation Business Management Current Royal Melbourne Institute of Technology - ,133611,Supply and Distribution Manager,and knowledge as well as further develop these skills in a practical and fast-paced environment. Skills Customer service specialist Friendly Calm under pressure Federal Aviation Administration (FAA) regulations Cabin tec,"End-to-end supply chain orchestration, inventory turnover optimization, vendor SLA governance, route efficiency modeling, warehouse ERP management.",". I have good interpersonal skills, am an excellent team worker with an active and dynamic approach to work. I am flexible, reliable and possess excellent time keeping skills. As an aspiring business professional, I am looking to utilize my current analytical skills and knowledge as well as further develop these skills in a practical and fast-paced",Requires familiarity with Australian domestic freight lanes (National Freight and Supply Chain Strategy) and Australian Border Force customs import/export documentation.,"Global supply chain principles, Six Sigma Lean methodologies, and international freight forwarding protocols map seamlessly to Australian port and domestic logistics operations."
AU-CAND-154,Naledi Molefe (154),South Africa,Australia,Supply Chain & Logistics,CLINICAL AND DATA OPERATIONS SUPPORT ANALYST,CLINICAL AND DATA OPERATIONS SUPPORT ANALYST Group (South Africa),8,"The University of Texas at San Antonio 1999 Bachelor of Arts : Criminal Justice, Legal Studies City , State , US The Uni",133611,Supply and Distribution Manager,Excellent research skills Detail oriented Meticulous attention to detail Excel spreadsheets Strong problem solver Human resource laws knowledge Data collection and analysis Analytical thinker Creative problem solver Perf,"End-to-end supply chain orchestration, inventory turnover optimization, vendor SLA governance, route efficiency modeling, warehouse ERP management.",from the legal and clinical research fields. Summary of Skills Excellent research skills Detail oriented Meticulous attention to detail Excel spreadsheets Strong problem solver Human resource laws knowledge Data collection and analysis Analytical thinker Creative problem solver Performance metrics specialist Strong work ethic Good written communica,Requires familiarity with Australian domestic freight lanes (National Freight and Supply Chain Strategy) and Australian Border Force customs import/export documentation.,"Global supply chain principles, Six Sigma Lean methodologies, and international freight forwarding protocols map seamlessly to Australian port and domestic logistics operations."
AU-CAND-155,Camila Silva (155),Brazil,Australia,Supply Chain & Logistics,AVIATION SUPPLY SPECIALISTS,AVIATION SUPPLY SPECIALISTS Group (Brazil),20,"High School Diploma 1992 Hudson High School City , State , US Park University City , State 81 Semester Hours University ",133611,Supply and Distribution Manager,"Cross-functional leadership, Project management, Quality control, Process improvement, Workflow optimization","End-to-end supply chain orchestration, inventory turnover optimization, vendor SLA governance, route efficiency modeling, warehouse ERP management.","in different fields. I believe that my passion for assisting and interacting with people has given me a strong commitment to the medical field, with the patients interest at heart this makes me an ideal candidate to join the team. As a candidate, here's what I could immediately bring to the table: Effectiveness, in my role at your facility, I will ",Requires familiarity with Australian domestic freight lanes (National Freight and Supply Chain Strategy) and Australian Border Force customs import/export documentation.,"Global supply chain principles, Six Sigma Lean methodologies, and international freight forwarding protocols map seamlessly to Australian port and domestic logistics operations."
AU-CAND-156,Lucas Rossi (156),Brazil,Australia,Supply Chain & Logistics,NOC ENGINEER,NOC ENGINEER Group (Brazil),11,and valuable,133611,Supply and Distribution Manager,which include an in-depth understanding of Business Processes and Structured Methodologies,"End-to-end supply chain orchestration, inventory turnover optimization, vendor SLA governance, route efficiency modeling, warehouse ERP management.","in the Customer Service industry, excellent understanding of Offshore Client requirements, professional",Requires familiarity with Australian domestic freight lanes (National Freight and Supply Chain Strategy) and Australian Border Force customs import/export documentation.,"Global supply chain principles, Six Sigma Lean methodologies, and international freight forwarding protocols map seamlessly to Australian port and domestic logistics operations."
AU-CAND-157,Mariana Costa (157),Brazil,Australia,Supply Chain & Logistics,P AVIATION SUPPLY SPECIALIST,P AVIATION SUPPLY SPECIALIST Group (Brazil),5,"and Training Bachelor of Science : Aviation Management And Operations Florida Institute Of Technology-Melbourne City , S",133611,Supply and Distribution Manager,Report creation Freight operations Adaptive team player Dependable and reliable Materials transport Skilled forklift operator Cargo handling Defensive driver training Report creation Storage procedures Reviewing records,"End-to-end supply chain orchestration, inventory turnover optimization, vendor SLA governance, route efficiency modeling, warehouse ERP management.","Aviation Supply Specialist City , State Company Name / Aug 2017 to May 2021 Tracked, documented and updated the stock system with precise attention to detail and recordkeeping requirements. Coordinated materials delivery to units world-wide. Validated and processed requisitions for new unit supplies. Assisted with unit budgeting by entering accurat",Requires familiarity with Australian domestic freight lanes (National Freight and Supply Chain Strategy) and Australian Border Force customs import/export documentation.,"Global supply chain principles, Six Sigma Lean methodologies, and international freight forwarding protocols map seamlessly to Australian port and domestic logistics operations."
AU-CAND-158,Mateo Fernandez (158),Argentina,Australia,Supply Chain & Logistics,STUDENT,STUDENT Group (Argentina),2,"Bachelor of Science : Interdisciplinary Social Science , August 2015 Kansas State University - City , State , USA Interd",133611,Supply and Distribution Manager,and a desire for a career in social sciences. Served 8 1/2 years' in the US Army with,"End-to-end supply chain orchestration, inventory turnover optimization, vendor SLA governance, route efficiency modeling, warehouse ERP management.","in professionalism, dedication to duty, and integrity. Extensive background in Executive Administrative affairs over a 4 year period, including experience in employee training, personnel information management, counseling and mentorship, conflict resolution, general office operations, communication, mediation, and coordinating travel. Demonstrated ",Requires familiarity with Australian domestic freight lanes (National Freight and Supply Chain Strategy) and Australian Border Force customs import/export documentation.,"Global supply chain principles, Six Sigma Lean methodologies, and international freight forwarding protocols map seamlessly to Australian port and domestic logistics operations."
AU-CAND-159,Gabriel Santos (159),Brazil,Australia,Supply Chain & Logistics,ASSISTANT TO CFO,ASSISTANT TO CFO Group (Brazil),11,"High School Diploma : General 1995 Lake Weir High School City , State , USA",133611,Supply and Distribution Manager,Computer proficiency Service-minded Motivational leadership style Inventory control Professional demeanor Self-directed Time management ability Ability to prioritize Customer service System improvements Strong initiative,"End-to-end supply chain orchestration, inventory turnover optimization, vendor SLA governance, route efficiency modeling, warehouse ERP management.","Assistant to CFO 04/2008 to Current Company Name City , State Managed operations in accordance with budget requirements. Maintained compliance with company and legal requirements. Oversaw operations for Charter and Dispatch Department. Managed office inventory and placed new supply orders. Updated employee paperwork and records. Scheduled appointme",Requires familiarity with Australian domestic freight lanes (National Freight and Supply Chain Strategy) and Australian Border Force customs import/export documentation.,"Global supply chain principles, Six Sigma Lean methodologies, and international freight forwarding protocols map seamlessly to Australian port and domestic logistics operations."
AU-CAND-160,Valeria Morales (160),Chile,Australia,Supply Chain & Logistics,PASSENGER SERVICE CONCOURSE MANAGER,PASSENGER SERVICE CONCOURSE MANAGER Group (Chile),5,"and Training 2003 High School Diploma : Academics College Park High － City , State , USA Academics Technical",133611,Supply and Distribution Manager,Strategic planning Team building Personable Client relationships Dedicated Flexible Relationship building Decision Making Time Management Conflict Resolution Adaptability Ability to Work Under Pressure Creativity Ability,"End-to-end supply chain orchestration, inventory turnover optimization, vendor SLA governance, route efficiency modeling, warehouse ERP management.","12/2013 to Current Passenger Service Concourse Manager Company Name － City , State Maintain the appearance of equipment utilized throughout the day Managing daily operation while driving safety policies Directly responsible for overseeing 8 to 24 zone leaders Communicated, trained and pushed operational changes as directed Maintained healthy workin",Requires familiarity with Australian domestic freight lanes (National Freight and Supply Chain Strategy) and Australian Border Force customs import/export documentation.,"Global supply chain principles, Six Sigma Lean methodologies, and international freight forwarding protocols map seamlessly to Australian port and domestic logistics operations."
AU-CAND-161,Minh Tuan Nguyen (161),Vietnam,Australia,Engineering & Construction,ENGINEERING AND QUALITY TECHNICIAN Career Overview A highly,ENGINEERING AND QUALITY TECHNICIAN Career Overview A highly Group (Vietnam),3,"and IT /Data related companies Fascinated by learning cutting edge technologies, such as; Data Mining and Machine Learni",233211,Civil Engineer / Construction Project Manager,"ASP.NET 4.5, academic, Clustering, consulting, curriculum development, customer satisfaction, data analysis, data mining, data warehouse, Databases, database, database design, database management, data warehousing, envir","Structural analysis, CAD/BIM modeling, site QA/QC inspection, subcontractor management, bill of quantities (BOQ) preparation, safety compliance.","in SAS, Web scraping, SQL, Predictive modelling and data visualization. Excellent ability in identifying data requirements for analysis, data cleaning, munging and model building; Ensures the organization uses it effectively to reach profit and growth objectives. Comfortable with data handling, modeling, and coding, and have an appreciation of what","Requires Engineers Australia Stage 1 CDR assessment, and familiarity with Australian National Construction Code (NCC) and Australian Standards (AS 3600 / AS 4100).","Engineering mechanics, design calculations, and project management methodologies (PMBOK) align directly with Australian infrastructure project delivery."
AU-CAND-162,Thao My Le (162),Vietnam,Australia,Engineering & Construction,Engineering & construction Professional,Engineering & construction Professional Group (Vietnam),11,"GED & Adult High School Diploma 1983 Dekalb Community College City , State , USA",233211,Civil Engineer / Construction Project Manager,Professional verbal and written communication Type 80+ wpm Strong analytical and organizational skills Excellent interpersonal skills Professional phone manner and office etiquette Schedule management Self-starter Employ,"Structural analysis, CAD/BIM modeling, site QA/QC inspection, subcontractor management, bill of quantities (BOQ) preparation, safety compliance.","Administrative Associate II, Construction Management Department 09/2015 to Current Company Name City , State •Provide administrative and secretarial support to the Department Chair, students, faculty, industry advisory board members, and the public. •Supervision of Student Assistants and adviser to both grad students and assistants. •Maintain docum","Requires Engineers Australia Stage 1 CDR assessment, and familiarity with Australian National Construction Code (NCC) and Australian Standards (AS 3600 / AS 4100).","Engineering mechanics, design calculations, and project management methodologies (PMBOK) align directly with Australian infrastructure project delivery."
AU-CAND-163,Bao Hoang (163),Vietnam,Australia,Engineering & Construction,CONSTRUCTION INSPECTOR,CONSTRUCTION INSPECTOR Group (Vietnam),6,"2000 Basic Course for Police Officers Burlington County Police Academy － City , State Counter-Terrorism Awareness Street",233211,Civil Engineer / Construction Project Manager,"Cross-functional leadership, Project management, Quality control, Process improvement, Workflow optimization","Structural analysis, CAD/BIM modeling, site QA/QC inspection, subcontractor management, bill of quantities (BOQ) preparation, safety compliance.","01/2018 to 06/2018 Construction Inspector Company Name － City , State Inspected construction operations on roads and bridges to ensure work was done in accordance with the construction plans and specifications. Interpreted contract requirements through the examination of the specifications and drawings Applied a variety of testing and inspection te","Requires Engineers Australia Stage 1 CDR assessment, and familiarity with Australian National Construction Code (NCC) and Australian Standards (AS 3600 / AS 4100).","Engineering mechanics, design calculations, and project management methodologies (PMBOK) align directly with Australian infrastructure project delivery."
AU-CAND-164,Huyen My Dang (164),Vietnam,Australia,Engineering & Construction,CONSTRUCTION SAFETY OFFICER,CONSTRUCTION SAFETY OFFICER Group (Vietnam),7,"Associate degree , Risk Management 2008 Barrington College － State Risk Management Associate's Degree , Construction Adm",233211,Civil Engineer / Construction Project Manager,"audit reports, CPR, filing, Forklift, office, office management, personnel, policies, Risk Analysis, Safety, unique","Structural analysis, CAD/BIM modeling, site QA/QC inspection, subcontractor management, bill of quantities (BOQ) preparation, safety compliance.","in safety coordination. Expert in occupational safety and emergency management. Well versed in handling employee compensation claims and supervising risk analysis. QUALIFICATIONS AND EXPERTISE Proficient in facility monitoring and implementation of OSHA employee safety guidelines Demonstrated ability to manage care operations, insurance underwritin","Requires Engineers Australia Stage 1 CDR assessment, and familiarity with Australian National Construction Code (NCC) and Australian Standards (AS 3600 / AS 4100).","Engineering mechanics, design calculations, and project management methodologies (PMBOK) align directly with Australian infrastructure project delivery."
AU-CAND-165,Duc Anh Pham (165),Vietnam,Australia,Engineering & Construction,SENIOR ENGINEERING MANAGER,SENIOR ENGINEERING MANAGER Group (Vietnam),3,"Master of Business Administration : Decision Sciences 2007 San Francisco State University City , State Courses: Operatio",233211,Civil Engineer / Construction Project Manager,"Tutoring, teaching, mathematics, algebra, geometry, English, content management, documentation, middle school & high school math, college math, presentation, analysis, grading and evaluation, problem solving, ESL student","Structural analysis, CAD/BIM modeling, site QA/QC inspection, subcontractor management, bill of quantities (BOQ) preparation, safety compliance.","tutoring K-12 and college students in Mathematics. Highly reliable and approachable person with 8 years of professional experience in people management, leadership, documentation, multi-tasking, innovation and creativity, gained through the corporate world of Silicon Valley. Accomplishments Problem Solving Assisted students from K-12 through colleg","Requires Engineers Australia Stage 1 CDR assessment, and familiarity with Australian National Construction Code (NCC) and Australian Standards (AS 3600 / AS 4100).","Engineering mechanics, design calculations, and project management methodologies (PMBOK) align directly with Australian infrastructure project delivery."
AU-CAND-166,Quynh Chi Tran (166),Vietnam,Australia,Engineering & Construction,ENGINEERING SUPERVISOR,ENGINEERING SUPERVISOR Group (Vietnam),8,"University of Texas 5/2006 BS : Mechanical Engineering City , State Mechanical Engineering FE-Texas 4/2010",233211,Civil Engineer / Construction Project Manager,"are exemplified by my dedication, strong work ethic, and ability to motivate colleagues through example. I am seeking a position with an industry-leading manufacturing and design corporation, and I believe my work","Structural analysis, CAD/BIM modeling, site QA/QC inspection, subcontractor management, bill of quantities (BOQ) preparation, safety compliance.","with an emphasis on non-metallic materials used in oil field-related equipment, as well as a year in HVAC experience. Proficient in CAD and FEA software, I am also experienced with ISO document control processes and ASTM/API/NORSOK requirements. My leadership skills are exemplified by my dedication, strong work ethic, and ability to motivate collea","Requires Engineers Australia Stage 1 CDR assessment, and familiarity with Australian National Construction Code (NCC) and Australian Standards (AS 3600 / AS 4100).","Engineering mechanics, design calculations, and project management methodologies (PMBOK) align directly with Australian infrastructure project delivery."
AU-CAND-167,Hoang Nam Vu (167),Vietnam,Australia,Engineering & Construction,Engineering & construction Professional,Engineering & construction Professional Group (Vietnam),11,"and Training Associate of Science , Software Engineering 2015 Milwaukee Area Technical College － City , State , US Worki",233211,Civil Engineer / Construction Project Manager,"ASP, C#, VB.NET, SOAP, REST JQuery, Bootstrap, CSS, HTML5 MSSQL, MYSQL, DTS, SSIS, SSRS IIS 5, IIS 6 Agile, Scrum, Kanban Objective C, PHP, Perl","Structural analysis, CAD/BIM modeling, site QA/QC inspection, subcontractor management, bill of quantities (BOQ) preparation, safety compliance.",working at every level and stage of the software development life-cycle. Independently motivated to discover new techniques through self evaluation and improvement. Qualified in coaching individuals and teams on Agile and Scrum principles. Detail-oriented professional with extensive software development experience using a wide variety of languages.,"Requires Engineers Australia Stage 1 CDR assessment, and familiarity with Australian National Construction Code (NCC) and Australian Standards (AS 3600 / AS 4100).","Engineering mechanics, design calculations, and project management methodologies (PMBOK) align directly with Australian infrastructure project delivery."
AU-CAND-168,Phuong Linh Do (168),Vietnam,Australia,Engineering & Construction,"MANAGER, QUALITY ENGINEERING","MANAGER, QUALITY ENGINEERING Group (Vietnam)",14,"Master of Science : Mechanical Engineering UNIVERSITY OF VIRGINIA － City , State Bachelor of Arts : Physics and Biology ",233211,Civil Engineer / Construction Project Manager,"ProEngineer/CREO, MiniTab, MS Office Suite, MS Project, MS Visio, Injection Molding, Trackwise, Catsweb","Structural analysis, CAD/BIM modeling, site QA/QC inspection, subcontractor management, bill of quantities (BOQ) preparation, safety compliance.","in the fields of Class II and III medical device manufacturing, molecular diagnostics, and biotechnology; the last 8 of which have been managing engineers, technicians as well as supervisors, I bring strong technical leadership to any organization. I have a solid background in data analysis and statistics that I use to develop and continuously impr","Requires Engineers Australia Stage 1 CDR assessment, and familiarity with Australian National Construction Code (NCC) and Australian Standards (AS 3600 / AS 4100).","Engineering mechanics, design calculations, and project management methodologies (PMBOK) align directly with Australian infrastructure project delivery."
AU-CAND-169,Quoc Huy Trinh (169),Vietnam,Australia,Engineering & Construction,DIRECTOR OF SHIP CONSTRUCTION,DIRECTOR OF SHIP CONSTRUCTION Group (Vietnam),3,"Bachelors of Science : Business Management 2001 Troy State University City , State GPA: GPA: 3.6 Business Management GPA",233211,Civil Engineer / Construction Project Manager,Leadership Project management Business operations organization Budgeting expertise Employee relations Self-motivated Customer-oriented Lean Implementations Change Agent Team Player Labor Negotiations Honest Ethical Abili,"Structural analysis, CAD/BIM modeling, site QA/QC inspection, subcontractor management, bill of quantities (BOQ) preparation, safety compliance.","managing all levels of multiple projects including budgeting and administration. Ambitious Leader who creates strategic alliances with organization leaders to effectively align with and support key business initiatives. Builds and retains high performance teams by hiring, developing and motivating skilled professionals. A Motivated Change Agent who","Requires Engineers Australia Stage 1 CDR assessment, and familiarity with Australian National Construction Code (NCC) and Australian Standards (AS 3600 / AS 4100).","Engineering mechanics, design calculations, and project management methodologies (PMBOK) align directly with Australian infrastructure project delivery."
AU-CAND-170,Thu Hang Ngo (170),Vietnam,Australia,Engineering & Construction,QA / QC MANAGER,QA / QC MANAGER Group (Vietnam),21,AWS Certified CWI (Certificate # 08110741) API Certified TES (Certificate # 32697) API Certified 653 (Certificate # 4227,233211,Civil Engineer / Construction Project Manager,Current Certifications Job 21 years',"Structural analysis, CAD/BIM modeling, site QA/QC inspection, subcontractor management, bill of quantities (BOQ) preparation, safety compliance.","in the Oil and Gas Industry, Specializing in Repair/Maintenance and New Construction of Above Ground storage tanks, with 6 years in the QA / QC field. Highlights Microsoft Word, Excel, Weld Pro, Auto-Cad Matt Halderman- 1 Experience 01/2011 to 11/2016 01/2005 to 01/2008 QA / QC Manager Creates, maintains and establishes all WPQ's and WPS's while al","Requires Engineers Australia Stage 1 CDR assessment, and familiarity with Australian National Construction Code (NCC) and Australian Standards (AS 3600 / AS 4100).","Engineering mechanics, design calculations, and project management methodologies (PMBOK) align directly with Australian infrastructure project delivery."
AU-CAND-171,Tuan Kiet Vo (171),Vietnam,Australia,Engineering & Construction,ENGINEERING MANAGER/SENIOR MECHANICAL DESIGNER,ENGINEERING MANAGER/SENIOR MECHANICAL DESIGNER Group (Vietnam),12,"AutoCad : 2001 Penn State － City , State General Diploma : 1991 Faith Christian Academy",233211,Civil Engineer / Construction Project Manager,"assembly, AutoCAD, automation, budgets, budget, CNC, electronics, layout, machine tools, machinery, market, materials, mathematics, mechanical, networks, packaging, PLC, policies, presentations, programming, Project mana","Structural analysis, CAD/BIM modeling, site QA/QC inspection, subcontractor management, bill of quantities (BOQ) preparation, safety compliance.","in high-volume global operations, support of automated production equipment and the design, layout and support of custom machinery. Proven record of leading multi-skilled teams to drive projects from pre-development through post-development cycle. Increased operational profitability by enhancing processes. Visionary, forward-looking, and pioneering","Requires Engineers Australia Stage 1 CDR assessment, and familiarity with Australian National Construction Code (NCC) and Australian Standards (AS 3600 / AS 4100).","Engineering mechanics, design calculations, and project management methodologies (PMBOK) align directly with Australian infrastructure project delivery."
AU-CAND-172,Mai Anh Duong (172),Vietnam,Australia,Engineering & Construction,SENIOR FACILITIES AND CONSTRUCTION PROJECT MANAGER,SENIOR FACILITIES AND CONSTRUCTION PROJECT MANAGER Group (Vietnam),8,and Training 2015 Facilities and Technology Management : Electrical Engineering Technology Empire State College Dutchess,233211,Civil Engineer / Construction Project Manager,"*Facilities Management Professional, FMP and Certified Project Manager *Facilities and Technology Management *Electrical Engineering Technology *Construction Management *Licensed Master Electrician *Certified Advanced Fi","Structural analysis, CAD/BIM modeling, site QA/QC inspection, subcontractor management, bill of quantities (BOQ) preparation, safety compliance.","as Manager and Director of Facilities, Project and Construction Management in various challenging environments; twenty two in Higher","Requires Engineers Australia Stage 1 CDR assessment, and familiarity with Australian National Construction Code (NCC) and Australian Standards (AS 3600 / AS 4100).","Engineering mechanics, design calculations, and project management methodologies (PMBOK) align directly with Australian infrastructure project delivery."
AU-CAND-173,Dinh Trong Phan (173),Vietnam,Australia,Engineering & Construction,BIOMEDICAL ENGINEERING TECHNICIAN II,BIOMEDICAL ENGINEERING TECHNICIAN II Group (Vietnam),11,Bachelor's Degree in related discipline,233211,Civil Engineer / Construction Project Manager,"Microsoft Excel, Project and Visio Adobe Engineering standards OSHA regulations MS Office proficient Competency in procedure development Advanced anatomy knowledge Advanced knowledge of embedded systems Vast technical kn","Structural analysis, CAD/BIM modeling, site QA/QC inspection, subcontractor management, bill of quantities (BOQ) preparation, safety compliance.","Company Name June 2008 to Current Biomedical Engineering Technician II City , State Properly respond to service calls to evaluate, diagnose, perform repair and planned maintenance (PM) on the hospital's biomedical equipment. Integration of software for network systems such as Philips, Hillrom, and Hugs Infant Security System as well as installs of ","Requires Engineers Australia Stage 1 CDR assessment, and familiarity with Australian National Construction Code (NCC) and Australian Standards (AS 3600 / AS 4100).","Engineering mechanics, design calculations, and project management methodologies (PMBOK) align directly with Australian infrastructure project delivery."
AU-CAND-174,Ngoc Bich Ha (174),Vietnam,Australia,Engineering & Construction,ENGINEERING INTERN,ENGINEERING INTERN Group (Vietnam),8,"and Training Bachelor of Science : Civil Engineering 2018 University of Pittsburgh at Johnstown , City , State GPA: 3.01",233211,Civil Engineer / Construction Project Manager,"Bluebeam, Mathcad, Microsoft Word, Excel, Project, Powerpoint, Autocad Civil 3D.","Structural analysis, CAD/BIM modeling, site QA/QC inspection, subcontractor management, bill of quantities (BOQ) preparation, safety compliance.","Company Name City , State Engineering Intern 05/2017 to 08/2017 Spreadsheets Estimating Dealt with Subcontractors/Suppliers Plan Revisions Company Name City , State Field Engineering Intern 05/2016 to 08/2016 Drill Logs Time Cards Drilled Shaft Concrete Pours Quantities Company Name City , State Field Engineering Intern 05/2015 to 08/2015 Spreadshe","Requires Engineers Australia Stage 1 CDR assessment, and familiarity with Australian National Construction Code (NCC) and Australian Standards (AS 3600 / AS 4100).","Engineering mechanics, design calculations, and project management methodologies (PMBOK) align directly with Australian infrastructure project delivery."
AU-CAND-175,Gia Bao Ly (175),Vietnam,Australia,Engineering & Construction,ASSISTANT PROJECT MANAGER,ASSISTANT PROJECT MANAGER Group (Vietnam),4,"Associate of Science : Construction Management , 10/2013 California Polytechnic State University-San Luis Obispo - City ",233211,Civil Engineer / Construction Project Manager,in many applicable construction management fields and stakeholder communication. Highly effective at tackling multiple tasks at once and working with lots of different personalities. Seeking similar position with driven,"Structural analysis, CAD/BIM modeling, site QA/QC inspection, subcontractor management, bill of quantities (BOQ) preparation, safety compliance.","ctive at tackling multiple tasks at once and working with lots of different personalities. Seeking similar position with driven, competitive and established company. Skills Scheduling of meetings Client interfacing Commercial construction Residential construction Effective communication Construction management Team oversight Budgeting Project estim","Requires Engineers Australia Stage 1 CDR assessment, and familiarity with Australian National Construction Code (NCC) and Australian Standards (AS 3600 / AS 4100).","Engineering mechanics, design calculations, and project management methodologies (PMBOK) align directly with Australian infrastructure project delivery."
AU-CAND-176,Cam Tu Bui (176),Vietnam,Australia,Engineering & Construction,LIGHTING FIELD ENGINEERING TECHNICIAN,LIGHTING FIELD ENGINEERING TECHNICIAN Group (Vietnam),11,"Student- Customer Care. Business Cooperative Education Student- Customer Care 06/2011 to 08/2012 Company Name City , Sta",233211,Civil Engineer / Construction Project Manager,"Excellent communication techniques AutoCAD expert Microsoft Excel, Project and Visio Advanced critical thinking","Structural analysis, CAD/BIM modeling, site QA/QC inspection, subcontractor management, bill of quantities (BOQ) preparation, safety compliance.","Lighting Field Engineering Technician 10/2014 to 01/2016 Company Name City , State Supports Tampa Electric Company's lighting system construction and maintenance projects. Designs the most electrically efficient and cost effective outdoor lighting systems for new and existing residential and commercial customers. Designs the expansion, relocation o","Requires Engineers Australia Stage 1 CDR assessment, and familiarity with Australian National Construction Code (NCC) and Australian Standards (AS 3600 / AS 4100).","Engineering mechanics, design calculations, and project management methodologies (PMBOK) align directly with Australian infrastructure project delivery."
AU-CAND-177,Priya Sharma (177),India,Australia,Engineering & Construction,ENGINEERING INTERN,ENGINEERING INTERN Group (India),4,"May 2016 Bachelor of Science : Petroleum Engineering LOUISIANA STATE UNIVERSITY － City , State Petroleum Engineering Int",233211,Civil Engineer / Construction Project Manager,SolidWorks 2005 Electrical drafting Tube furnaces,"Structural analysis, CAD/BIM modeling, site QA/QC inspection, subcontractor management, bill of quantities (BOQ) preparation, safety compliance.","and 6 months of Engineering Internship experience working on multi-million dollar projects. Highly-motivated and quick learner. Can perform in fast-paced environments, make sound decisions, and direct and provide personnel with technical guidance. Embraces new challenges. Core Qualifications SolidWorks 2005 Electrical drafting Tube furnaces Experie","Requires Engineers Australia Stage 1 CDR assessment, and familiarity with Australian National Construction Code (NCC) and Australian Standards (AS 3600 / AS 4100).","Engineering mechanics, design calculations, and project management methodologies (PMBOK) align directly with Australian infrastructure project delivery."
AU-CAND-178,Rajesh Patel (178),India,Australia,Engineering & Construction,CONSTRUCTION WORKER,CONSTRUCTION WORKER Group (India),8,"High School Diploma : 2005 Moneta High School － City , State",233211,Civil Engineer / Construction Project Manager,Logistics Shipping and receiving Punctual and reliable Detail oriented Adaptive team player Strong problem solver Multi-tasker Fluent in Spanish,"Structural analysis, CAD/BIM modeling, site QA/QC inspection, subcontractor management, bill of quantities (BOQ) preparation, safety compliance.","Construction Worker October 2011 to Current Company Name － City , State Completed residential and commercial construction projects with minimal or no supervision. Retail Associate November 2012 to September 2013 Company Name － City , State Offered exceptional customer service to differentiate and promote the company brand. Balanced the needs of mul","Requires Engineers Australia Stage 1 CDR assessment, and familiarity with Australian National Construction Code (NCC) and Australian Standards (AS 3600 / AS 4100).","Engineering mechanics, design calculations, and project management methodologies (PMBOK) align directly with Australian infrastructure project delivery."
AU-CAND-179,Ananya Sen (179),India,Australia,Engineering & Construction,ENGINEERING TECHNOLOGIST,ENGINEERING TECHNOLOGIST Group (India),10,"and Training Bachelor of Science , Sociology Business Management December 2006 Purdue University － City , State Sociolog",233211,Civil Engineer / Construction Project Manager,Profile More than 10 years of successful,"Structural analysis, CAD/BIM modeling, site QA/QC inspection, subcontractor management, bill of quantities (BOQ) preparation, safety compliance.","in data analyzing, administrative and customer service roles with recognized strengths in account maintenance, problem-solving, thoroughness and extreme attention to detail Efficient in self-motivating, prioritizing, multitasking, meeting deadlines and working in independent capacity or as part of a team Proficient in Microsoft Office programs, Ope","Requires Engineers Australia Stage 1 CDR assessment, and familiarity with Australian National Construction Code (NCC) and Australian Standards (AS 3600 / AS 4100).","Engineering mechanics, design calculations, and project management methodologies (PMBOK) align directly with Australian infrastructure project delivery."
AU-CAND-180,Ravi Shankar (180),India,Australia,Engineering & Construction,REGIONAL SCHEDULE MANAGER,REGIONAL SCHEDULE MANAGER Group (India),20,"B.S.E : Civil Engineering , 1991 Colorado School of Mines Civil Engineering",233211,Civil Engineer / Construction Project Manager,Primavera 6 up to version 8.2 Tilos Linear Schedule Sure Track MS Project Excel / Word / Powerpoint Estimating Software - HCSS Certified Professional Engineer Enterprise One JD Edwards Cost Software Resource and Cost Loa,"Structural analysis, CAD/BIM modeling, site QA/QC inspection, subcontractor management, bill of quantities (BOQ) preparation, safety compliance.","Regional Schedule Manager February 2013 to Current Company Name － City , State Prepares proposal and bid schedules for railroads, pump stations, DOT hard bid, DOT design build, and DOT CMGC projects. Prepares baseline schedules and updates for the CPM on multiple MnDOT projects including the Dresbach I-90 Bridge Project, MnPASS design build on I-35","Requires Engineers Australia Stage 1 CDR assessment, and familiarity with Australian National Construction Code (NCC) and Australian Standards (AS 3600 / AS 4100).","Engineering mechanics, design calculations, and project management methodologies (PMBOK) align directly with Australian infrastructure project delivery."
AU-CAND-181,Kavita Nair (181),India,Australia,Engineering & Construction,ENGINEERING ASSISTANT,ENGINEERING ASSISTANT Group (India),20,and Training 09/2000 GED State of Ohio － City 02/2002 MILITARY TRAINING: : Identify Basic Engineering NAVY COURSE: A-651,233211,Civil Engineer / Construction Project Manager,Administrative support AP Critical thinking Doors Engineer Senior Management Forms Functional Leadership Machinery Navy Oil Organizational Pearl Personnel Personnel management Pick Problem solving Progress Project manage,"Structural analysis, CAD/BIM modeling, site QA/QC inspection, subcontractor management, bill of quantities (BOQ) preparation, safety compliance.","01/2019 to Current Engineering Assistant Company Name － City , State Annual Salary: 60,468 USD Hours per week: 40+ Series: 0802 Pay Grade: E-7, I'm currently an Engineering professional with 20 years of experience in the Department of Navy. Continually providing technical expertise to twelve ships stationed throughout the waterfront. I also provide","Requires Engineers Australia Stage 1 CDR assessment, and familiarity with Australian National Construction Code (NCC) and Australian Standards (AS 3600 / AS 4100).","Engineering mechanics, design calculations, and project management methodologies (PMBOK) align directly with Australian infrastructure project delivery."
AU-CAND-182,Sunil Joshi (182),India,Australia,Engineering & Construction,MECHANICAL DESIGN ENGINEERING INTERN,MECHANICAL DESIGN ENGINEERING INTERN Group (India),12,"Master of Science : Mechanical Engineering December 2014 SUNY, University at Buffalo GPA: GPA: 3.4/4.0 Mechanical Engine",233211,Civil Engineer / Construction Project Manager,"AutoCAD Mechanical, Pro/Engineer (Pro/E), MATLAB, PTC Creo, Revit, Autodesk Inventor, GD&T, Solidworks, Microstation, ANSYS Mechanical and Microsoft Office (Word, Excel, PowerPoint, Project) Tools","Structural analysis, CAD/BIM modeling, site QA/QC inspection, subcontractor management, bill of quantities (BOQ) preparation, safety compliance.","Mechanical Design Engineering Intern 05/2014 to 08/2014 Company Name City , State Familiarized with & utilized ASME Engineering Design, Drafting & Documentation Standards Provided support to the engineering team in developing conceptual layout drawings and performed various engineering studies to obtain the simplest and the most efficient engineeri","Requires Engineers Australia Stage 1 CDR assessment, and familiarity with Australian National Construction Code (NCC) and Australian Standards (AS 3600 / AS 4100).","Engineering mechanics, design calculations, and project management methodologies (PMBOK) align directly with Australian infrastructure project delivery."
AU-CAND-183,Arjun Kapoor (183),India,Australia,Engineering & Construction,SENIOR CONSTRUCTION PROJECT MANAGER,SENIOR CONSTRUCTION PROJECT MANAGER Group (India),6,"M.S B.S : Petro/Civil Engineering University of Southern California (USC) － City , State Petro/Civil Engineering PG&E Fr",233211,Civil Engineer / Construction Project Manager,"Microsoft Project, SAP, SRM, BPC, SCADA, GIS, Word, Excel, Power Point and Outlook","Structural analysis, CAD/BIM modeling, site QA/QC inspection, subcontractor management, bill of quantities (BOQ) preparation, safety compliance.","on a team oriented, multi-disciplinary environment in the commercial, industrial and residential field. Professional experience ensuring time, cost effectiveness and liability minimization of personnel, equipment and material by estimating, reviewing plans, submittals/RFI, approving bid packages, proposals, RWO, WO and CO. Coordinate and schedule a","Requires Engineers Australia Stage 1 CDR assessment, and familiarity with Australian National Construction Code (NCC) and Australian Standards (AS 3600 / AS 4100).","Engineering mechanics, design calculations, and project management methodologies (PMBOK) align directly with Australian infrastructure project delivery."
AU-CAND-184,Sneha Verma (184),India,Australia,Engineering & Construction,Engineering & construction Professional,Engineering & construction Professional Group (India),5,"Bachelor of Science 2005 St. Cloud State University － City , State 3.7 Associates , Science Pre-Engineering North Hennep",233211,Civil Engineer / Construction Project Manager,& Abilities Statistical Process Control Design of Experiment (DOE) Process Capability Studies AutoCAD Inventor MathCAD MS Office/Access Machine Design Plastic Injection/Extrusion EIT (FE) Exam Minitab Web handling Web Ha,"Structural analysis, CAD/BIM modeling, site QA/QC inspection, subcontractor management, bill of quantities (BOQ) preparation, safety compliance.","National Society of Collegiate Scholars, Phi Theta Kappa (International Honor Society), National Honor Society, President or Deans list every semester. Magna Cum Lauda Management Skill managing lab staff and QA process and documentation, SPC and process capability studies and the required systems/equipment/process to improve quality and reduce cost","Requires Engineers Australia Stage 1 CDR assessment, and familiarity with Australian National Construction Code (NCC) and Australian Standards (AS 3600 / AS 4100).","Engineering mechanics, design calculations, and project management methodologies (PMBOK) align directly with Australian infrastructure project delivery."
AU-CAND-185,Vikram Singhania (185),India,Australia,Engineering & Construction,ENGINEERING TECHNICIAN,ENGINEERING TECHNICIAN Group (India),11,"Bachelor of Science : Geography Social Sciences June, 2012 California Polytechnic State University Pomona GIS GPA: Pi Ga",233211,Civil Engineer / Construction Project Manager,and technologies that enhance my productivity in a complex organization. Adaptable to work for long periods and under the most stressed situations without losing focus and patience. Highlights Operating Systems: Windows,"Structural analysis, CAD/BIM modeling, site QA/QC inspection, subcontractor management, bill of quantities (BOQ) preparation, safety compliance.","Company Name Engineering Technician 07/2014 to Current Updating the map book settings to publish water tiles of atlas map Generating system valve and hydrant data per tile using Crystal Reports Creating Tree GIS database - subtypes, domains, required fields with data types, geo-coding about 38,000 tree addresses Analyzing DB and generating reports ","Requires Engineers Australia Stage 1 CDR assessment, and familiarity with Australian National Construction Code (NCC) and Australian Standards (AS 3600 / AS 4100).","Engineering mechanics, design calculations, and project management methodologies (PMBOK) align directly with Australian infrastructure project delivery."
AU-CAND-186,Deepika Rao (186),India,Australia,Engineering & Construction,Engineering & construction Professional,Engineering & construction Professional Group (India),9,"Eastern Washington University City , State Bachelor of Science : Construction Management Minor in Spanish Colegio Delibe",233211,Civil Engineer / Construction Project Manager,"Bilingual and biliterate in Spanish Proficient technical skills in: AutoCAD, Microsoft Word, PowerPoint, Excel Quality control & safety on project work field Able to perform management and communicative orientated tasks","Structural analysis, CAD/BIM modeling, site QA/QC inspection, subcontractor management, bill of quantities (BOQ) preparation, safety compliance.","June 2015 to August 2015 Company Name City , State General Construction Intern Gathered appropriate information of site before initiating construction prior to building Cooperated in demolition of roof in order to provide customer with new stick roofing Built additional room and bathroom at a home remodel and also framed multiple doors and windows ","Requires Engineers Australia Stage 1 CDR assessment, and familiarity with Australian National Construction Code (NCC) and Australian Standards (AS 3600 / AS 4100).","Engineering mechanics, design calculations, and project management methodologies (PMBOK) align directly with Australian infrastructure project delivery."
AU-CAND-187,Aditya Mehta (187),India,Australia,Engineering & Construction,SOFTWARE ENGINEERING MANAGER,SOFTWARE ENGINEERING MANAGER Group (India),20,"M.S : Computer Science Illinois Institute of Technology － City , State Computer Science B.E : Electronics and Communicat",233211,Civil Engineer / Construction Project Manager,"API, Approach, ATL, audio, backup, broadcast, C++, CLI, com, CA, Hardware, concept, Content, clients, documentation, dynamic HTML5, editing, XML, FTP, functional, drawing, GUI, http, IDs, Innovation, explorer, IP, JavaSc","Structural analysis, CAD/BIM modeling, site QA/QC inspection, subcontractor management, bill of quantities (BOQ) preparation, safety compliance.","in broadcast media, and 10+ years of experience in leading development teams (20+ engineers), hiring (10+ offers, 40+ interviews), HR personnel procedures, performance reviews, and project transitions. Experience 09/2009 to Current Software Engineering Manager Company Name － City , State Visual C++, Windows, STL, OOP, MFC, threads, file maps, ATL, ","Requires Engineers Australia Stage 1 CDR assessment, and familiarity with Australian National Construction Code (NCC) and Australian Standards (AS 3600 / AS 4100).","Engineering mechanics, design calculations, and project management methodologies (PMBOK) align directly with Australian infrastructure project delivery."
AU-CAND-188,Pooja Deshmukh (188),India,Australia,Engineering & Construction,SENIOR CONSTRUCTION MANAGER Senior Construction Manager,SENIOR CONSTRUCTION MANAGER Senior Construction Manager Group (India),8,"Bachelor of Science , Construction Management Technology 1993 Ohio State University － City , State , United Staes Course",233211,Civil Engineer / Construction Project Manager,"and knowledge. Inspect or review projects to monitor compliance with environmental regulations. Perform or contract others to perform prebuilding assessments, such as conceptual cost estimating, rough order of magnitude","Structural analysis, CAD/BIM modeling, site QA/QC inspection, subcontractor management, bill of quantities (BOQ) preparation, safety compliance.","Senior Construction Manager Mar 1994 to Aug 2013 Company Name － City , State Qualified competitive subcontractor bids prior to execution of contracts. Carefully coordinated plans and specs using marketing programming standards. Managed the rights of way, easement and dedication processes. Educated general contractor personnel on the quality standar","Requires Engineers Australia Stage 1 CDR assessment, and familiarity with Australian National Construction Code (NCC) and Australian Standards (AS 3600 / AS 4100).","Engineering mechanics, design calculations, and project management methodologies (PMBOK) align directly with Australian infrastructure project delivery."
AU-CAND-189,Rohan Kulkarni (189),India,Australia,Engineering & Construction,Engineering & construction Professional,Engineering & construction Professional Group (India),10,"and Training Bachelor of Science : 2002 Military College － City , State , iraq Bachelor of Military science engineering",233211,Civil Engineer / Construction Project Manager,"and strong ability to work independently or with co- workers and / or management as directed. Orderly, flexible, cooperative and immense ability to follow instructions. Profound ability to comply with required working ho","Structural analysis, CAD/BIM modeling, site QA/QC inspection, subcontractor management, bill of quantities (BOQ) preparation, safety compliance.","both locally and internationally with major information Technology and energy companies. Experience with report all non-conforming parts, materials or drawings to supervisor. With assembly and mechanical experience, resolve assembly problems, troubleshoot malfunctions and defects of final assembly. Report other problems to supervisor to obtain assi","Requires Engineers Australia Stage 1 CDR assessment, and familiarity with Australian National Construction Code (NCC) and Australian Standards (AS 3600 / AS 4100).","Engineering mechanics, design calculations, and project management methodologies (PMBOK) align directly with Australian infrastructure project delivery."
AU-CAND-190,Neha Banerjee (190),India,Australia,Engineering & Construction,ENGINEERING PROJECT MANAGER,ENGINEERING PROJECT MANAGER Group (India),10,"and Training Bachelor of Engineering : Electrical and Electronics , 2006 Visvesvaraya Technological University － City , ",233211,Civil Engineer / Construction Project Manager,"Aware of Analog Layout fundamentals like Device matching, shielding, Isolation, ESD, Latchup, Antenna, EM, DFM Physical verification layout using tools like K2Ver, Hercules, Caliber, Assura Used auto routers tools like I","Structural analysis, CAD/BIM modeling, site QA/QC inspection, subcontractor management, bill of quantities (BOQ) preparation, safety compliance.","in Analog, RF and Mixed Signal Layout Design at module and Chip levels for 180nm, 65nm, 45nm, 28nm TSMC, 14FF Samsung foundry and 10nm Intel. Experienced in planning, tracking and executing tasks to meet desired deadlines. Skills Aware of Analog Layout fundamentals like Device matching, shielding, Isolation, ESD, Latchup, Antenna, EM, DFM Physical ","Requires Engineers Australia Stage 1 CDR assessment, and familiarity with Australian National Construction Code (NCC) and Australian Standards (AS 3600 / AS 4100).","Engineering mechanics, design calculations, and project management methodologies (PMBOK) align directly with Australian infrastructure project delivery."
AU-CAND-191,Sanjay Chawla (191),India,Australia,Engineering & Construction,CONSTRUCTION HELPER,CONSTRUCTION HELPER Group (India),8,"September 2010 General English course, Leeds University, UK. * December 2009-January 2010: Computer course, Al-Azhar Uni",233211,Civil Engineer / Construction Project Manager,Residential construction Leadership Exceptional problem solver Sandbagging Excellent driving record Strong communication skills Friendly and hardworking Detail-oriented,"Structural analysis, CAD/BIM modeling, site QA/QC inspection, subcontractor management, bill of quantities (BOQ) preparation, safety compliance.",in the carpentry trade and construction. Highlights Residential construction Leadership Exceptional problem solver Sandbagging Excellent driving record Strong communication skills Friendly and hardworking Detail-oriented Accomplishments Led a crew of eight general construction laborers. Successfully ran a general contracting business of two houses.,"Requires Engineers Australia Stage 1 CDR assessment, and familiarity with Australian National Construction Code (NCC) and Australian Standards (AS 3600 / AS 4100).","Engineering mechanics, design calculations, and project management methodologies (PMBOK) align directly with Australian infrastructure project delivery."
AU-CAND-192,Meera Nambiar (192),India,Australia,Engineering & Construction,Engineering & construction Professional,Engineering & construction Professional Group (India),11,"and Training May 2018 Ph.D : UT Austin - PETROLEUM ENGINEERING Scientific Computation City , State PETROLEUM ENGINEERING",233211,Civil Engineer / Construction Project Manager,"C++, Python, MATLAB, Git, Bash, R, SQL (basic).","Structural analysis, CAD/BIM modeling, site QA/QC inspection, subcontractor management, bill of quantities (BOQ) preparation, safety compliance.","ENGINEERING INTERN 08/2016 － 12/2016 Company Name State Project: Develop a cavings transport model for optimizing hole-cleaning operations. Developed a solids transport model for predicting cuttings/cavings bed height during a hole-cleaning operation. In contrast to conventional CFD models that typically take several hours to run, this novel numeri","Requires Engineers Australia Stage 1 CDR assessment, and familiarity with Australian National Construction Code (NCC) and Australian Standards (AS 3600 / AS 4100).","Engineering mechanics, design calculations, and project management methodologies (PMBOK) align directly with Australian infrastructure project delivery."
AU-CAND-193,Maria Santos (193),Philippines,Australia,Engineering & Construction,ENGINEERING PROJECT MANAGER,ENGINEERING PROJECT MANAGER Group (Philippines),8,"Bachelor of Arts : Communication , 05/2015 Oakland University Summary",233211,Civil Engineer / Construction Project Manager,"Microsoft Office Suite, Dynamic AX, Access, Excel, PowerPoint and Word. Microsoft Teams.","Structural analysis, CAD/BIM modeling, site QA/QC inspection, subcontractor management, bill of quantities (BOQ) preparation, safety compliance.","Engineering Project Manager , 05/2015 to 07/2017 Company Name – City , State Managed various engineering projects from start to finish while cultivating the client relationship and overall sales processes both internally and externally. Tracked and reported key performance indicators while keeping present with market trends. Created data automation","Requires Engineers Australia Stage 1 CDR assessment, and familiarity with Australian National Construction Code (NCC) and Australian Standards (AS 3600 / AS 4100).","Engineering mechanics, design calculations, and project management methodologies (PMBOK) align directly with Australian infrastructure project delivery."
AU-CAND-194,Angelo Dela Cruz (194),Philippines,Australia,Engineering & Construction,ENGINEERING INTERN,ENGINEERING INTERN Group (Philippines),7,"and Training Master of Science , Automotive Systems Engineering May 2018 University of Michigan － City , State Automotiv",233211,Civil Engineer / Construction Project Manager,"AutoCAD, Ansys, Cero, CATIA, HyperMesh, DFMEA, MS Office Suite, Fortran, C, MATLAB/Simulink, CNC Programming","Structural analysis, CAD/BIM modeling, site QA/QC inspection, subcontractor management, bill of quantities (BOQ) preparation, safety compliance.","Dec 2016 Company Name Identified technological changes, key issues, trends, design and refined the vehicle definition. Illustrated vehicle design and highlighted major interior and exterior dimensions of the vehicle concept. Presented a technology plan on the above parameters. Simulation and Analysis of 1-2 Shift Processes of a 6-speed FWD AT, Univ","Requires Engineers Australia Stage 1 CDR assessment, and familiarity with Australian National Construction Code (NCC) and Australian Standards (AS 3600 / AS 4100).","Engineering mechanics, design calculations, and project management methodologies (PMBOK) align directly with Australian infrastructure project delivery."
AU-CAND-195,Kristine Reyes (195),Philippines,Australia,Engineering & Construction,CONCRETE CONSTRUCTION,CONCRETE CONSTRUCTION Group (Philippines),10,"Graphic Design Anthem Institute , City , State , USA High School Diploma 2004 Pennsauken High School , City , State , US",233211,Civil Engineer / Construction Project Manager,"Professional Familiar with a computerized warehouse system. Able to work at elevated heights up to 30 feet. Maintaining a clean, organized and safe work environment. Ability to organize and prioritize job tasks and requi","Structural analysis, CAD/BIM modeling, site QA/QC inspection, subcontractor management, bill of quantities (BOQ) preparation, safety compliance.","Company Name City , State Concrete Construction 03/2015 to Current Company Name City , State RETAIL FLOOR MANAGER 01/2014 to 01/2015 Having overall accountability for growing the sales and profitability throughout each area of the store. Managing teams to deliver proper merchandising and compliance throughout the operation, as well as delivering ex","Requires Engineers Australia Stage 1 CDR assessment, and familiarity with Australian National Construction Code (NCC) and Australian Standards (AS 3600 / AS 4100).","Engineering mechanics, design calculations, and project management methodologies (PMBOK) align directly with Australian infrastructure project delivery."
AU-CAND-196,Mark Bautista (196),Philippines,Australia,Engineering & Construction,ENGINEERING INTERN,ENGINEERING INTERN Group (Philippines),11,"and Training Bachelor of Science : Civil Engineering 2017 San Diego State University , City , State Professional Project",233211,Civil Engineer / Construction Project Manager,"Cross-functional leadership, Project management, Quality control, Process improvement, Workflow optimization","Structural analysis, CAD/BIM modeling, site QA/QC inspection, subcontractor management, bill of quantities (BOQ) preparation, safety compliance.",to the further the development of an organization and achieve growth in my professional career path.,"Requires Engineers Australia Stage 1 CDR assessment, and familiarity with Australian National Construction Code (NCC) and Australian Standards (AS 3600 / AS 4100).","Engineering mechanics, design calculations, and project management methodologies (PMBOK) align directly with Australian infrastructure project delivery."
AU-CAND-197,Jasmine Villanueva (197),Philippines,Australia,Engineering & Construction,PROJECT MANGER/LEAD SUPER,PROJECT MANGER/LEAD SUPER Group (Philippines),21,and government Directed $75M project that included new construction of 3 buildings and renovation of 3 existing building,233211,Civil Engineer / Construction Project Manager,"in project management, estimating, planning, complex data & profit analysis, resourcing, organizational networking/liaison, professional development, fieldwork supervision and leadership. Project Management: Strong backg","Structural analysis, CAD/BIM modeling, site QA/QC inspection, subcontractor management, bill of quantities (BOQ) preparation, safety compliance.","as a General Construction Project Manager. Across extensive career, have directed & organized multi-million dollar Construction projects and renovations, optimized operations/profits for full scale projects, and overseen multi-trade Construction teams. I have a broad repertoire of skills in project management, estimating, planning, complex data & p","Requires Engineers Australia Stage 1 CDR assessment, and familiarity with Australian National Construction Code (NCC) and Australian Standards (AS 3600 / AS 4100).","Engineering mechanics, design calculations, and project management methodologies (PMBOK) align directly with Australian infrastructure project delivery."
AU-CAND-198,Eduardo Ramos (198),Philippines,Australia,Engineering & Construction,Engineering & construction Professional,Engineering & construction Professional Group (Philippines),25,and Training Type your own 2016 Trade School Coursework in [Course Name] Languages Fluent in Spanish,233211,Civil Engineer / Construction Project Manager,demonstrated by over 25 years of,"Structural analysis, CAD/BIM modeling, site QA/QC inspection, subcontractor management, bill of quantities (BOQ) preparation, safety compliance.","Engineering Manager 11/2010 to 02/2016 Company Name City , State Directed the installation, testing, operation, maintenance, and repairs of equipment. Trained mechanics on standard operating procedures and coordinate preventive maintenance programs. Responsible for remodeling projects, making detailed plans to accomplish goals and direct the integr","Requires Engineers Australia Stage 1 CDR assessment, and familiarity with Australian National Construction Code (NCC) and Australian Standards (AS 3600 / AS 4100).","Engineering mechanics, design calculations, and project management methodologies (PMBOK) align directly with Australian infrastructure project delivery."
AU-CAND-199,Patricia Mendoza (199),Philippines,Australia,Engineering & Construction,SUPPORT ENGINEERING MANAGER,SUPPORT ENGINEERING MANAGER Group (Philippines),5,"Associate of Science : Mechanical Engineering Technology , 1993 Central Piedmont Community College Mechanical Engineerin",233211,Civil Engineer / Construction Project Manager,"Premier, Back-up, balance, cable, coaching, Council, CSS, databases, Hiring, Internet usage, leadership training, meetings, mentor, Exchange, Exchange Server, MOM, Outlook, Windows, 2000, network, networking, Novell serv","Structural analysis, CAD/BIM modeling, site QA/QC inspection, subcontractor management, bill of quantities (BOQ) preparation, safety compliance.","Support Engineering Manager , 06/2007 to Current Company Name Managed a number of teams with team size of up to 26 engineers at a time in Windows Platforms and System Center, including Setup, Cluster, Performance, SCOM, and Virtualization. Performed all performance management activities with my direct reports including performance reviews, Connects","Requires Engineers Australia Stage 1 CDR assessment, and familiarity with Australian National Construction Code (NCC) and Australian Standards (AS 3600 / AS 4100).","Engineering mechanics, design calculations, and project management methodologies (PMBOK) align directly with Australian infrastructure project delivery."
AU-CAND-200,Christian Garcia (200),Philippines,Australia,Engineering & Construction,HORIZONTAL CONSTRUCTION ENGINEER,HORIZONTAL CONSTRUCTION ENGINEER Group (Philippines),7,Bachelor's Degree in related discipline,233211,Civil Engineer / Construction Project Manager,"Administrative, cash register, closing, coach, SC, credit, customer relations, customer service, equipment operator, Fast, filing, inventory, Weapons, Nursing, organizing, policies, POS, quick, Restaurant operations, sal","Structural analysis, CAD/BIM modeling, site QA/QC inspection, subcontractor management, bill of quantities (BOQ) preparation, safety compliance.","in leadership as well as propagating tactical information. Operator of Heavy Construction Equipment, offering extensive experience operating equipment for any mission. Retail professional who excels in fast-paced environments, experience in customer service, merchandising, POS systems and cash handling. Ambitious student with excellent research, ti","Requires Engineers Australia Stage 1 CDR assessment, and familiarity with Australian National Construction Code (NCC) and Australian Standards (AS 3600 / AS 4100).","Engineering mechanics, design calculations, and project management methodologies (PMBOK) align directly with Australian infrastructure project delivery."
AU-CAND-201,Rowena Aquino (201),Philippines,Australia,Operations & Administration,Operations & administration Professional,Operations & administration Professional Group (Philippines),4,"Bachelor of Arts : Majors: Fine Art and Biology , 1985 Doane College - City , State Presidents Scholarship, Doane Colleg",223111,Human Resource Adviser / Operations Manager,"in order to positively contribute to the efficient operation as well as the reputation of the business Ability Summary Outstanding customer service skills: proven success in client needs assessment, providing reassurance","Strategic workforce planning, performance review cycles, dispute resolution, HRIS management (Workday/BambooHR), operational KPI governance.","Customer Advocate September 2007 to March 2015 Company Name - City , State Answered a high volume of incoming calls in a national call center from current and prospective customers as well as sales associates Actively listened to each client to ensure complete understanding of their concerns and provided innovative and individualized solutions Cond","Requires practical mastery of the Australian Fair Work Act 2009, Modern Awards system, and Superannuation Guarantee compliance.","Proven organizational design, change management, and stakeholder engagement capabilities translate across any enterprise setting with brief Fair Work onboarding."
AU-CAND-202,Jerome Alcantara (202),Philippines,Australia,Operations & Administration,CONSULTANT ACCOUNT,CONSULTANT ACCOUNT Group (Philippines),14,"and Training Bachelor of Arts : Communications 1984 Mercer University City , State Communications",223111,Human Resource Adviser / Operations Manager,and qualifications make me a viable candidate for this opportunity. Below is a brief summary of my skill set for your consideration. I am confident that my,"Strategic workforce planning, performance review cycles, dispute resolution, HRIS management (Workday/BambooHR), operational KPI governance.","and professional dedication will enable me to provide your organization with the skills you expect from your staff. I look forward to meeting you. I can be contacted at 404 Skills PROFESSIONAL SUMMARY Experienced, results oriented Customer Service Supervisor with a proven record of achieving business goals and objectives. Adept at communicating wit","Requires practical mastery of the Australian Fair Work Act 2009, Modern Awards system, and Superannuation Guarantee compliance.","Proven organizational design, change management, and stakeholder engagement capabilities translate across any enterprise setting with brief Fair Work onboarding."
AU-CAND-203,Camille Soriano (203),Philippines,Australia,Operations & Administration,CHARGE NURSE,CHARGE NURSE Group (Philippines),10,"High School Diploma : 05/1982 Lincoln Park High School - City General studies. Associate of Applied Science : Nursing , ",223111,Human Resource Adviser / Operations Manager,"Process evaluation Patient Care Planning Medical Record Auditing Detail oriented Critical thinking Strong work ethic Strong assessment skills Adaptability Collaboration CPI trained CPR Work History Charge Nurse , 07/2018","Strategic workforce planning, performance review cycles, dispute resolution, HRIS management (Workday/BambooHR), operational KPI governance.","on fast paced Dual Diagnosis /Chemical Dependency Unit and 13 years in Med-Surg. Experience with Holistic multi-disciplinary coordination of care for patients,including collaborating with Case Managers, Physicians, Ancillary providers,Social Workers and other internal and external programs. Experience de-escalating hostile and aggressive patients b","Requires practical mastery of the Australian Fair Work Act 2009, Modern Awards system, and Superannuation Guarantee compliance.","Proven organizational design, change management, and stakeholder engagement capabilities translate across any enterprise setting with brief Fair Work onboarding."
AU-CAND-204,Rafael Dizon (204),Philippines,Australia,Operations & Administration,HR BENEFITS/LEAVE COORDINATOR,HR BENEFITS/LEAVE COORDINATOR Group (Philippines),13,"and Training Bluefield College City , State Bachelor of Science : Organizational Management and Leadership Organizationa",223111,Human Resource Adviser / Operations Manager,"Proficient in all Microsoft applications and HRIS systems (Banner, PeopleAdmin, Personnel Management Information (PMIS) System and Benefits Eligibility System (BES), VRS Navigator (VNAV))","Strategic workforce planning, performance review cycles, dispute resolution, HRIS management (Workday/BambooHR), operational KPI governance.","and 27 years of administrative experience working in various settings *Professional, detail-oriented, excellent time-management skills, team player, open and honest communicator, effective at maintaining confidentiality and multi-tasker. Skills Proficient in all Microsoft applications and HRIS systems (Banner, PeopleAdmin, Personnel Management Info","Requires practical mastery of the Australian Fair Work Act 2009, Modern Awards system, and Superannuation Guarantee compliance.","Proven organizational design, change management, and stakeholder engagement capabilities translate across any enterprise setting with brief Fair Work onboarding."
AU-CAND-205,Ahmad Razali (205),Malaysia,Australia,Operations & Administration,HR GENERALIST,HR GENERALIST Group (Malaysia),11,"BBA : Human Resource Management 2004 Sam Houston State University , City , State , USA Minor in International Business C",223111,Human Resource Adviser / Operations Manager,Hiring and retention Training and development Compensation and benefits New hire orientation Compensation administration/payroll Mediation expertise Employee relations Labor agreements Regulatory compliance Knowledgeable,"Strategic workforce planning, performance review cycles, dispute resolution, HRIS management (Workday/BambooHR), operational KPI governance.","administering various HR plans and procedures. Emphasis on recruitment/retention, management and HR principles & practices. Expertise in employee relations and organization development through","Requires practical mastery of the Australian Fair Work Act 2009, Modern Awards system, and Superannuation Guarantee compliance.","Proven organizational design, change management, and stakeholder engagement capabilities translate across any enterprise setting with brief Fair Work onboarding."
AU-CAND-206,Siti Nurhaliza (206),Malaysia,Australia,Operations & Administration,HR SPECIALIST/ HORIZONTAL ENGINEER,HR SPECIALIST/ HORIZONTAL ENGINEER Group (Malaysia),10,"Bachelor of Science : Business Administrattion , 2018 Grantham University - City GPA: 3.7 Coursework in Speech and Commu",223111,Human Resource Adviser / Operations Manager,"and attention to detail with accuracy. Skills Word, Excel, PowerPoint, Outlook, Relevant Coursework Theories of Human Communication Oral Communication Customer Service Oriented Resolves Customer Problems Detail-Oriented","Strategic workforce planning, performance review cycles, dispute resolution, HRIS management (Workday/BambooHR), operational KPI governance.","in completing reference checks, preliminary phone interviews, job advertisement preparation, recruitment assistance and the like. Highly skilled in performing human resource and/or clerical functions for personnel matters impacting business decisions. Extremely proficient in creating, managing and administering HR systems, aligning policies and pro","Requires practical mastery of the Australian Fair Work Act 2009, Modern Awards system, and Superannuation Guarantee compliance.","Proven organizational design, change management, and stakeholder engagement capabilities translate across any enterprise setting with brief Fair Work onboarding."
AU-CAND-207,Wei Lun Tan (207),Singapore,Australia,Operations & Administration,PRINCIPAL CONSULTANT,PRINCIPAL CONSULTANT Group (Singapore),10,and Training Bachelors : Business Management LeTourneau University － State Business Management Houston Graduate School o,223111,Human Resource Adviser / Operations Manager,Organization Planning & Prioritizing Flexible Thinker Not a destroyer of value,"Strategic workforce planning, performance review cycles, dispute resolution, HRIS management (Workday/BambooHR), operational KPI governance.","06/2013 to Current Principal Consultant Company Name － City , State · Provide consulting services to clients on supply chain transformation initiatives, including developing integrated, target operating models for large procurement organizations. · Help support the evaluation of key process functions such as strategy, business development, category","Requires practical mastery of the Australian Fair Work Act 2009, Modern Awards system, and Superannuation Guarantee compliance.","Proven organizational design, change management, and stakeholder engagement capabilities translate across any enterprise setting with brief Fair Work onboarding."
AU-CAND-208,Chen Wei (208),Singapore,Australia,Operations & Administration,HR ASSISTANT INTERN,HR ASSISTANT INTERN Group (Singapore),8,"and Training Bachelors of Art Organizational Leadership , , Cleveland State University , April 2018 Organizational Leade",223111,Human Resource Adviser / Operations Manager,"High energy Sound judgment Compassionate Conflict resolution training Exceptional problem solver Excellent communication skills Excellent writing skills Customer service skills Proficiency in Microsoft Excel, Word, Power","Strategic workforce planning, performance review cycles, dispute resolution, HRIS management (Workday/BambooHR), operational KPI governance.","HR Assistant Intern , Company Name , February 2016 - March 2016 City , State Provide administrative support to the Human Resources Director. Verify I-9 documentation for new hires. Submit the online investigation requests and assists with new employee background checks. Update HR spreadsheet with employee change requests and process paperwork. Owne","Requires practical mastery of the Australian Fair Work Act 2009, Modern Awards system, and Superannuation Guarantee compliance.","Proven organizational design, change management, and stakeholder engagement capabilities translate across any enterprise setting with brief Fair Work onboarding."
AU-CAND-209,Nurul Izzah (209),Malaysia,Australia,Operations & Administration,Operations & administration Professional,Operations & administration Professional Group (Malaysia),10,"2005 Associate of Science : Biology John A. Logan College - City , State Affiliations CiHRG member SHRM member and Gradu",223111,Human Resource Adviser / Operations Manager,SHRM - HR Generalist Certificate CiHRG Member SHRM Member Notary Public ADP Vantage ADP Recruiting JD Edwards (JDE) Payroll 2016 Certificate via Fred Pryor Seminars All Windows versions and Mac OS platforms. Excel Word A,"Strategic workforce planning, performance review cycles, dispute resolution, HRIS management (Workday/BambooHR), operational KPI governance.","in all areas of HR, including policy development, performance management and benefits administration. Skills SHRM - HR Generalist Certificate CiHRG Member SHRM Member Notary Public ADP Vantage ADP Recruiting JD Edwards (JDE) Payroll 2016 Certificate via Fred Pryor Seminars All Windows versions and Mac OS platforms. Excel Word Access PowerPoint Outl","Requires practical mastery of the Australian Fair Work Act 2009, Modern Awards system, and Superannuation Guarantee compliance.","Proven organizational design, change management, and stakeholder engagement capabilities translate across any enterprise setting with brief Fair Work onboarding."
AU-CAND-210,Zulkhairi Idris (210),Malaysia,Australia,Operations & Administration,Operations & administration Professional,Operations & administration Professional Group (Malaysia),6,"MBA : Information Systems 2015 Park University City , State Information Systems Bachelors of Science : Business Administ",223111,Human Resource Adviser / Operations Manager,"AIX, automation, change management, Citrix, Consulting, client, clients, database, delivery, designing, documentation, FTP, HP-UX, HR, leadership, Linux, macros, managing, meetings, access, Microsoft Access, Works, Peopl","Strategic workforce planning, performance review cycles, dispute resolution, HRIS management (Workday/BambooHR), operational KPI governance.","Created build guides that ultimately led to the automation of many elements of the build process for several teams. This automation saved my team as well as others, weeks of build time and has allowed for a more standardized process. Experience Consultant 08/2015 to Current Company Name City , State Provides leadership and oversight to engagements ","Requires practical mastery of the Australian Fair Work Act 2009, Modern Awards system, and Superannuation Guarantee compliance.","Proven organizational design, change management, and stakeholder engagement capabilities translate across any enterprise setting with brief Fair Work onboarding."
AU-CAND-211,Eileen Chong (211),Singapore,Australia,Operations & Administration,CONSULTANT,CONSULTANT Group (Singapore),7,"J.D. : Law May 2005 Fordham University School of Law - City , State GPA: Fordham Journal of Corporate and Financial Law,",223111,Human Resource Adviser / Operations Manager,Court Procedures Legal Document Preparation Strong Researcher Strong Negotiator Organization Communication Leadership Team Player Litigation Management Detailed-Oriented Due Dilligence Deposition Motion Practice Regulato,"Strategic workforce planning, performance review cycles, dispute resolution, HRIS management (Workday/BambooHR), operational KPI governance."," complex cases in clients' favor. Meticulous, conscientious, tenacious, organized, analytical, and able to thrive in dynamic environments. Skills Court Procedures Legal Document Preparation Strong Researcher Strong Negotiator Organization Communication Leadership Team Player Litigation Management Detailed-Oriented Due Dilligence Deposition Motion P","Requires practical mastery of the Australian Fair Work Act 2009, Modern Awards system, and Superannuation Guarantee compliance.","Proven organizational design, change management, and stakeholder engagement capabilities translate across any enterprise setting with brief Fair Work onboarding."
AU-CAND-212,Marcus Lim (212),Singapore,Australia,Operations & Administration,HR MANAGER/GENERALIST,HR MANAGER/GENERALIST Group (Singapore),12,Master of Science Degree : Industrial Psychology Continuing education and training on an on-going basis in employment re,223111,Human Resource Adviser / Operations Manager,"ADP payroll, Attorney, benefits, billing, billings, Ceridian, charts, coaching, competitive, contract negotiations, counseling, employee relations, features, forms, HRIS, HR, insurance, law, management reporting, office","Strategic workforce planning, performance review cycles, dispute resolution, HRIS management (Workday/BambooHR), operational KPI governance.","in union and non-union, ISO and FDA regulated manufacturing environments Knowledge of State and Federal employment laws Ability to work effectively with all levels of employees and management, maintaining integrity, professionalism and confidentiality Ability to develop positive working relationships with TPAs, benefit service providers, recruiting","Requires practical mastery of the Australian Fair Work Act 2009, Modern Awards system, and Superannuation Guarantee compliance.","Proven organizational design, change management, and stakeholder engagement capabilities translate across any enterprise setting with brief Fair Work onboarding."
AU-CAND-213,Farhan Abdullah (213),Malaysia,Australia,Operations & Administration,REGIONAL HR MANAGER,REGIONAL HR MANAGER Group (Malaysia),5,"and Training MBA , Human Resource 2011 ICFAI Business School － City , State , India Human Resource Bachelor of Science ,",223111,Human Resource Adviser / Operations Manager,Staffing and recruiting professional Microsoft Office Suite expert Interviewing expertise HRIS applications proficient On Boarding/Off-boarding Report Writing Employee relations New employee orientations Performance Mana,"Strategic workforce planning, performance review cycles, dispute resolution, HRIS management (Workday/BambooHR), operational KPI governance.","in Human Resources vertical in areas of recruitment, employee relations and performance management after completing 2 years of full time Experience Regional HR Manager Aug 2015 to Dec 2016 Company Name － City Looking for good HR opportunities in San Francisco Bay Area. VISA STATUS:""Work Permit-No Visa sponsorship Required"" Skills Staffing and recru","Requires practical mastery of the Australian Fair Work Act 2009, Modern Awards system, and Superannuation Guarantee compliance.","Proven organizational design, change management, and stakeholder engagement capabilities translate across any enterprise setting with brief Fair Work onboarding."
AU-CAND-214,Grace Teo (214),Singapore,Australia,Operations & Administration,Operations & administration Professional,Operations & administration Professional Group (Singapore),5,"and Training 2016 MPH, George Washington University Bangladesh Medical College, University of Dhaka City MBBS 2003 Commu",223111,Human Resource Adviser / Operations Manager,"Microsoft Word, Excel, and Power Point","Strategic workforce planning, performance review cycles, dispute resolution, HRIS management (Workday/BambooHR), operational KPI governance.",October 2015 to November 2015 Company Name Consultant Identified Growth Monitoring and Promotion (GMP) program implementation deficits and suggested recommendations for improvement Reviewed available project documentation to locate potential program gaps Conducted multiple field visits to four districts in southwest to observe and provide technical,"Requires practical mastery of the Australian Fair Work Act 2009, Modern Awards system, and Superannuation Guarantee compliance.","Proven organizational design, change management, and stakeholder engagement capabilities translate across any enterprise setting with brief Fair Work onboarding."
AU-CAND-215,Hafiz Hashim (215),Malaysia,Australia,Operations & Administration,Operations & administration Professional,Operations & administration Professional Group (Malaysia),9,"and Training Master of Public Health , Epidemiology, Maternal and Child Health 09/2017 Boston University － City , State ",223111,Human Resource Adviser / Operations Manager,"Word programs (including Excel and Access), EPIC and other electronic medical records, and the database Efforts to Outcome (ETO). Working knowledge of SAS and R.","Strategic workforce planning, performance review cycles, dispute resolution, HRIS management (Workday/BambooHR), operational KPI governance.","Bilingual Domestic Violence Advocate Sep 2015 to Nov 2016 Company Name － City , State Provided advocacy services appropriate to client needs to a caseload of approximately 30 clients, through in person and/or phone contact. Advocacy services included crisis intervention, risk assessment, safety planning, supportive counseling, and assistance in acc","Requires practical mastery of the Australian Fair Work Act 2009, Modern Awards system, and Superannuation Guarantee compliance.","Proven organizational design, change management, and stakeholder engagement capabilities translate across any enterprise setting with brief Fair Work onboarding."
AU-CAND-216,Darren Koh (216),Singapore,Australia,Operations & Administration,CONSULTANT,CONSULTANT Group (Singapore),4,Degree MBA : International Business MIS Management Information Systems National University GPA: GPA: 10/4 International ,223111,Human Resource Adviser / Operations Manager,"JAVA Web Technologies HTML, CSS Databases MYSQL Database Tools SQL Analytical and data Retrieving Tools Google Analytics, TAM, TGI, RAM, IRS Operating Systems Windows 7, Windows Vista, Windows XP, and Apple OS X.","Strategic workforce planning, performance review cycles, dispute resolution, HRIS management (Workday/BambooHR), operational KPI governance.","of 4+ years. Excellent knowledge in the Media agency analytical tools like TAM (Television Audience Measurement), IRS (Indian Readership Survey), TGI (Target Group Index), and Google Analytics. Excellent knowledge in Microsoft Excel, Powerpoint, Outlook, Project, and Visio. Have used the tools at work place and academic front prudently. Basic and w","Requires practical mastery of the Australian Fair Work Act 2009, Modern Awards system, and Superannuation Guarantee compliance.","Proven organizational design, change management, and stakeholder engagement capabilities translate across any enterprise setting with brief Fair Work onboarding."
AU-CAND-217,Liam O'Connor (217),United Kingdom,Australia,Operations & Administration,Operations & administration Professional,Operations & administration Professional Group (United Kingdom),2,and Training 1976 Bachelor of Science : Health and Physical Education Computer Science and Information Technology Comput,223111,Human Resource Adviser / Operations Manager,Data analysis Business artifacts documentation Strategic planning Business development Team player Workflow analysis Product launches Brand management MS Project SQL and databases Risk mitigation and management Data mapp,"Strategic workforce planning, performance review cycles, dispute resolution, HRIS management (Workday/BambooHR), operational KPI governance.","12/2002 to 12/2017 Senior Client Advocate II Company Name － City , State SuppCRAIG Gabron CRAIG Gabron orted BlueCross BlueShield of South Carolina's TRICARE (Military Health Insurance) line of business functioning in an analyst role. This position required an ability to work in a matrix environment across cross-functional teams and the ability to ","Requires practical mastery of the Australian Fair Work Act 2009, Modern Awards system, and Superannuation Guarantee compliance.","Proven organizational design, change management, and stakeholder engagement capabilities translate across any enterprise setting with brief Fair Work onboarding."
AU-CAND-218,David MacLeod (218),United Kingdom,Australia,Operations & Administration,CUSTOMER SERVICE ADVOCATE,CUSTOMER SERVICE ADVOCATE Group (United Kingdom),18,"Bachelor of Science : Health Care Administration with Concentration in Management , 1991 University of Phoenix － City , ",223111,Human Resource Adviser / Operations Manager,demonstrated by18 years of,"Strategic workforce planning, performance review cycles, dispute resolution, HRIS management (Workday/BambooHR), operational KPI governance.","performing medical clerical duties and supporting 5 physicians in a busy medical office. Expertise includes with excellent communication skills demonstrated by18 years of experience, verifying insurance coverage, records reviews and schedule maintenance. Highlights Results-oriented Maintains strict confidentiality Meticulous attention to detail Exc","Requires practical mastery of the Australian Fair Work Act 2009, Modern Awards system, and Superannuation Guarantee compliance.","Proven organizational design, change management, and stakeholder engagement capabilities translate across any enterprise setting with brief Fair Work onboarding."
AU-CAND-219,Fiona Gallagher (219),Ireland,Australia,Operations & Administration,SENIOR CONSULTANT,SENIOR CONSULTANT Group (Ireland),14,High School Diploma Phoenix College Summary Positive and results-focused Consultant with 14+ years',223111,Human Resource Adviser / Operations Manager,MedForce technologies Written and communication skills Kronos Project management PeopleSafe Multi-tasking AS400 Customer service 3270 (MEDS) Staff training and development Medicare systems: MARx and Ecrs Process improvem,"Strategic workforce planning, performance review cycles, dispute resolution, HRIS management (Workday/BambooHR), operational KPI governance.","Senior Consultant , 09/2015 to Current Company Name – City , State Manage the relationship between CVS Health Med D enrollment operations and EGS (Expert Global Solutions), a. vendor contracted to process member centric requests and operational processes with 230+ employees. Engage. with site directors, operations managers, HR, trainers, workforce ","Requires practical mastery of the Australian Fair Work Act 2009, Modern Awards system, and Superannuation Guarantee compliance.","Proven organizational design, change management, and stakeholder engagement capabilities translate across any enterprise setting with brief Fair Work onboarding."
AU-CAND-220,Oliver Wright (220),United Kingdom,Australia,Operations & Administration,CONSTRUCTION CONSULTANT,CONSTRUCTION CONSULTANT Group (United Kingdom),10,1990 Business and Civil Engineering University of Tennessee － City Business and Civil Engineering Steve Knowles Kodiak E,223111,Human Resource Adviser / Operations Manager,"budgets, budget, Consulting, customer service, driving, fast, hiring, inventory, inventory control, logging, logistics, materials, Microsoft Office Suite, needs assessment, negotiating, personnel, procurement, project ma","Strategic workforce planning, performance review cycles, dispute resolution, HRIS management (Workday/BambooHR), operational KPI governance.","to develop and grow the business. Held every management position within the organization including: general manger, national corporate trainer, front of the house manager, kitchen manager, and bar manager. Experience in the organization culminated as a store owner and operator. Experience 01/2011 to 01/2015 Construction Consultant Company Name － Ci","Requires practical mastery of the Australian Fair Work Act 2009, Modern Awards system, and Superannuation Guarantee compliance.","Proven organizational design, change management, and stakeholder engagement capabilities translate across any enterprise setting with brief Fair Work onboarding."
AU-CAND-221,Charlotte Davies (221),United Kingdom,Australia,Operations & Administration,CONSULTANT,CONSULTANT Group (United Kingdom),3,"High School Diploma : Jun 2008 Stauton River High School － City , State , United States Bachelors of Science : Health Pr",223111,Human Resource Adviser / Operations Manager,allows me to communicate effectively with target audiences through strategic brand management and PR campaigns. I am tech-savvy and confident with three years of marketing and public relations,"Strategic workforce planning, performance review cycles, dispute resolution, HRIS management (Workday/BambooHR), operational KPI governance.","Consultant November 2015 to Current Company Name － City , State Consulting those looking for products Managing a sales quota each month Network Marketing Marketing Manager October 2013 to Current Company Name － City , State Oversee all marketing efforts for a property of 310 apartment and townhomes Maintain optimized rents based off of the market S","Requires practical mastery of the Australian Fair Work Act 2009, Modern Awards system, and Superannuation Guarantee compliance.","Proven organizational design, change management, and stakeholder engagement capabilities translate across any enterprise setting with brief Fair Work onboarding."
AU-CAND-222,Callum Murphy (222),Ireland,Australia,Operations & Administration,VICTIM ADVOCATE,VICTIM ADVOCATE Group (Ireland),5,"Masters of Science : Criminal Justice 2013 Saint Josephs University City , State , US Masters of Science, Criminal Justi",223111,Human Resource Adviser / Operations Manager,Problem solving expertise Time management MS Office proficiency Case planning Aware of legal and ethical standards Able to work independently and as a member of a team Comfortable with diverse populations Excellent relat,"Strategic workforce planning, performance review cycles, dispute resolution, HRIS management (Workday/BambooHR), operational KPI governance.","managing heavy case loads, working closely with social services and criminal justice agencies and program management.Well-rounded professional experienced in applying principles of psychology to personnel handling, administration, management and marketing problems. Extensive knowledge of human and industry behavior and performance, mental processes","Requires practical mastery of the Australian Fair Work Act 2009, Modern Awards system, and Superannuation Guarantee compliance.","Proven organizational design, change management, and stakeholder engagement capabilities translate across any enterprise setting with brief Fair Work onboarding."
AU-CAND-223,Sophie Turner (223),United Kingdom,Australia,Operations & Administration,HR ASSISTANT,HR ASSISTANT Group (United Kingdom),8,in the medical field. I look forward to working in an environment that enables me use of my,223111,Human Resource Adviser / Operations Manager,"Cross-functional leadership, Project management, Quality control, Process improvement, Workflow optimization","Strategic workforce planning, performance review cycles, dispute resolution, HRIS management (Workday/BambooHR), operational KPI governance.","Company Name April 2008 to Current HR Assistant City , State Assemble employee new hire packs Setting up, monitoring and then tracking employee probationary periods Carrying out background and reference checks on prospective employees Acting as the first point of contact for anyone enquiring about a vacancy Maintenance of the HR records and systems","Requires practical mastery of the Australian Fair Work Act 2009, Modern Awards system, and Superannuation Guarantee compliance.","Proven organizational design, change management, and stakeholder engagement capabilities translate across any enterprise setting with brief Fair Work onboarding."
AU-CAND-224,Jack Robinson (224),United Kingdom,Australia,Operations & Administration,CONSULTANT,CONSULTANT Group (United Kingdom),11,"and Training B.S. Degree : Information Management Systems Wayne State University City , State Information Management Sys",223111,Human Resource Adviser / Operations Manager,"Unix, SQL Server 2005, SQL Server 2008, SQL Server 2008R2, VM-Ware, ODBC, SQL, PL/SQL, Access, MS Office Suite, MS Visio, Oracle 10g, Oracle 11g, SAP Business Objects BI Suite, PeopleSoft, ADP, and cView SAP Business Obj","Strategic workforce planning, performance review cycles, dispute resolution, HRIS management (Workday/BambooHR), operational KPI governance.","Consultant 07/2016 to Current Company Name City , State Top 4 Financial Institution) Create SQL queries, stored procedures, and tables to extract data Analyze data to create executive team dashboards and daily visualizations Utilize Excel pivot tables to monitor observations within the Core Finance metadata template Analyze Core Finance and GBAM Am","Requires practical mastery of the Australian Fair Work Act 2009, Modern Awards system, and Superannuation Guarantee compliance.","Proven organizational design, change management, and stakeholder engagement capabilities translate across any enterprise setting with brief Fair Work onboarding."
AU-CAND-225,Emma Walsh (225),Ireland,Australia,Operations & Administration,DIRECTV HR RECRUITER/ ADMINISTRATION,DIRECTV HR RECRUITER/ ADMINISTRATION Group (Ireland),12,Bachelor's Degree in related discipline,223111,Human Resource Adviser / Operations Manager,Excellent communication skills Self-directed Accurate and detailed Certified in Basic Life Support (BLS) Electrocardiography Certification (EKG) Independent worker Strong organizational skills Energetic work attitude Cou,"Strategic workforce planning, performance review cycles, dispute resolution, HRIS management (Workday/BambooHR), operational KPI governance.","DIRECTV HR Recruiter/ Administration 11/2014 to Current Company Name City , State Generate new hire paperwork Keep all government documents up to date Help with the new employees and documentation Make copies, badges, and packets Transfer 125 MSO sheets into the computer per week Post job ads to bring in candidates for open positions Call and inter","Requires practical mastery of the Australian Fair Work Act 2009, Modern Awards system, and Superannuation Guarantee compliance.","Proven organizational design, change management, and stakeholder engagement capabilities translate across any enterprise setting with brief Fair Work onboarding."
AU-CAND-226,George Evans (226),United Kingdom,Australia,Operations & Administration,Operations & administration Professional,Operations & administration Professional Group (United Kingdom),8,Bachelor's Degree in related discipline,223111,Human Resource Adviser / Operations Manager,and concepts quickly. Customer service expert Telephone inquiries specialist Courteous demeanor,"Strategic workforce planning, performance review cycles, dispute resolution, HRIS management (Workday/BambooHR), operational KPI governance.","HR Senior Specialist 09/2006 to Current Company Name City , State Health insurance/Benefit Specialist Administrative Xerox Corporation - Xerox is a leader in BPO and IT Outsourcing across a variety of industries and the public sector. Thousands of companies rely on Xerox to help improve their processes, manage client operations, and focus on their ","Requires practical mastery of the Australian Fair Work Act 2009, Modern Awards system, and Superannuation Guarantee compliance.","Proven organizational design, change management, and stakeholder engagement capabilities translate across any enterprise setting with brief Fair Work onboarding."
AU-CAND-227,Johan van der Merwe (227),South Africa,Australia,Operations & Administration,HR ASSISTANT,HR ASSISTANT Group (South Africa),4,"BACHELOR OF ARTS : ORGANIZATIONAL LEADERSHIP MANAGEMENT AND HUMAN RESOURCE MANAGEMENT , 2011 Lourdes College － City , St",223111,Human Resource Adviser / Operations Manager,Interviewing expertise Employee Relations Manager Coaching and training Event management Employee Handbook development Staffing and recruiting professional Off-boarding,"Strategic workforce planning, performance review cycles, dispute resolution, HRIS management (Workday/BambooHR), operational KPI governance.","with public speaking on college campuses to attract new talent. Experience HR Assistant September 2015 to Current Company Name － City , State Advise managers on organizational policy matters andrecommend needed changes. Conduct new employee orientatio to foster positive attitudes toward organizational objectives. Identify staff vacancies and recrui","Requires practical mastery of the Australian Fair Work Act 2009, Modern Awards system, and Superannuation Guarantee compliance.","Proven organizational design, change management, and stakeholder engagement capabilities translate across any enterprise setting with brief Fair Work onboarding."
AU-CAND-228,Sipho Ndlovu (228),South Africa,Australia,Operations & Administration,HR DIRECTOR,HR DIRECTOR Group (South Africa),20,"and Training Master's Degree : Information Management Systems 05/2005 Friends University City , State , United States 3.",223111,Human Resource Adviser / Operations Manager,Recruiting FMLA/EEO/FLSA HRIS Development Benefit Administration Policy Development Web Page Development,"Strategic workforce planning, performance review cycles, dispute resolution, HRIS management (Workday/BambooHR), operational KPI governance.","in recruiting, 15 plus years in Human Resources Executive Management, 5 years of HRIS development and maintenance 4 years working in a Healthcare Enviroment Skills Recruiting FMLA/EEO/FLSA HRIS Development Benefit Administration Policy Development Web Page Development Accomplishments Kansas Health Institute -Health Outcomes for the State of Kansas ","Requires practical mastery of the Australian Fair Work Act 2009, Modern Awards system, and Superannuation Guarantee compliance.","Proven organizational design, change management, and stakeholder engagement capabilities translate across any enterprise setting with brief Fair Work onboarding."
AU-CAND-229,Chantal Du Preez (229),South Africa,Australia,Operations & Administration,DIRECTOR OF HR,DIRECTOR OF HR Group (South Africa),5,BS : Human Resources Management Business Administration Human Resources Management Business Administration Professional ,223111,Human Resource Adviser / Operations Manager,"Cross-functional leadership, Project management, Quality control, Process improvement, Workflow optimization","Strategic workforce planning, performance review cycles, dispute resolution, HRIS management (Workday/BambooHR), operational KPI governance.","Director of HR January 2013 to Current Company Name － City , State Directly report to the CEO and VP of a 65-year old real estate property management company. Accountable for the day-to-day operations functions of: HR, administration and technology with direct supervision of two staff members. As an active member of the leadership team, accomplishm","Requires practical mastery of the Australian Fair Work Act 2009, Modern Awards system, and Superannuation Guarantee compliance.","Proven organizational design, change management, and stakeholder engagement capabilities translate across any enterprise setting with brief Fair Work onboarding."
AU-CAND-230,Themba Khumalo (230),South Africa,Australia,Operations & Administration,BUSINESS CONSULTANT,BUSINESS CONSULTANT Group (South Africa),10,Degree : Google IT Support Certificate - currently enrolled via Coursera : May 2018 AS : Computer Information Systems Mo,223111,Human Resource Adviser / Operations Manager,Complex data transformations Data operations abilities Ability to validate data Exceptional interpersonal communication Project development Goal attainment Organized Operations management Project management Conflict reso,"Strategic workforce planning, performance review cycles, dispute resolution, HRIS management (Workday/BambooHR), operational KPI governance.","and technical knowledge can contribute and positively impact strategic improvements. Drive and support change for process improvement, implement technology solutions in fast paced evolving environments. I enjoy interacting with people to solve problems creatively and appreciate working in a diverse environment. Technology / OPERATIONS 10+ years wor","Requires practical mastery of the Australian Fair Work Act 2009, Modern Awards system, and Superannuation Guarantee compliance.","Proven organizational design, change management, and stakeholder engagement capabilities translate across any enterprise setting with brief Fair Work onboarding."
AU-CAND-231,Anriette Botha (231),South Africa,Australia,Operations & Administration,Operations & administration Professional,Operations & administration Professional Group (South Africa),19,"Masters of Science , Public Service Management, Healthcare Administration 06/04 DePaul University Public Service Managem",223111,Human Resource Adviser / Operations Manager,"Cross-functional leadership, Project management, Quality control, Process improvement, Workflow optimization","Strategic workforce planning, performance review cycles, dispute resolution, HRIS management (Workday/BambooHR), operational KPI governance.","in healthcare, business development, marketing and planning analysis. Develop and manage website for Advocate Physician Partners regarding their Managed Care and Clinical Integration for Population Health Management programs. Mined data to provide qualitative and quantitative analysis to key stakeholders, including executive team, regarding busines","Requires practical mastery of the Australian Fair Work Act 2009, Modern Awards system, and Superannuation Guarantee compliance.","Proven organizational design, change management, and stakeholder engagement capabilities translate across any enterprise setting with brief Fair Work onboarding."
AU-CAND-232,Lwazi Dlamini (232),South Africa,Australia,Operations & Administration,HR COORDINATOR,HR COORDINATOR Group (South Africa),7,"AS : Business Management , Present Albany State Technical College Business Management",223111,Human Resource Adviser / Operations Manager,"I have great knowledge of fax machines, printers, copiers, and computers. I type about 45 wpm with a great accuracy I also have Microsoft Word, Excel Access and PowerPoint","Strategic workforce planning, performance review cycles, dispute resolution, HRIS management (Workday/BambooHR), operational KPI governance.","Experience HR Coordinator February 2015 to Current Company Name － City , State Managed communication regarding employee orientation and open enrollment for benefits. Offered consistent payroll disbursement with accurate record keeping of employee PTO and vacation accruals. Explained human resources policies and procedures to all employees. Conducte","Requires practical mastery of the Australian Fair Work Act 2009, Modern Awards system, and Superannuation Guarantee compliance.","Proven organizational design, change management, and stakeholder engagement capabilities translate across any enterprise setting with brief Fair Work onboarding."
AU-CAND-233,Pieter Joubert (233),South Africa,Australia,Operations & Administration,CONSULTANT,CONSULTANT Group (South Africa),5,"Bachelor's Degree : Arts - Economics , May-2006 University of Mumbai Arts - Economics Bachelor's Degree : Arts - Economi",223111,Human Resource Adviser / Operations Manager,"Microsoft Office, Excel ERP/Platform: SAP, Oracle (11.x, 12.x) Reporting: Excel, Cognos, Oracle BI, Discoverer Time Keeping: Kronos, KABA Compensation Benefits Management HRIS Budgetary Planning Audit & MIS Legal Complia","Strategic workforce planning, performance review cycles, dispute resolution, HRIS management (Workday/BambooHR), operational KPI governance.","with expertise in HR Operations, Benefits, Employee Relation, HRIS , Payroll, HR Metrics & Employee Database Management. *An expert communicator & negotiator with strong conflict resolution skills. *Developing and implementing HR plans and procedures smoothly with little or no guidance. Highlights Microsoft Office, Excel ERP/Platform: SAP, Oracle (","Requires practical mastery of the Australian Fair Work Act 2009, Modern Awards system, and Superannuation Guarantee compliance.","Proven organizational design, change management, and stakeholder engagement capabilities translate across any enterprise setting with brief Fair Work onboarding."
AU-CAND-234,Naledi Molefe (234),South Africa,Australia,Operations & Administration,CONSULTANT,CONSULTANT Group (South Africa),10,"Master of Science : Computer Science , 1989 University of Pittsburgh University of Pittsburgh, Master of Science in Comp",223111,Human Resource Adviser / Operations Manager,"Proficient in HTML SQL expert Analytical Self-starter JavaScript expert C, C++, Java expert","Strategic workforce planning, performance review cycles, dispute resolution, HRIS management (Workday/BambooHR), operational KPI governance.","designing, implementing, and maintaining computer programs, architectures, and operating systems. Expert in C, C++, Java, SQL and with web based applications. Over ten years' experience teaching as adjunct or full time faculty while running a consulting firm. Highlights Proficient in HTML SQL expert Analytical Self-starter JavaScript expert C, C++,","Requires practical mastery of the Australian Fair Work Act 2009, Modern Awards system, and Superannuation Guarantee compliance.","Proven organizational design, change management, and stakeholder engagement capabilities translate across any enterprise setting with brief Fair Work onboarding."
AU-CAND-235,Camila Silva (235),Brazil,Australia,Operations & Administration,HR CLERK,HR CLERK Group (Brazil),4,2015 SHRM Learning System - SHRM Program covers the SHRM Body of Competency and Knowledge (SHRM BoCK ) preparing for the,223111,Human Resource Adviser / Operations Manager,New Employee Orientation Applicant Tracking System Onboarding Payroll Management includes timekeeper for Kronos Timekeeping System Compensation and Benefits Performance Management Workers Compensation General Ledger Acco,"Strategic workforce planning, performance review cycles, dispute resolution, HRIS management (Workday/BambooHR), operational KPI governance.","02/2016 to Current HR Clerk Company Name － City , State Coordinate and oversea recruitment and orientation program support for other HR assigned special projects. Coordinates and support for hiring of temporary hourly employees. 01/2012 to 01/2015 Administrative Coordinator Company Name － City , State Coordinates, oversees, and performs a wide vari","Requires practical mastery of the Australian Fair Work Act 2009, Modern Awards system, and Superannuation Guarantee compliance.","Proven organizational design, change management, and stakeholder engagement capabilities translate across any enterprise setting with brief Fair Work onboarding."
AU-CAND-236,Lucas Rossi (236),Brazil,Australia,Operations & Administration,IT CONSULTANT,IT CONSULTANT Group (Brazil),10,"Stratford University City , State , US Associate of Applied Science : Network Management and Security Stratford Universi",223111,Human Resource Adviser / Operations Manager,"Technical Hardware: Windows, Macintosh, IBM, Dell, Toshiba, Sony, HP, Cisco routers, switches, network printers Operating Systems and Networks: Windows 8.1, Windows 8, Windows 7, Vista, Windows XP, 2000, 98, Windows Serv","Strategic workforce planning, performance review cycles, dispute resolution, HRIS management (Workday/BambooHR), operational KPI governance.","in installing, maintaining, and repairing hardware, software, and networks. Work well independently, or in a group setting providing all facets of server, computer and network support. Fluent in Spanish. Core Qualifications Technical Hardware: Windows, Macintosh, IBM, Dell, Toshiba, Sony, HP, Cisco routers, switches, network printers Operating Syst","Requires practical mastery of the Australian Fair Work Act 2009, Modern Awards system, and Superannuation Guarantee compliance.","Proven organizational design, change management, and stakeholder engagement capabilities translate across any enterprise setting with brief Fair Work onboarding."
AU-CAND-237,Mariana Costa (237),Brazil,Australia,Operations & Administration,Operations & administration Professional,Operations & administration Professional Group (Brazil),15,Bachelor's Degree in related discipline,223111,Human Resource Adviser / Operations Manager,Seasoned in conflict resolution Sharp problem solver Energetic work attitude Large cash/check deposits expert Customer service expert Telephone inquiries specialist Invoice processing Adaptive team player Telecommunicati,"Strategic workforce planning, performance review cycles, dispute resolution, HRIS management (Workday/BambooHR), operational KPI governance.","in retail, real estate, medical, insurance and sales customer service. Core Strengths Strong organizational skills Seasoned in conflict resolution Sharp problem solver Energetic work attitude Large cash/check deposits expert Customer service expert Telephone inquiries specialist Invoice processing Adaptive team player Telecommunication skills Accom","Requires practical mastery of the Australian Fair Work Act 2009, Modern Awards system, and Superannuation Guarantee compliance.","Proven organizational design, change management, and stakeholder engagement capabilities translate across any enterprise setting with brief Fair Work onboarding."
AU-CAND-238,Mateo Fernandez (238),Argentina,Australia,Operations & Administration,HR SPECIALIST,HR SPECIALIST Group (Argentina),9,"and Training Bachelor of Arts (BA) : Broadcast and Print Journalism 05/1998 St. Augustine's University City , State Broa",223111,Human Resource Adviser / Operations Manager,HR Advisory Services Strategic Recruitment Planning HR Policies & Procedures Staff Recruitment & Retention HR Program/Project Management Orientation & Onboarding Performance Management Delegated Examining Classification,"Strategic workforce planning, performance review cycles, dispute resolution, HRIS management (Workday/BambooHR), operational KPI governance.","in position management, HR Internship Program development and management, Pathways, Presidential Management Fellows, employee onboarding, orientation, HR policies, regulations and legal compliance. *Demonstrated success in managing HR programs, developing teambuilding programs, and writing standard operating procedures, hiring authorities and polic","Requires practical mastery of the Australian Fair Work Act 2009, Modern Awards system, and Superannuation Guarantee compliance.","Proven organizational design, change management, and stakeholder engagement capabilities translate across any enterprise setting with brief Fair Work onboarding."
AU-CAND-239,Gabriel Santos (239),Brazil,Australia,Operations & Administration,HR ASSOCIATE,HR ASSOCIATE Group (Brazil),3,"Bachelor of Science : Business Administration – Human Resource Management, Psychology , 05/2018 North Carolina State Uni",223111,Human Resource Adviser / Operations Manager,Recruiting Onboarding Project Management Event Planning Employee Relations Teamwork/Collaboration Training and Development Public Speaking Social Media Marketing ADP Workday Microsoft Office Suite ADP Benefits Branding B,"Strategic workforce planning, performance review cycles, dispute resolution, HRIS management (Workday/BambooHR), operational KPI governance.","driving innovation and strategy for a global technology organization. Excellent reputation for proactively resolving problems, communicating effectively, and driving overall operational improvements. Relocating to the San Francisco Bay Area and seeking a fulltime role in Human Resources or Talent Acquisition where I can leverage my experience and p","Requires practical mastery of the Australian Fair Work Act 2009, Modern Awards system, and Superannuation Guarantee compliance.","Proven organizational design, change management, and stakeholder engagement capabilities translate across any enterprise setting with brief Fair Work onboarding."
AU-CAND-240,Valeria Morales (240),Chile,Australia,Operations & Administration,CLIENT ADVOCATE / ESCALATION SPECIALIST,CLIENT ADVOCATE / ESCALATION SPECIALIST Group (Chile),10,"Bachelor of Arts , Political Science Pre-Law 2017 University of New Orleans - City , State Classes are online and will n",223111,Human Resource Adviser / Operations Manager,Results-oriented Self-directed Strong problem solver Dedicated team player Strong interpersonal skills Microsoft Office proficiency,"Strategic workforce planning, performance review cycles, dispute resolution, HRIS management (Workday/BambooHR), operational KPI governance.","Client Advocate / Escalation Specialist Nov 2015 to May 2016 Company Name - City , State Takeover of escalated calls from customer service Coached customer service representatives to improve skills Business Manager, HR Coordinator, Training Coordinator, Receptionist Jun 2008 to Oct 2015 Company Name - City , State Managed administrative, accounting","Requires practical mastery of the Australian Fair Work Act 2009, Modern Awards system, and Superannuation Guarantee compliance.","Proven organizational design, change management, and stakeholder engagement capabilities translate across any enterprise setting with brief Fair Work onboarding."
AU-CAND-241,Minh Tuan Nguyen (241),Vietnam,Australia,Technology & Data,ASSISTANT INFORMATION TECHNOLOGY (IT) DIRECTOR,ASSISTANT INFORMATION TECHNOLOGY (IT) DIRECTOR Group (Vietnam),9,De La Salle University Guidance & Counseling MS Guidance & Counseling Assumption College Psychology BS Psychology Agile ,261313,Software Engineer / Data Specialist,Management information systems Project development and lifecycle Process improvement Risk management Natural leader Quality assurance and control Unsurpassed work ethic Cost reduction and containment Systems implementati,"Full-stack software architecture, cloud platforms (AWS/Azure/GCP), CI/CD pipeline automation, relational & NoSQL databases, RESTful microservices.","January 2011 to Current Company Name City , State Assistant Information Technology (IT) Director Led the organization towards eligibility in the eHealth Exchange Information Network which will allow the county providers to exchange patient information with other federal agencies non- federal organizations through a secure, trusted, and interoperabl","Minor gap in Australian data sovereignty frameworks (Privacy Act 1988, Essential Eight cyber maturity), easily bridged via standard security onboarding.","Tech stacks, system architectures, and agile software development lifecycle methodologies are globally standardized and immediately productive on day one in Australia."
AU-CAND-242,Thao My Le (242),Vietnam,Australia,Technology & Data,ADJUNCT INSTRUCTOR Skill,ADJUNCT INSTRUCTOR Skill Group (Vietnam),11,"MS : Computer Science , 1992 University of New Haven － City , State , US MS in Computer Science University of New Haven ",261313,Software Engineer / Data Specialist,Quality Engineering Process Improvement Acceptance Testing Strategic Planning Organizational Development Requirement Assessment Coaching & Mentoring Business Intelligence SDLC People Management Team Building Data Analysi,"Full-stack software architecture, cloud platforms (AWS/Azure/GCP), CI/CD pipeline automation, relational & NoSQL databases, RESTful microservices.","Adjunct Instructor January 1999 to November 2014 Company Name － City , State Planning and Strategy 01/2014 - 11/2014 Oversaw and facilitated development, QA and production of monthly metric dashboard packages across AIT that illustrates the organization's collective value and overall contribution for senior level reporting and review. Successfully ","Minor gap in Australian data sovereignty frameworks (Privacy Act 1988, Essential Eight cyber maturity), easily bridged via standard security onboarding.","Tech stacks, system architectures, and agile software development lifecycle methodologies are globally standardized and immediately productive on day one in Australia."
AU-CAND-243,Bao Hoang (243),Vietnam,Australia,Technology & Data,MASTER DATA MANAGER,MASTER DATA MANAGER Group (Vietnam),12,"companies. Tasks included sales analysis, margin analysis, multivariable pricing structures, vendor acquisition, develop",261313,Software Engineer / Data Specialist,"Microsoft Office Suite with deep Office 365, Dynamics 365, Project, PowerApps, PowerBI, Flow, Sharepoint, Excel, Access, Intune, Visio, EMS, and Azure proficiency Programming/Databases: SQL (SSRS, SSIS, SSAS), VBA, DAX","Full-stack software architecture, cloud platforms (AWS/Azure/GCP), CI/CD pipeline automation, relational & NoSQL databases, RESTful microservices.","Master Data Manager , 01/2019 to Current Company Name – City , State Aligning 100+ supply chain-related master data attributes to ensure the following guidelines are met:. Data Stewardship - Appropriate business units and ownership established to validate appropriate values, definitions and impact documentation for all master data fields. Data Qual","Minor gap in Australian data sovereignty frameworks (Privacy Act 1988, Essential Eight cyber maturity), easily bridged via standard security onboarding.","Tech stacks, system architectures, and agile software development lifecycle methodologies are globally standardized and immediately productive on day one in Australia."
AU-CAND-244,Huyen My Dang (244),Vietnam,Australia,Technology & Data,SENIOR VP - INFORMATION TECHNOLOGY,SENIOR VP - INFORMATION TECHNOLOGY Group (Vietnam),6,B.S : Computer Science 1999 Montclair State University Computer Science,261313,Software Engineer / Data Specialist,"Demonstrates ability to be a strong leader in a fast paced environment with strong interpersonal skills, both written and oral, and a positive attitude toward sharing expertise and assisting others to learn. Exceptional","Full-stack software architecture, cloud platforms (AWS/Azure/GCP), CI/CD pipeline automation, relational & NoSQL databases, RESTful microservices.","Senior VP - Information Technology 08/2014 to 09/2015 Company Name City , State Experienced technology leader with expertise in managing all aspects of front and back office systems in the Financial Services Industry. A solid leader who can utilize his diverse background of information technology and business management skills to create winning tea","Minor gap in Australian data sovereignty frameworks (Privacy Act 1988, Essential Eight cyber maturity), easily bridged via standard security onboarding.","Tech stacks, system architectures, and agile software development lifecycle methodologies are globally standardized and immediately productive on day one in Australia."
AU-CAND-245,Duc Anh Pham (245),Vietnam,Australia,Technology & Data,INFORMATION TECHNOLOGY SPECIALIST,INFORMATION TECHNOLOGY SPECIALIST Group (Vietnam),16,"and Training 2018 Park University － City , State , United States Bachelor of Science Information and Computer Science Em",261313,Software Engineer / Data Specialist,"and Qualifications Windows, Unix, Linux, VMWare, Wireshark, Snort, TCPDump, EnCase, Bash Programming, configuring routers and switches, computer networking, Intrusion analysis and Firewalls. Work","Full-stack software architecture, cloud platforms (AWS/Azure/GCP), CI/CD pipeline automation, relational & NoSQL databases, RESTful microservices.","across the analysis, troubleshooting, management and testing of complex IT systems. Experience includes analytical support to computer surveillance activities in Cyber Security, Intrusion detection analysis and System Administration. Also knowledgeable in Military Cyber Operations. Security Clearance Currently hold an active TS/SCI Security Clearan","Minor gap in Australian data sovereignty frameworks (Privacy Act 1988, Essential Eight cyber maturity), easily bridged via standard security onboarding.","Tech stacks, system architectures, and agile software development lifecycle methodologies are globally standardized and immediately productive on day one in Australia."
AU-CAND-246,Quynh Chi Tran (246),Vietnam,Australia,Technology & Data,ADMINISTRATOR OF INFORMATION TECHNOLOGY,ADMINISTRATOR OF INFORMATION TECHNOLOGY Group (Vietnam),4,AMERICAN MILITARY UNIVERSITY 2014 Master of Arts : National Security Studies Cyber Security National Security Studies Cy,261313,Software Engineer / Data Specialist,"Arabic, Back-up, budgets, hardware, client, Database, database management, designing, disaster recovery, documentation, financial, Help Desk, HP, local area network, LAN, Leadership, access, 2000, network, networks, NT s","Full-stack software architecture, cloud platforms (AWS/Azure/GCP), CI/CD pipeline automation, relational & NoSQL databases, RESTful microservices.",in the Information Technology field providing Tier II - III technical support. I have demonstrated highly advanced troubleshooting techniques in resolving end-user issues with swift efficiency and going above and beyond SLA. 15 plus years of experience working with United Senate end-users across multiple technological platforms. Experience Company ,"Minor gap in Australian data sovereignty frameworks (Privacy Act 1988, Essential Eight cyber maturity), easily bridged via standard security onboarding.","Tech stacks, system architectures, and agile software development lifecycle methodologies are globally standardized and immediately productive on day one in Australia."
AU-CAND-247,Hoang Nam Vu (247),Vietnam,Australia,Technology & Data,INFORMATION TECHNOLOGY INSTRUCTOR,INFORMATION TECHNOLOGY INSTRUCTOR Group (Vietnam),11,center. Technical Support Specialist ...................................................................................,261313,Software Engineer / Data Specialist,and expertise. Advanced customer service training and,"Full-stack software architecture, cloud platforms (AWS/Azure/GCP), CI/CD pipeline automation, relational & NoSQL databases, RESTful microservices.",in the information technology field. Seven years experience in curriculum design and computer based training development. Group and project management experience for over twelve years. Advanced problem solving skills and expertise. Advanced customer service training and experience Curriculum Data Analysis Other · Curriculum design · Advanced Data A,"Minor gap in Australian data sovereignty frameworks (Privacy Act 1988, Essential Eight cyber maturity), easily bridged via standard security onboarding.","Tech stacks, system architectures, and agile software development lifecycle methodologies are globally standardized and immediately productive on day one in Australia."
AU-CAND-248,Phuong Linh Do (248),Vietnam,Australia,Technology & Data,INFORMATION TECHNOLOGY SPECIALIST (INFOSEC),INFORMATION TECHNOLOGY SPECIALIST (INFOSEC) Group (Vietnam),5,"Associate of Science : Business Administration 1980 Richard Bland College City , State Business Administration",261313,Software Engineer / Data Specialist,Self-directed Results-oriented Time management Strong interpersonal skills Dedicated team player Labor relations,"Full-stack software architecture, cloud platforms (AWS/Azure/GCP), CI/CD pipeline automation, relational & NoSQL databases, RESTful microservices.","INFORMATION TECHNOLOGY SPECIALIST (INFOSEC) 01/2012 to 11/2015 Company Name City , State Interpreted scan results, implemented corrective action, and prepared reports of findings in support of the network infrastructure. Worked in coordination with Army Cyber Command and Regional Computer Emergency Response (Army Cyber and RCERT) to support Compute","Minor gap in Australian data sovereignty frameworks (Privacy Act 1988, Essential Eight cyber maturity), easily bridged via standard security onboarding.","Tech stacks, system architectures, and agile software development lifecycle methodologies are globally standardized and immediately productive on day one in Australia."
AU-CAND-249,Quoc Huy Trinh (249),Vietnam,Australia,Technology & Data,Technology & data Professional,Technology & data Professional Group (Vietnam),9,to contribute to company's operations and learning opportunities where I can maximize my,261313,Software Engineer / Data Specialist,"American Sign Language, Excellent communication, customer service, databases, English, access, Excel, Power Point, Microsoft Word, works, problem solving skills, Real-Time, repairs, supervisor, translation, website, work","Full-stack software architecture, cloud platforms (AWS/Azure/GCP), CI/CD pipeline automation, relational & NoSQL databases, RESTful microservices.","10/2014 to 05/2015 Company Name － City , State Provided assistance to students with weak study areas. Analyzed students in acquiring better understanding of specific weak areas within American Sign Language (ASL) courses. Contributed students to improve their ASL receptive and expressive skills. 06/2012 to 08/2012 Information Technology Intern Comp","Minor gap in Australian data sovereignty frameworks (Privacy Act 1988, Essential Eight cyber maturity), easily bridged via standard security onboarding.","Tech stacks, system architectures, and agile software development lifecycle methodologies are globally standardized and immediately productive on day one in Australia."
AU-CAND-250,Thu Hang Ngo (250),Vietnam,Australia,Technology & Data,INFORMATION TECHNOLOGY SPECIALIST,INFORMATION TECHNOLOGY SPECIALIST Group (Vietnam),5,Applied Probabilty and Statistics University of Maryland Survey Theory USDA Graduate School Master of Science : Urban Re,261313,Software Engineer / Data Specialist,Process improvement Quality assurance and control Results-oriented Relationship building Productivity improvement Project development and lifecycle Detail-oriented Work flow planning,"Full-stack software architecture, cloud platforms (AWS/Azure/GCP), CI/CD pipeline automation, relational & NoSQL databases, RESTful microservices.","in Software Development, Software Configuration Management, Project Management, System Planning & Specification Development, CMMI5, Quality Assurance and Testing. Highlights Process improvement Quality assurance and control Results-oriented Relationship building Productivity improvement Project development and lifecycle Detail-oriented Work flow pl","Minor gap in Australian data sovereignty frameworks (Privacy Act 1988, Essential Eight cyber maturity), easily bridged via standard security onboarding.","Tech stacks, system architectures, and agile software development lifecycle methodologies are globally standardized and immediately productive on day one in Australia."
AU-CAND-251,Tuan Kiet Vo (251),Vietnam,Australia,Technology & Data,INFORMATION TECHNOLOGY MANAGER,INFORMATION TECHNOLOGY MANAGER Group (Vietnam),12,"Associate of Science : Business Administration 1996 McHenry County College , City , State Business Administration Intere",261313,Software Engineer / Data Specialist,"and up-to-date industry knowledge. My excellent problem solving skills, diagnostic ability and communication skills are assets that allow me to excel and adapt to virtually any situation.","Full-stack software architecture, cloud platforms (AWS/Azure/GCP), CI/CD pipeline automation, relational & NoSQL databases, RESTful microservices.","Company Name City , State Information Technology Manager 01/2007 to Current Responsible for maintaining budget and implementing all new technologies within the firm. Integral part of technology team responsible for implementing and migrating Accounting and Billing system upgrade Managed firewall, network monitoring and server monitoring both on- an","Minor gap in Australian data sovereignty frameworks (Privacy Act 1988, Essential Eight cyber maturity), easily bridged via standard security onboarding.","Tech stacks, system architectures, and agile software development lifecycle methodologies are globally standardized and immediately productive on day one in Australia."
AU-CAND-252,Mai Anh Duong (252),Vietnam,Australia,Technology & Data,Technology & data Professional,Technology & data Professional Group (Vietnam),6,"and Training 1 1988 Curry College City , State Business Management Bachelor of Arts Business Management",261313,Software Engineer / Data Specialist,"A+ Certified, Active Directory, billing, business process, C, cash flow, Cisco, Cisco Routers, Hardware, network systems, Content management, contracts, Coral, databases, Database, delivery, disaster recovery, Email, ERP","Full-stack software architecture, cloud platforms (AWS/Azure/GCP), CI/CD pipeline automation, relational & NoSQL databases, RESTful microservices.","May 2000 to Current Company Name City , State Information Technology Coordinator 2003 & 2008 Administrate employee of the year / President Club Winner Repeated employee of the month winner Continually evaluating and implanting new technology to save cost, maintain and improve business process Sole point of contact for 150 people including remote st","Minor gap in Australian data sovereignty frameworks (Privacy Act 1988, Essential Eight cyber maturity), easily bridged via standard security onboarding.","Tech stacks, system architectures, and agile software development lifecycle methodologies are globally standardized and immediately productive on day one in Australia."
AU-CAND-253,Dinh Trong Phan (253),Vietnam,Australia,Technology & Data,DATABASE PROGRAMMER/ANALYST (.NET DEVELOPER),DATABASE PROGRAMMER/ANALYST (.NET DEVELOPER) Group (Vietnam),2,"Master of Science , Computer Engineering Present University of Missouri － State GPA: GPA: 3.7 Computer Engineering GPA: ",261313,Software Engineer / Data Specialist,"ASP.Net, C#, JavaScript, jQuery, VB.Net, C, C++, Java Net Technologies: .Net Framework 4.0/4.5, ASP.Net, ASP.NET MVC, VB.Net, ADO.Net, Entity Framework, AJAX, Web Service, LINQ, Entity Framework, LINQ queries. ASP.Net, H","Full-stack software architecture, cloud platforms (AWS/Azure/GCP), CI/CD pipeline automation, relational & NoSQL databases, RESTful microservices.","in data retrieval and manipulation using ADO.Net data objects such as Dataset, Data Reader, Data list, Data Adaptor, Entity Frame work. Good experience in writing Class Library using C# , LINQ to SQL queries in Database Access layer to interface with SQL Database. Worked extensively with .Net Server Controls, Web User Controls, Data Grid, Web Contr","Minor gap in Australian data sovereignty frameworks (Privacy Act 1988, Essential Eight cyber maturity), easily bridged via standard security onboarding.","Tech stacks, system architectures, and agile software development lifecycle methodologies are globally standardized and immediately productive on day one in Australia."
AU-CAND-254,Ngoc Bich Ha (254),Vietnam,Australia,Technology & Data,IT TECHNOLOGY SPECIALIST,IT TECHNOLOGY SPECIALIST Group (Vietnam),4,"Bachelor of Science : Business Management August-05 National American University City , State Business Management Associ",261313,Software Engineer / Data Specialist,"TCP/IP, Network monitoring and tools, storage management, knowledge of desktop support procedures and active directory, skilled in software and Microsoft operation installation and maintenance, working knowledge with Win","Full-stack software architecture, cloud platforms (AWS/Azure/GCP), CI/CD pipeline automation, relational & NoSQL databases, RESTful microservices.","in Information Technology. Proficiencies include trouble shooting hardware and software issues. Experienced Service tech with excellent client and project management skills. Action-oriented with strong ability to communicate effectively with technology, executive, and business audiences. Core Qualifications TCP/IP, Network monitoring and tools, sto","Minor gap in Australian data sovereignty frameworks (Privacy Act 1988, Essential Eight cyber maturity), easily bridged via standard security onboarding.","Tech stacks, system architectures, and agile software development lifecycle methodologies are globally standardized and immediately productive on day one in Australia."
AU-CAND-255,Gia Bao Ly (255),Vietnam,Australia,Technology & Data,PRACTICE MANAGER,PRACTICE MANAGER Group (Vietnam),7,"Master of Business Administration (MBA) Keller Graduate School of Management － City , State Bachelor of Science , Teleco",261313,Software Engineer / Data Specialist,Proficient in Windows 2000/XP/7;Novell NetWare 4.x/5.x/6.x; EMR (Allscripts and McKesson); TCP/IP Enterprise Networks; Enterprise Virus Protection; Asset Management/ITIL; Arcserve/Backup Exec/Net Backup; Symantec Ghost,"Full-stack software architecture, cloud platforms (AWS/Azure/GCP), CI/CD pipeline automation, relational & NoSQL databases, RESTful microservices.","in analyzing systems/processes and implementing mission-critical infrastructure improvements Broad based experience in the healthcare industry including regulatory/corporate compliance, strategic planning, and contract negotiations. Craft and implement key quality improvements to enhance quality patient care and secure regulatory compliance Proven ","Minor gap in Australian data sovereignty frameworks (Privacy Act 1988, Essential Eight cyber maturity), easily bridged via standard security onboarding.","Tech stacks, system architectures, and agile software development lifecycle methodologies are globally standardized and immediately productive on day one in Australia."
AU-CAND-256,Cam Tu Bui (256),Vietnam,Australia,Technology & Data,DIRECTOR OF INFORMATION TECHNOLOGY,DIRECTOR OF INFORMATION TECHNOLOGY Group (Vietnam),20,Bachelor of Science : Industrial Psychology 1985 University of Santo Tomas - Manila Philippines Industrial Psychology As,261313,Software Engineer / Data Specialist,Innovative Leadership Change Management Infrastructure Design Strategic Planning Technology Development Collaboration and Liaison P & L Oversight Organizational Development Mentoring and Coaching,"Full-stack software architecture, cloud platforms (AWS/Azure/GCP), CI/CD pipeline automation, relational & NoSQL databases, RESTful microservices.","Director of Information Technology 08/2005 to Current Company Name City , State Manage software development and infrastructure projects. Direct daily operations and oversee vendor relationships. Define project requirements and aligning efforts with clients and corporate needs and assess outcomes. Develop and see change management processes, release","Minor gap in Australian data sovereignty frameworks (Privacy Act 1988, Essential Eight cyber maturity), easily bridged via standard security onboarding.","Tech stacks, system architectures, and agile software development lifecycle methodologies are globally standardized and immediately productive on day one in Australia."
AU-CAND-257,Priya Sharma (257),India,Australia,Technology & Data,Technology & data Professional,Technology & data Professional Group (India),11,"Certification : Network Security , 2005 The Chubb Institute － City , State , US Certification in Network Security The Ch",261313,Software Engineer / Data Specialist,"Inventory, Database, Excel, Training, Stockroom, Sql, Databases, Sap, Statistics, Operations, Sops, Asset Management, Access, Asp, Asp.net, Cafm, Document Management, Inventory Control, Microsoft Access, Ms Access, Ms As","Full-stack software architecture, cloud platforms (AWS/Azure/GCP), CI/CD pipeline automation, relational & NoSQL databases, RESTful microservices.","Recognized as 1 of top 4 agents, promoted twice for excellent customer service Experience Subject Matter Expert (Information Technology Assistant) September 2013 to Current Company Name － City , State Responsibilities: -SAP Data Validation and Population for Real Estate, Fixed Asset and Plant Maintenance Modules -Assist, Support and coordinate with","Minor gap in Australian data sovereignty frameworks (Privacy Act 1988, Essential Eight cyber maturity), easily bridged via standard security onboarding.","Tech stacks, system architectures, and agile software development lifecycle methodologies are globally standardized and immediately productive on day one in Australia."
AU-CAND-258,Rajesh Patel (258),India,Australia,Technology & Data,INFORMATION TECHNOLOGY MANAGER,INFORMATION TECHNOLOGY MANAGER Group (India),11,"Master of Science : Leadership Walden University － City , State 2015 Master of Science : Information Systems Management ",261313,Software Engineer / Data Specialist,"to interface effectively with all levels of an organization. Expertise spans: Network Engineering, Helpdesk Administration, Software Licensing, Disaster Recovery, Backup/Restore Operations/Project Management, Strategic P","Full-stack software architecture, cloud platforms (AWS/Azure/GCP), CI/CD pipeline automation, relational & NoSQL databases, RESTful microservices.","04/2013 to Current Information Technology Manager Company Name － City , State A bankruptcy Trustee office handling Chapter 13 and Chapter 12 cases for the Northern District of Georgia Manages application database/hardware systems used to track Chapter 13 bankruptcy cases, all office technologies,, information systems, and anti-spam/anti-virus serve","Minor gap in Australian data sovereignty frameworks (Privacy Act 1988, Essential Eight cyber maturity), easily bridged via standard security onboarding.","Tech stacks, system architectures, and agile software development lifecycle methodologies are globally standardized and immediately productive on day one in Australia."
AU-CAND-259,Ananya Sen (259),India,Australia,Technology & Data,PRODUCTION ASSOCIATE,PRODUCTION ASSOCIATE Group (India),12,"KnowledgeSoft, Inc., Mechanicsburg, PA, 3/1997 Courses in Intranetware 4.11 Administration and 4.1a Advanced Administrat",261313,Software Engineer / Data Specialist,"Cross-functional leadership, Project management, Quality control, Process improvement, Workflow optimization","Full-stack software architecture, cloud platforms (AWS/Azure/GCP), CI/CD pipeline automation, relational & NoSQL databases, RESTful microservices.","match the job. Expand on the information in your resume, don't just repeat it. Try to support each statement you make with a piece of evidence. Use several shorter paragraphs or bullets rather than one large block of text. Conclude your application letter by thanking the employer for considering you for the position. Include information on how you ","Minor gap in Australian data sovereignty frameworks (Privacy Act 1988, Essential Eight cyber maturity), easily bridged via standard security onboarding.","Tech stacks, system architectures, and agile software development lifecycle methodologies are globally standardized and immediately productive on day one in Australia."
AU-CAND-260,Ravi Shankar (260),India,Australia,Technology & Data,INFORMATION TECHNOLOGY SPECIALIST,INFORMATION TECHNOLOGY SPECIALIST Group (India),12,Onsite training by Brocade Brocade Certified Network Engineer (BCNE) Brocade Certified Layer 4-7 Engineer (BCLE) Brocade,261313,Software Engineer / Data Specialist,with capacity to accurately identify and assess problems before providing expert solutions. Dedicated to providing quality customer support; consistently meet or exceed client needs by providing service beyond expectatio,"Full-stack software architecture, cloud platforms (AWS/Azure/GCP), CI/CD pipeline automation, relational & NoSQL databases, RESTful microservices.",Information Technology Specialist December 2014 to July 2015 Company Name On-Site headquarters in VPSI. Establish and maintain a high level of customer service relative to internal and external customers. Provide technical leadership and support in planning and keeping track of IT budget. Installing network hardware and software including network o,"Minor gap in Australian data sovereignty frameworks (Privacy Act 1988, Essential Eight cyber maturity), easily bridged via standard security onboarding.","Tech stacks, system architectures, and agile software development lifecycle methodologies are globally standardized and immediately productive on day one in Australia."
AU-CAND-261,Kavita Nair (261),India,Australia,Technology & Data,Technology & data Professional,Technology & data Professional Group (India),5,"Bachelors of Science , Computer Engineering Technology Spring 2008 Prairie View A&M University － City , State GPA: GPA: ",261313,Software Engineer / Data Specialist,"to an industry-leading software company. Qualifications CompTIA Security + CE SY0-401 Certified Refined system debugging and diagnostic skills Excellent analytical, interpersonal, communication and organizational skills","Full-stack software architecture, cloud platforms (AWS/Azure/GCP), CI/CD pipeline automation, relational & NoSQL databases, RESTful microservices.",Automated repeatable tasks where possible to increase efficiency.Consistently received a 100% rate of customer satisfaction.Performed root cause analysis to identify system errors and improve accuracy by 15%.Awarded with the Tech of the quarter for contributions to mission. Experience Information Technology Specialist Sep 2013 to Dec 2015 Company N,"Minor gap in Australian data sovereignty frameworks (Privacy Act 1988, Essential Eight cyber maturity), easily bridged via standard security onboarding.","Tech stacks, system architectures, and agile software development lifecycle methodologies are globally standardized and immediately productive on day one in Australia."
AU-CAND-262,Sunil Joshi (262),India,Australia,Technology & Data,INFORMATION TECHNOLOGY SPECIALIST GS11,INFORMATION TECHNOLOGY SPECIALIST GS11 Group (India),6,"and Training JUN 1996 HS Diploma : General Studies Brockport High School － City , State General Studies MAY 2003 BS Degr",261313,Software Engineer / Data Specialist,"budget, cabling, cisco, hardware, Client, documentation, Electrician, feasibility studies, funds, Information Technology, inspector, LAN, materials, access, network, networking, networks, personnel, Telephone Systems, pr","Full-stack software architecture, cloud platforms (AWS/Azure/GCP), CI/CD pipeline automation, relational & NoSQL databases, RESTful microservices.","07/2004 to Current Information Technology Specialist GS11 Company Name － City , State Information Technology Specialist; Supervison; Project Management; Circuit Management; Licensed Electrician; Alarm management; Alarm Technician; Training; Supply; Quality Assurance Kevin L. Trostle, DSN 266-4800, COMM. 865) 336-4800 Manage the assigned IT/communic","Minor gap in Australian data sovereignty frameworks (Privacy Act 1988, Essential Eight cyber maturity), easily bridged via standard security onboarding.","Tech stacks, system architectures, and agile software development lifecycle methodologies are globally standardized and immediately productive on day one in Australia."
AU-CAND-263,Arjun Kapoor (263),India,Australia,Technology & Data,INFORMATION TECHNOLOGY COORDINATOR,INFORMATION TECHNOLOGY COORDINATOR Group (India),5,"2014 College of Lake County - City , State CFTC - Computer Forensics Technician Certification Computer Forensics 2014 Co",261313,Software Engineer / Data Specialist,"LexisNexis, Westlaw, Concordance, CaseMap Knowledge of Local, State and Federal laws Principles and Practices of Legal Communication Court Procedures/Processes Results-oriented Client-focused Interview Techniques and Met","Full-stack software architecture, cloud platforms (AWS/Azure/GCP), CI/CD pipeline automation, relational & NoSQL databases, RESTful microservices.","in investigative and online legal research. More than 5 years of experience working in the legal field. Knowledgeable in all aspects of case preparation and representation, previous court experience, familiar with filings, petitions, case management, and interviewing. Excellent research, documentation, reporting abilities, outstanding communication","Minor gap in Australian data sovereignty frameworks (Privacy Act 1988, Essential Eight cyber maturity), easily bridged via standard security onboarding.","Tech stacks, system architectures, and agile software development lifecycle methodologies are globally standardized and immediately productive on day one in Australia."
AU-CAND-264,Sneha Verma (264),India,Australia,Technology & Data,Technology & data Professional,Technology & data Professional Group (India),5,and Training Associates of Arts and Sciences (AAS) : Business Administration Software Technology Business Administration,261313,Software Engineer / Data Specialist,"A Certification, Active Directory, AD, Anti-Virus, BUSINESS PROCESS, coaching, Compliance Manager, CA, hardware, Concept, CONTRACT NEGOTIATIONS, contracts, conversion, encryption, clients, designing, desktops, Disaster R","Full-stack software architecture, cloud platforms (AWS/Azure/GCP), CI/CD pipeline automation, relational & NoSQL databases, RESTful microservices.","with managing enterprise security initiatives and culture and the development of appropriate audit procedures, policies, managing IT SOX governance & compliance to build a risk-based security escalation paths, tracking, documentation, and a highly trained team proficient Management Experience in enforcing key SOX requirements throughout the enterpr","Minor gap in Australian data sovereignty frameworks (Privacy Act 1988, Essential Eight cyber maturity), easily bridged via standard security onboarding.","Tech stacks, system architectures, and agile software development lifecycle methodologies are globally standardized and immediately productive on day one in Australia."
AU-CAND-265,Vikram Singhania (265),India,Australia,Technology & Data,Technology & data Professional,Technology & data Professional Group (India),9,"and Training Bachelor of Science : Computers and Information Technology UNIVERSITY OF PHOENIX － City , State Computers a",261313,Software Engineer / Data Specialist,for workplace success and advancement. Developed materials to successfully train associates. Provide oversight of yearly and monthly budget planning activities providing forecasting and day-to- day expense management kee,"Full-stack software architecture, cloud platforms (AWS/Azure/GCP), CI/CD pipeline automation, relational & NoSQL databases, RESTful microservices.","in complete Project Management Life cycle including Planning, Execution, Monitor & Control and closure. Document business performance expectations, benchmark standards and develop guidelines. Interfaced with key stakeholders and project team members to prioritize requirements and information technology needs. Successfully lead learning enhancement ","Minor gap in Australian data sovereignty frameworks (Privacy Act 1988, Essential Eight cyber maturity), easily bridged via standard security onboarding.","Tech stacks, system architectures, and agile software development lifecycle methodologies are globally standardized and immediately productive on day one in Australia."
AU-CAND-266,Deepika Rao (266),India,Australia,Technology & Data,INFORMATION TECHNOLOGY (INTERNSHIP),INFORMATION TECHNOLOGY (INTERNSHIP) Group (India),9,"2016 Metropolitan State University City , State , USA Business Administration and Management MBA Master of Business Admi",261313,Software Engineer / Data Specialist,"Language: Chinese, English and Japanese Professional Skills: Microsoft Office, Excel, Power Point, Word, Outlook, SQL, Adobe Suit, Flash, Photoshop, Illustrator, 3D Max Others: PHP, Java, C#, Visual Basic, HTML, Cording","Full-stack software architecture, cloud platforms (AWS/Azure/GCP), CI/CD pipeline automation, relational & NoSQL databases, RESTful microservices.","July 2014 to September 2014 Company Name City , State Information Technology (Internship) Examined problems between users and systems. Worked at different stations of hospital, including:ER, Registration, Pharmacy, Central Sterile Supplies Department (CSSD), and Medical Supplies store room. September 2013 to December 2015 Company Name City , State ","Minor gap in Australian data sovereignty frameworks (Privacy Act 1988, Essential Eight cyber maturity), easily bridged via standard security onboarding.","Tech stacks, system architectures, and agile software development lifecycle methodologies are globally standardized and immediately productive on day one in Australia."
AU-CAND-267,Aditya Mehta (267),India,Australia,Technology & Data,DIRECTOR OF INFORMATION TECHNOLOGY,DIRECTOR OF INFORMATION TECHNOLOGY Group (India),8,"Baruch College City , State Accounting BS Accounting",261313,Software Engineer / Data Specialist,"Operating Systems: Windows 7, 8.1, 10, Windows Server 2008 R2 & 2012 Exchange Server 2007 & 2010 - Apple; Mac OSX & iOS - BB10 OS, Android LAN, VPN, WAN IP networking Citrix and remote terminal services, LogMeIn, Team Vi","Full-stack software architecture, cloud platforms (AWS/Azure/GCP), CI/CD pipeline automation, relational & NoSQL databases, RESTful microservices.","in network operations, leveraging expertise in organization growth and problem solving. Driven, professional and detailed-oriented with the proven ability to plan, design and implement technical systems, improve process flow and administer departmental budgets. Highlights Operating Systems: Windows 7, 8.1, 10, Windows Server 2008 R2 & 2012 Exchange","Minor gap in Australian data sovereignty frameworks (Privacy Act 1988, Essential Eight cyber maturity), easily bridged via standard security onboarding.","Tech stacks, system architectures, and agile software development lifecycle methodologies are globally standardized and immediately productive on day one in Australia."
AU-CAND-268,Pooja Deshmukh (268),India,Australia,Technology & Data,SUPPORT & NETWORK SERVICES INTERN,SUPPORT & NETWORK SERVICES INTERN Group (India),10,connections and supporting equipment Deployed re-imaged hard drives or newly acquired assets for classrooms or professor,261313,Software Engineer / Data Specialist,"·Able to research and familiarize skill sets towards core technologies based on enthusiasm, dedication, and motivation ·Knowledgeable with installation and configuration of Windows-based operating systems (Windows XP, Vi","Full-stack software architecture, cloud platforms (AWS/Azure/GCP), CI/CD pipeline automation, relational & NoSQL databases, RESTful microservices.","ironments. Skills ·Able to research and familiarize skill sets towards core technologies based on enthusiasm, dedication, and motivation ·Knowledgeable with installation and configuration of Windows-based operating systems (Windows XP, Vista, 7, and 8) ·Experienced with the installation and configuration of Ubuntu Linux whilst cognizant of Mac OS X","Minor gap in Australian data sovereignty frameworks (Privacy Act 1988, Essential Eight cyber maturity), easily bridged via standard security onboarding.","Tech stacks, system architectures, and agile software development lifecycle methodologies are globally standardized and immediately productive on day one in Australia."
AU-CAND-269,Rohan Kulkarni (269),India,Australia,Technology & Data,DIRECTOR OF INFORMATION TECHNOLOGY /CHIEF TECHNOLOGY OFFICER,DIRECTOR OF INFORMATION TECHNOLOGY /CHIEF TECHNOLOGY OFFICER Group (India),10,BS : Information Technology Western Oregon University Information Technology Technology Belford University Technology Li,261313,Software Engineer / Data Specialist,"Contract Negotiation for business support and commercial office properties Cloud Technology implementation and deployment Digital PBX, Cellular, Smart Devices and VoIP Technology Deploy and integrate accounting systems t","Full-stack software architecture, cloud platforms (AWS/Azure/GCP), CI/CD pipeline automation, relational & NoSQL databases, RESTful microservices.","Director of Information Technology /Chief Technology Officer January 2007 to January 2015 Company Name － City , State Provide expertise, vision and leadership for developing, implementing and executing strategic and tactical information technology initiatives that align with the mission. Identify opportunities/risk and apply best practice in alignm","Minor gap in Australian data sovereignty frameworks (Privacy Act 1988, Essential Eight cyber maturity), easily bridged via standard security onboarding.","Tech stacks, system architectures, and agile software development lifecycle methodologies are globally standardized and immediately productive on day one in Australia."
AU-CAND-270,Neha Banerjee (270),India,Australia,Technology & Data,Technology & data Professional,Technology & data Professional Group (India),9,"Comp A+ Course, Windows 7 course, CompTIA Network+ course, CompTIA Security+ course, Windows Server 2012 class. CCNA Cla",261313,Software Engineer / Data Specialist,in Information Systems and Networking.,"Full-stack software architecture, cloud platforms (AWS/Azure/GCP), CI/CD pipeline automation, relational & NoSQL databases, RESTful microservices.",Information Technology Specialist April 2015 to Current Company Name Set up and maintained the network infrastructure both wired and wireless configuration. Setup and maintained all user's computers including hardware and software. Set up and assisted users with their e-mail accounts. I maintained security on our networks in which only company user,"Minor gap in Australian data sovereignty frameworks (Privacy Act 1988, Essential Eight cyber maturity), easily bridged via standard security onboarding.","Tech stacks, system architectures, and agile software development lifecycle methodologies are globally standardized and immediately productive on day one in Australia."
AU-CAND-271,Sanjay Chawla (271),India,Australia,Technology & Data,INFORMATION TECHNOLOGY INTERN (TEST AUTOMATION ENGINEER),INFORMATION TECHNOLOGY INTERN (TEST AUTOMATION ENGINEER) Group (India),3,"Master of Science : Computer Science 2017 Lamar University City , State , United States of America GPA: 4.0/4.0 Bachelor",261313,Software Engineer / Data Specialist,"including formal presentations and technical documentation. Productive in both team-based and self-managed projects. Skills Programming Languages: Java/J2EE, JavaScript, Android, HTML, CSS, SQL, C, C Frameworks and Libra","Full-stack software architecture, cloud platforms (AWS/Azure/GCP), CI/CD pipeline automation, relational & NoSQL databases, RESTful microservices.","serving as a key contributor across all software development life cycle phases including analysis, architectural design, prototyping, development, and testing of application using Java/J2EE technologies in various domains. Very good understanding of Object Oriented Programming, Data Structure, Algorithms, Design Patterns and Distributed Systems. Ex","Minor gap in Australian data sovereignty frameworks (Privacy Act 1988, Essential Eight cyber maturity), easily bridged via standard security onboarding.","Tech stacks, system architectures, and agile software development lifecycle methodologies are globally standardized and immediately productive on day one in Australia."
AU-CAND-272,Meera Nambiar (272),India,Australia,Technology & Data,VICE PRESIDENT INFORMATION TECHNOLOGY - SOFTWARE ENGINEERING,VICE PRESIDENT INFORMATION TECHNOLOGY - SOFTWARE ENGINEERING Group (India),20,Mini MBA Boston University BS : Electronics And Communications Engineering Anjuman Engineering College - City www.linked,261313,Software Engineer / Data Specialist,People Centered Leadership Strategic & Tactical Planning Software Engineering Designing & Architecting Systems Coaching and Talent Development Building a Culture of Innovation and Engagement Transformation and Change Adv,"Full-stack software architecture, cloud platforms (AWS/Azure/GCP), CI/CD pipeline automation, relational & NoSQL databases, RESTful microservices.","in technology and software development. A professional who is passionate about developing people and teams to reach their greatest potential. A thought leader that partners with business to drive strategy from conception to execution. A team player that places a priority on networking, relationship building and diversity to achieve the greatest pos","Minor gap in Australian data sovereignty frameworks (Privacy Act 1988, Essential Eight cyber maturity), easily bridged via standard security onboarding.","Tech stacks, system architectures, and agile software development lifecycle methodologies are globally standardized and immediately productive on day one in Australia."
AU-CAND-273,Maria Santos (273),Philippines,Australia,Technology & Data,INFORMATION TECHNOLOGY SPECIALIST I,INFORMATION TECHNOLOGY SPECIALIST I Group (Philippines),4,"software, I used Ghost software to image computers when necessary. LAN Administrator Install and manage Hyper V and othe",261313,Software Engineer / Data Specialist,"account management, cables, cabling, Help Desk, Linux, MS Exchange server, Sharepoint, network security, desktop support, Unix, HP Unix, VBscript, Visual Basic Programming, Windows Server Active Directory account managem","Full-stack software architecture, cloud platforms (AWS/Azure/GCP), CI/CD pipeline automation, relational & NoSQL databases, RESTful microservices."," VBscript, Visual Basic Programming, Windows Server Active Directory account management, Help Desk, Linux, MS Exchange server 2010, network/server security, desktop support, Unix, Windows Server, Geographic Information system, group policy SCOM & SCCM, vbscripts and Powershell, SANs, Active Directory account management and troubleshooting, Help Des","Minor gap in Australian data sovereignty frameworks (Privacy Act 1988, Essential Eight cyber maturity), easily bridged via standard security onboarding.","Tech stacks, system architectures, and agile software development lifecycle methodologies are globally standardized and immediately productive on day one in Australia."
AU-CAND-274,Angelo Dela Cruz (274),Philippines,Australia,Technology & Data,INFORMATION TECHNOLOGY SENIOR MANAGER,INFORMATION TECHNOLOGY SENIOR MANAGER Group (Philippines),15,"M.B.A., Masters : Business Administration Adelphi University － City , State Business Administration B.S : Management and",261313,Software Engineer / Data Specialist,Global and strategic sourcing Negotiations expert Vendor management Project management Vendor selection process IT Technical Support Cloud Computing MBA Degree,"Full-stack software architecture, cloud platforms (AWS/Azure/GCP), CI/CD pipeline automation, relational & NoSQL databases, RESTful microservices.","in Information Technology (as an IT Director and Consultant) Extensive strategic Vendor Management Expertise (VMO Leadership) Expert in Vendor selection process (RFI, RFP, MSA and SOW) and leader in contract negotiations Senior Project Management leadership Co-Chairman of Change Management Review Board Saved Millions of Dollars in vendor expenses t","Minor gap in Australian data sovereignty frameworks (Privacy Act 1988, Essential Eight cyber maturity), easily bridged via standard security onboarding.","Tech stacks, system architectures, and agile software development lifecycle methodologies are globally standardized and immediately productive on day one in Australia."
AU-CAND-275,Kristine Reyes (275),Philippines,Australia,Technology & Data,Technology & data Professional,Technology & data Professional Group (Philippines),9,and Training MS : Information Management University of Maryland MS in Information Management (Dec 2011) University of Ma,261313,Software Engineer / Data Specialist,"Database, Marketing, Systems Analyst, Project Management, Business Requirements, Solutions, Metrics, Qa, Documentation, Accountable For, Accounts To, Adjustments, And Account, Basis, Campaign Management, Client Communica","Full-stack software architecture, cloud platforms (AWS/Azure/GCP), CI/CD pipeline automation, relational & NoSQL databases, RESTful microservices.","Company Name Business Systems Analyst I 09/2014 to Current Acted as lead BSA on client team to drive consistency and support projects spanning multiple regional databases and support teams Primary contact for client, client partners and other stakeholders, managing daily responsibilities associated with delivering multi-channel database marketing p","Minor gap in Australian data sovereignty frameworks (Privacy Act 1988, Essential Eight cyber maturity), easily bridged via standard security onboarding.","Tech stacks, system architectures, and agile software development lifecycle methodologies are globally standardized and immediately productive on day one in Australia."
AU-CAND-276,Mark Bautista (276),Philippines,Australia,Technology & Data,"INFORMATION TECHNOLOGY CONSULTANT, MANAGING MEMBER","INFORMATION TECHNOLOGY CONSULTANT, MANAGING MEMBER Group (Philippines)",5,"and Training BS : Print Production, Graphic Design Computer Science , 1993 St. John's University Print Production, Graph",261313,Software Engineer / Data Specialist,"Active Directory, premiere, ads, Advertising, IBM AIX, Apple, architect, Arts, catalog, color, com, Clients, digital photography, digital video, direct mail, disaster recovery, eCommerce, Final Cut Pro, SGI Irix, IT supp","Full-stack software architecture, cloud platforms (AWS/Azure/GCP), CI/CD pipeline automation, relational & NoSQL databases, RESTful microservices.","Information Technology Consultant, Managing Member January 2017 to Current Company Name － City , State Worked with product designers and product managers to design user interactions in applications. Envisioned inspired new products, features and flows. Answered user inquiries regarding computer software and hardware operation. Installed and perform","Minor gap in Australian data sovereignty frameworks (Privacy Act 1988, Essential Eight cyber maturity), easily bridged via standard security onboarding.","Tech stacks, system architectures, and agile software development lifecycle methodologies are globally standardized and immediately productive on day one in Australia."
AU-CAND-277,Jasmine Villanueva (277),Philippines,Australia,Technology & Data,DIRECTOR OF INFORMATION TECHNOLOGY,DIRECTOR OF INFORMATION TECHNOLOGY Group (Philippines),9,"Bachelor of Science : Management Information Systems Cardinal Stritch University City , State Online Profile LinkedIn ww",261313,Software Engineer / Data Specialist,"Microsoft Server 2003, 2008, 2012 Exchange Server 2007, 2010 VMware ESXi VMware vCenter VMware Horizon View 5.x, 6.x, and 7.x Microsoft Hyper-V Cisco UCM and Unity Help Desk ITIL Service Catalog Vendor Management Budgeti","Full-stack software architecture, cloud platforms (AWS/Azure/GCP), CI/CD pipeline automation, relational & NoSQL databases, RESTful microservices.","Director of Information Technology 11/2012 to Current Company Name City , State Developed and implemented the IT strategy for the organization including software, support and infrastructure Hired, developed, and managed IT staff Negotiated terms and products from external vendors, including changes needed as business needs changed Met and exceeded ","Minor gap in Australian data sovereignty frameworks (Privacy Act 1988, Essential Eight cyber maturity), easily bridged via standard security onboarding.","Tech stacks, system architectures, and agile software development lifecycle methodologies are globally standardized and immediately productive on day one in Australia."
AU-CAND-278,Eduardo Ramos (278),Philippines,Australia,Technology & Data,EA INFORMATION TECHNOLOGY SPECIALIST III (DRUPAL DEV),EA INFORMATION TECHNOLOGY SPECIALIST III (DRUPAL DEV) Group (Philippines),5,Bachelor's Degree in related discipline,261313,Software Engineer / Data Specialist,"in theming, as well. Driven to provide excellent service and high-quality coding to create secure and functional sites for clients. Expert in Drupal and up to date on the latest developments and versions. Managed several","Full-stack software architecture, cloud platforms (AWS/Azure/GCP), CI/CD pipeline automation, relational & NoSQL databases, RESTful microservices.","in site building, and frontend and backend development. Skills in theming, as well. Driven to provide excellent service and high-quality coding to create secure and functional sites for clients. Expert in Drupal and up to date on the latest developments and versions. Managed several projects for the NYSED Redesign Project using both Drupal 7 and Dr","Minor gap in Australian data sovereignty frameworks (Privacy Act 1988, Essential Eight cyber maturity), easily bridged via standard security onboarding.","Tech stacks, system architectures, and agile software development lifecycle methodologies are globally standardized and immediately productive on day one in Australia."
AU-CAND-279,Patricia Mendoza (279),Philippines,Australia,Technology & Data,IT MANAGER,IT MANAGER Group (Philippines),12,"and Medical Operating Systems Windows 2000 Server, Server 2003, Server 2008, Server 2012, Exchange Server(2000, 2003, 20",261313,Software Engineer / Data Specialist,"Software Symantec Backup Exec, System Recovery, Endpoint Protection, Trend Micro, McAfee, ESET, Acronis, ShadowProtect, GFI, Crow Canyon, DameWare, Wireshark, NetFlow Analyzer, Splunk, SMS, Fluke OptiView, Solarwinds NPM","Full-stack software architecture, cloud platforms (AWS/Azure/GCP), CI/CD pipeline automation, relational & NoSQL databases, RESTful microservices.","with a focus on team building and project management. Ten years of experience as a network engineer and systems administrator. The majority of my experience has been working with Microsoft, Dell, HP, IBM, Symantec, McAfee, Trend Micro and Cisco hardware and software business solutions. I have extensive experience with Microsoft Exchange Server. I a","Minor gap in Australian data sovereignty frameworks (Privacy Act 1988, Essential Eight cyber maturity), easily bridged via standard security onboarding.","Tech stacks, system architectures, and agile software development lifecycle methodologies are globally standardized and immediately productive on day one in Australia."
AU-CAND-280,Christian Garcia (280),Philippines,Australia,Technology & Data,IT MANAGER,IT MANAGER Group (Philippines),10,"Bachelor of Science : CyberSecurity , May 2015 University of Maryland University College － City , State CyberSecurity Co",261313,Software Engineer / Data Specialist,"Customer and Client Relations Advanced Troubleshooting Techniques Project Management and Tracking Windows Server 2003, 2008 and 2012 Windows XP, Vista, 7, 8d","Full-stack software architecture, cloud platforms (AWS/Azure/GCP), CI/CD pipeline automation, relational & NoSQL databases, RESTful microservices.","IT Manager December 2013 to Current Company Name － City , State Stabilize and manage infrastructure and applications for corporate and remote facilities Create standard hardware and software lists and purchased based on those lists Create fiscal year budget for IT department Perform thorough IT audit and proposed various changes based on the audit ","Minor gap in Australian data sovereignty frameworks (Privacy Act 1988, Essential Eight cyber maturity), easily bridged via standard security onboarding.","Tech stacks, system architectures, and agile software development lifecycle methodologies are globally standardized and immediately productive on day one in Australia."
AU-CAND-281,Rowena Aquino (281),Philippines,Australia,Hospitality & Service,DFW PERSONAL CHEF,DFW PERSONAL CHEF Group (Philippines),15,Bachelor of Science : Business Management Saint Joseph University Business Management Magna Cum Laude Summary Operations,351311,Chef / Hospitality Operations Specialist,"Microsoft Word, Excel (spreadsheets, pivot tables, formulas, formatting), PowerPoint, Access, Outlook Google Data Analytics, Search Engine Optimization (SEO) and Web Metrics Social media tools Hootsuite and Hashtagify Cl","Commercial kitchen brigade leadership, menu engineering, food cost control, high-volume service pacing, rigorous hygiene and HACCP compliance.","DFW Personal Chef City , State Devise and execute growth plans entailing market penetration and expansion, product development and diversification,. new customer acquisition and targeted marketing campaigns. Formulate and administer policies and practices to. maximize profit margins and minimize operating expenses. Lead and mentor 27 team members. ",Requires Australian Food Safety Supervisor certification (HACCP) and state-level Responsible Service of Alcohol (RSA) licensing.,"International culinary discipline, kitchen management, and cost-control systems translate directly to high-standard Australian dining and hotel groups."
AU-CAND-282,Jerome Alcantara (282),Philippines,Australia,Hospitality & Service,BRANCH LOGISTICS MANAGER,BRANCH LOGISTICS MANAGER Group (Philippines),8,"1996 High School Diploma G.C. Scarborough High School － City , State , US Computer Animation Art Institute of Houston － ",351311,Chef / Hospitality Operations Specialist,Bilingual Customer Relations Communication Skills Staff development Sales PC Competent Hard-worker Team Leadership,"Commercial kitchen brigade leadership, menu engineering, food cost control, high-volume service pacing, rigorous hygiene and HACCP compliance.","04/2016 to 07/2016 Branch Logistics Manager Company Name － City , State Managed team of 7 professionals. Ensure timely and accurate delivery of products. Compliance control with all applicable regulatory requirements including, but not limited to, providing documents for the driver qualification file and abiding by hours of service, daily log, haza",Requires Australian Food Safety Supervisor certification (HACCP) and state-level Responsible Service of Alcohol (RSA) licensing.,"International culinary discipline, kitchen management, and cost-control systems translate directly to high-standard Australian dining and hotel groups."
AU-CAND-283,Camille Soriano (283),Philippines,Australia,Hospitality & Service,Hospitality & service Professional,Hospitality & service Professional Group (Philippines),12,through Continuing Education programs. Proctored C.R.C ( Career Readiness Career ) Testing Helped with unemployment fili,351311,Chef / Hospitality Operations Specialist,Cash handling Professional and friendly Positive attitude and energy Quality customer service ?,"Commercial kitchen brigade leadership, menu engineering, food cost control, high-volume service pacing, rigorous hygiene and HACCP compliance.","04/2016 to Current Personal Trainer & Fitness Instructor Company Name - City , State Suggested exercise modifications to individual students to avoid strain and. injury. Teach Circuit classes, Advanced Dance Fitness, and a Booty Builder class 06/2015 to 04/2016 Fitness Instructor Company Name - City , State Taught Dance Fitness, Spin and Power. Des",Requires Australian Food Safety Supervisor certification (HACCP) and state-level Responsible Service of Alcohol (RSA) licensing.,"International culinary discipline, kitchen management, and cost-control systems translate directly to high-standard Australian dining and hotel groups."
AU-CAND-284,Rafael Dizon (284),Philippines,Australia,Hospitality & Service,"ONLINE COACHING, PERSONAL TRAINING","ONLINE COACHING, PERSONAL TRAINING Group (Philippines)",10,and Training B.A : Communications Southern Connecticut State University Certified Personal Trainer - The American Counci,351311,Chef / Hospitality Operations Specialist,"Selling, coaching, motivating, presenting, writing, customer relations, fitness training, professional speaking (radio, seminars, TV), organizing, tech and social media savvy (Microsoft Office, WordPress, Facebook, Twitt","Commercial kitchen brigade leadership, menu engineering, food cost control, high-volume service pacing, rigorous hygiene and HACCP compliance.","Online Coaching, Personal Training 01/2011 to Current Company Name City Clients have access to a broad range of services from online to in-person personal training, nutrition programming, weight loss consultations and exercise analysis. FitByRaphael is a one-stop, total solution for fitness, weight-loss, and an overall healthy lifestyle. Solution f",Requires Australian Food Safety Supervisor certification (HACCP) and state-level Responsible Service of Alcohol (RSA) licensing.,"International culinary discipline, kitchen management, and cost-control systems translate directly to high-standard Australian dining and hotel groups."
AU-CAND-285,Ahmad Razali (285),Malaysia,Australia,Hospitality & Service,HEAD GIRLS BASKETBALL COACH,HEAD GIRLS BASKETBALL COACH Group (Malaysia),12,"in fitness, human performance, and exercise science. Resourceful, goal-oriented Sports and Fitness Professional who offe",351311,Chef / Hospitality Operations Specialist,"necessary to engage clients and achieve results. Well-versed in establishing client trust, developing relationships, making connections, and exceeding expectations. Energetic Fitness professional who retains sound, quali","Commercial kitchen brigade leadership, menu engineering, food cost control, high-volume service pacing, rigorous hygiene and HACCP compliance.","Head Girls Basketball Coach October 2012 to Current Company Name － City , State Part-time (Seasonal Contract) Coached and developed fundamental basketball skills and conditioning abilities of 7th grade middle school girls. Directed practices & scrimmages; created & ran up-to-date and relevant drills that taught basic skills of sport. Adhered strict",Requires Australian Food Safety Supervisor certification (HACCP) and state-level Responsible Service of Alcohol (RSA) licensing.,"International culinary discipline, kitchen management, and cost-control systems translate directly to high-standard Australian dining and hotel groups."
AU-CAND-286,Siti Nurhaliza (286),Malaysia,Australia,Hospitality & Service,Hospitality & service Professional,Hospitality & service Professional Group (Malaysia),11,"Bachelor of Science : Kinesiology 2012 East Carolina University , City , State",351311,Chef / Hospitality Operations Specialist,Microsoft Office Programs Budget Allocation Good interpersonal skills that can help in building a strong team for the growth of the organization. Ability to handle different projects for the organization effectively.,"Commercial kitchen brigade leadership, menu engineering, food cost control, high-volume service pacing, rigorous hygiene and HACCP compliance.","Company Name City , State Recreation & Sports Coordinator 03/2015 to Current Assisted in daily supervision and administration of facility and interacted with members to ensure programs were carried out in a safe and effective manner. Planned, organized and implemented recreation leagues and events throughout the calendar year. Supervised recreation",Requires Australian Food Safety Supervisor certification (HACCP) and state-level Responsible Service of Alcohol (RSA) licensing.,"International culinary discipline, kitchen management, and cost-control systems translate directly to high-standard Australian dining and hotel groups."
AU-CAND-287,Wei Lun Tan (287),Singapore,Australia,Hospitality & Service,Hospitality & service Professional,Hospitality & service Professional Group (Singapore),8,"Bachelor of Arts , Television, Film and Media Studies June 2016 California State University of Los Angeles － City , Stat",351311,Chef / Hospitality Operations Specialist,"Extremely productive in a high volume, high stress, environments Proficient in the use of PC and Mac desktops (Own a 2015 MacBook Pro) Skilled in both Windows and IOS Adobe- Premiere, After Effects, Photoshop Avid Media","Commercial kitchen brigade leadership, menu engineering, food cost control, high-volume service pacing, rigorous hygiene and HACCP compliance.","Social Media Producer Nov 2016 to Current Company Name － City , State Produce content for Instagram and Facebook Set clear content objectives Videographer and Photographer Film, edit and upload to Social Media Sites. Photographer, Videographer, Editor Feb 2016 to Current Company Name － City , State Shoots still photography for individual hire for w",Requires Australian Food Safety Supervisor certification (HACCP) and state-level Responsible Service of Alcohol (RSA) licensing.,"International culinary discipline, kitchen management, and cost-control systems translate directly to high-standard Australian dining and hotel groups."
AU-CAND-288,Chen Wei (288),Singapore,Australia,Hospitality & Service,PASTRY SOUS CHEF,PASTRY SOUS CHEF Group (Singapore),4,2005 Diploma : Patisserie and Baking Program California School of Culinary Arts GPA: Graduated President's List in the L,351311,Chef / Hospitality Operations Specialist,and learn more aspects of pastry arts and confections. Diploma from the Le Cordon Bleu program and vast,"Commercial kitchen brigade leadership, menu engineering, food cost control, high-volume service pacing, rigorous hygiene and HACCP compliance.","utilizing business degree in a corporate environment. Highlights Key competencies include customer relations, organization, product knowledge, attention to detail, team building and positive attitude. Microsoft Office products, including Word, Excel. Project, Power Point and Outlook. Experience 11/2014 to Current Pastry Sous Chef Company Name － Cit",Requires Australian Food Safety Supervisor certification (HACCP) and state-level Responsible Service of Alcohol (RSA) licensing.,"International culinary discipline, kitchen management, and cost-control systems translate directly to high-standard Australian dining and hotel groups."
AU-CAND-289,Nurul Izzah (289),Malaysia,Australia,Hospitality & Service,AVID TUTOR,AVID TUTOR Group (Malaysia),7,"Bachelor of Arts , Human Services and Counseling 2008 Lindsey Wilson College － City , State , USA Human Services and Cou",351311,Chef / Hospitality Operations Specialist,Academic planning Goal setting and implementation Counseling Group instruction Microsoft office Public speaking Attention to detail Dependability,"Commercial kitchen brigade leadership, menu engineering, food cost control, high-volume service pacing, rigorous hygiene and HACCP compliance.","AVID Tutor Aug 2011 to May 2013 Company Name － City , State Took an active role in developing the academic and personal strengths of AVID students. Served as a role model/mentor to AVID students by being a lifelong learner, demonstrating appropriate academic and social behaviors. Determined if concepts needed to be taught or retaught from student's",Requires Australian Food Safety Supervisor certification (HACCP) and state-level Responsible Service of Alcohol (RSA) licensing.,"International culinary discipline, kitchen management, and cost-control systems translate directly to high-standard Australian dining and hotel groups."
AU-CAND-290,Zulkhairi Idris (290),Malaysia,Australia,Hospitality & Service,Hospitality & service Professional,Hospitality & service Professional Group (Malaysia),8,"Computer Information System Business Management Alabama State University City , State ​​ ​ Bachelor of Science : Busines",351311,Chef / Hospitality Operations Specialist,Accountability Team Building Staff Motivation Staff Training Employee Scheduling,"Commercial kitchen brigade leadership, menu engineering, food cost control, high-volume service pacing, rigorous hygiene and HACCP compliance.","in Management Community Outreach Budget Development Creative Problem Solving Public Relation Critical Thinking Experience in Advertising Excellent Research Skills Accountability Team Building Staff Motivation Staff Training Employee Scheduling Experience Group Exercise Fitness Instructor 03/2009 to Current Company Name City , State Instruct group e",Requires Australian Food Safety Supervisor certification (HACCP) and state-level Responsible Service of Alcohol (RSA) licensing.,"International culinary discipline, kitchen management, and cost-control systems translate directly to high-standard Australian dining and hotel groups."
AU-CAND-291,Eileen Chong (291),Singapore,Australia,Hospitality & Service,Hospitality & service Professional,Hospitality & service Professional Group (Singapore),9,May 2012 Master of Science : Recreation Administration - Concentration: Facilities Management WESTERN KENTUCKY UNIVERSIT,351311,Chef / Hospitality Operations Specialist,"& Competencies Proficient with Microsoft Office including W ord, Excel, Power Point , & Outlook Skilled with Adobe CS3 & CS5 software including Illustrator & Photoshop Campus Management System for design and upkeep of we","Commercial kitchen brigade leadership, menu engineering, food cost control, high-volume service pacing, rigorous hygiene and HACCP compliance.","07/2012 to Current Fitness Coordinator Company Name － City , State jhhfhgjkkghj fdsafafsa 01/2012 to 07/2012 Facility Coordinator Intern/Membership Specialist Company Name － City , State Assist with facility supervision. Train staff members to be knowledgeable and perform fitness services such as resting blood pressure, body composition, and circum",Requires Australian Food Safety Supervisor certification (HACCP) and state-level Responsible Service of Alcohol (RSA) licensing.,"International culinary discipline, kitchen management, and cost-control systems translate directly to high-standard Australian dining and hotel groups."
AU-CAND-292,Marcus Lim (292),Singapore,Australia,Hospitality & Service,ASSISTANT CHEF,ASSISTANT CHEF Group (Singapore),4,"Bachelor of Science , Finance CPA Eligible Business June 2017 Portland State University － City , State GPA: GPA: 3.84 GP",351311,Chef / Hospitality Operations Specialist,"Microsoft Word, Excel, PowerPoint, and Access","Commercial kitchen brigade leadership, menu engineering, food cost control, high-volume service pacing, rigorous hygiene and HACCP compliance.","May 2015 to Current Company Name － City , State Assistant Chef Oct 2008 to Nov 2011 Developed and prepared meals. Coordinated with manager and supervised kitchen staff. Communicated with clients to fulfill their needs. Financial Aid Office Assistant Jun 2013 to Jun 2015 Company Name － City , State Developed excel projects for budgeting, calculating",Requires Australian Food Safety Supervisor certification (HACCP) and state-level Responsible Service of Alcohol (RSA) licensing.,"International culinary discipline, kitchen management, and cost-control systems translate directly to high-standard Australian dining and hotel groups."
AU-CAND-293,Farhan Abdullah (293),Malaysia,Australia,Hospitality & Service,TRAINING & DEVELOPMENT SPECIALIST/HR,TRAINING & DEVELOPMENT SPECIALIST/HR Group (Malaysia),9,"Reimbursement, Employee Suggestion, Professional (salaried)development, New Hire Orientation, New Hire Luncheon, and Sha",351311,Chef / Hospitality Operations Specialist,"in Employee Engagement and Training & Development will be challenged and acknowledged in a direction where I can be committed to personal, professional, and community growth. Extensive","Commercial kitchen brigade leadership, menu engineering, food cost control, high-volume service pacing, rigorous hygiene and HACCP compliance.","in Human Resource Management, Training & Development, Employment Engagement, Temporary Services and Talent Acquisition. With proven leadership abilities that includes professional, interpersonal communication, presentations, and training. Strong project management skills working cooperatively with cross functional groups demonstrating a commitment ",Requires Australian Food Safety Supervisor certification (HACCP) and state-level Responsible Service of Alcohol (RSA) licensing.,"International culinary discipline, kitchen management, and cost-control systems translate directly to high-standard Australian dining and hotel groups."
AU-CAND-294,Grace Teo (294),Singapore,Australia,Hospitality & Service,EXECUTIVE CHEF,EXECUTIVE CHEF Group (Singapore),22,"and Training Bachelor of Arts : Culinary arts , 1996 ITHQ, Institue d'hotelerie du Quebec - City , State",351311,Chef / Hospitality Operations Specialist,Customer service oriented Banquets and catering Resource Management Food preparation techniques Food and beverage pairing Budgeting and cost control Dish preparation Detail-oriented Purchasing Inventory control Portion a,"Commercial kitchen brigade leadership, menu engineering, food cost control, high-volume service pacing, rigorous hygiene and HACCP compliance.","Executive Chef , 12/2003 to Current Company Name – City , State Managed kitchen and stewarding staff team of 67 and assigned various stages of food production and event management. designed, managed and created menus for 3 restaurants (offshore 9, Boardwalk and newly opened Henry's), 2 pool pantries and 1 market (Riptide and Surf Hero). Managed, de",Requires Australian Food Safety Supervisor certification (HACCP) and state-level Responsible Service of Alcohol (RSA) licensing.,"International culinary discipline, kitchen management, and cost-control systems translate directly to high-standard Australian dining and hotel groups."
AU-CAND-295,Hafiz Hashim (295),Malaysia,Australia,Hospitality & Service,FOOD PREPARATION WORKERS/GRILL CHEF,FOOD PREPARATION WORKERS/GRILL CHEF Group (Malaysia),21,"2010 Johnson & Wales University City , State , United States Associate of Arts : Culinary Arts, Hospitality Administrati",351311,Chef / Hospitality Operations Specialist,"Team Building and Project management, Cross Functional Team Leadership, Proficient in food preparation and cooking Crew Leader,Team Player, Gourmet Chef Pastry Chef, Gourmet Cuisines, Baker Proficient in food preparation","Commercial kitchen brigade leadership, menu engineering, food cost control, high-volume service pacing, rigorous hygiene and HACCP compliance.","August 2013 to August 2014 Company Name City , State Food Preparation Workers/GRILL CHEF Food & Beverage Serving CONNECT Summary GOURMET @YOUR SERVICE: When YOU Want The Best, Don't YOU Settle For Nothing Less~! On Call 24/7 365 days per Year. YOU Won't Be Disappointed! Experience Other. July 2013 to June 2014 Company Name City , State Pastry Chef ",Requires Australian Food Safety Supervisor certification (HACCP) and state-level Responsible Service of Alcohol (RSA) licensing.,"International culinary discipline, kitchen management, and cost-control systems translate directly to high-standard Australian dining and hotel groups."
AU-CAND-296,Darren Koh (296),Singapore,Australia,Hospitality & Service,CHEF OWNER,CHEF OWNER Group (Singapore),8,"1994 Los Angeles Culinary Instituted － City , State , u.s.a Associate of Arts : Culinary Arts Courses in Hospitality and",351311,Chef / Hospitality Operations Specialist,Small business development Leadership/communication skills Product development Business operations organization Budgeting expertise Negotiations expert Employee relations Self-motivated Customer-oriented Fluent in [spani,"Commercial kitchen brigade leadership, menu engineering, food cost control, high-volume service pacing, rigorous hygiene and HACCP compliance.","results in excellent qualifications as an EXECUTIVE CHEF, SOUS CHEF AND CHEF. Highly skilled in a variety of cuisines, including: Italian, Peruvian, Mexican and Fusion. Possess outstanding interpersonal, communication and training skills. Excel in creating quality cuisine within budgetary cost controls. Flexible, with the ability to achieve in both",Requires Australian Food Safety Supervisor certification (HACCP) and state-level Responsible Service of Alcohol (RSA) licensing.,"International culinary discipline, kitchen management, and cost-control systems translate directly to high-standard Australian dining and hotel groups."
AU-CAND-297,Liam O'Connor (297),United Kingdom,Australia,Hospitality & Service,FITNESS STAFF,FITNESS STAFF Group (United Kingdom),5,"and Training High School Diploma : 2010 Esperanza High School － City , State Regestered Dental Assistant License : Regis",351311,Chef / Hospitality Operations Specialist,Detail oriented CPR and First Aid certified Personable and friendly Responsible Dedicated Nutrition supplement familiarity Great Communication Skills Fast Learner,"Commercial kitchen brigade leadership, menu engineering, food cost control, high-volume service pacing, rigorous hygiene and HACCP compliance.",in customer/patient care. Motivated to help and care for others needs. I am always interested in expanding my knowledge in new working environments. Core Qualifications Detail oriented CPR and First Aid certified Personable and friendly Responsible Dedicated Nutrition supplement familiarity Great Communication Skills Fast Learner,Requires Australian Food Safety Supervisor certification (HACCP) and state-level Responsible Service of Alcohol (RSA) licensing.,"International culinary discipline, kitchen management, and cost-control systems translate directly to high-standard Australian dining and hotel groups."
AU-CAND-298,David MacLeod (298),United Kingdom,Australia,Hospitality & Service,CATEGORY BRAND MANAGER,CATEGORY BRAND MANAGER Group (United Kingdom),20,"and Training Six Sigma Green Belt Training, Chicago Deming Assoc.-Six Sigma Masters Program, Naperville, IL, 2012 Gradua",351311,Chef / Hospitality Operations Specialist,"SharePoint BPC and SAP Microsoft Suite: Word, Excel, PowerPoint, Microsoft Access Microsoft Project Microsoft Dynamics Seminars/Classes: Social Media Marketing Facebook for Business Project Management Profitability Simul","Commercial kitchen brigade leadership, menu engineering, food cost control, high-volume service pacing, rigorous hygiene and HACCP compliance.","in project management, marketing communications, sales support, strategy, research, and product development. Multi-faceted background includes food manufacturing, consumer packaged goods (CPG), furniture manufacturing and construction industry. An effective problem-solver with expertise in managing multiple projects that require both a creative and",Requires Australian Food Safety Supervisor certification (HACCP) and state-level Responsible Service of Alcohol (RSA) licensing.,"International culinary discipline, kitchen management, and cost-control systems translate directly to high-standard Australian dining and hotel groups."
AU-CAND-299,Fiona Gallagher (299),Ireland,Australia,Hospitality & Service,Hospitality & service Professional,Hospitality & service Professional Group (Ireland),5,"GED : Culinary arts 1996 Lyndon B Johnson , City , State , USA graduated with my GED and my culinary certificate as a st",351311,Chef / Hospitality Operations Specialist,ServSafe certified High volume production capability Focused and disciplined Well-tuned palette Focus on portion and cost control Inventory management familiarity Bilingual (English/spanish Chef at sun tower hotel on For,"Commercial kitchen brigade leadership, menu engineering, food cost control, high-volume service pacing, rigorous hygiene and HACCP compliance.","in fast-paced restaurant kitchens. looking to work for a company were I can put my talent and skill to good use I am a hands on manager and very well respected amongst my employees or staff members nothing has very been giving to me and i work very hard to earn every title, or promotion i,ve ever held . I give 110% always focus on my goal to give m",Requires Australian Food Safety Supervisor certification (HACCP) and state-level Responsible Service of Alcohol (RSA) licensing.,"International culinary discipline, kitchen management, and cost-control systems translate directly to high-standard Australian dining and hotel groups."
AU-CAND-300,Oliver Wright (300),United Kingdom,Australia,Hospitality & Service,SENIOR BANQUET CHEF,SENIOR BANQUET CHEF Group (United Kingdom),9,Bachelors Degree : Culinary Arts and Hospitality Management Nutrition and Restaurant Techniques 1 1998 RIVB Culinary Ins,351311,Chef / Hospitality Operations Specialist,Business operations expertise Inventory control and record keeping Trained in performance and wage reviews Natural leader Service-oriented Strong work ethic Work History Senior Banquet Chef 03/2014 to Current Company Nam,"Commercial kitchen brigade leadership, menu engineering, food cost control, high-volume service pacing, rigorous hygiene and HACCP compliance.","in all facets of the hotel and restaurant operation, and an established track record in Food &Beverage Management & extensive knowledge in food & beverage management and culinary arts. Trained and educated in Europe with expert knowledge of Traditional French, Italian and American cuisines. A passionate Leader with a vision for outstanding customer",Requires Australian Food Safety Supervisor certification (HACCP) and state-level Responsible Service of Alcohol (RSA) licensing.,"International culinary discipline, kitchen management, and cost-control systems translate directly to high-standard Australian dining and hotel groups."
AU-CAND-301,Charlotte Davies (301),United Kingdom,Australia,Hospitality & Service,EXECUTIVE CHEF,EXECUTIVE CHEF Group (United Kingdom),10,2012 Frontline Culinary Certificate AACC ​ 2 semesters 2012-2013 Frontline Leadership Certificate - : 2010 ServSafe Inst,351311,Chef / Hospitality Operations Specialist,"fiduciary, event/floor planning, Leadership, sales, teaching Skills __________ Communication Critical thinking Organizational Coaching Interpersonal Listening and Understanding Logistical Detail Oriented Computer Public","Commercial kitchen brigade leadership, menu engineering, food cost control, high-volume service pacing, rigorous hygiene and HACCP compliance.","in fine dining, high volume catering, and executive campus-wide restaurant oversight. Background in providing exceptional territorial leadership while directing restaurants, cafes, and catering operations simultaneously. Significant architect role in profit growth through comprehensive improvements in quality, productivity, efficiency, and customer",Requires Australian Food Safety Supervisor certification (HACCP) and state-level Responsible Service of Alcohol (RSA) licensing.,"International culinary discipline, kitchen management, and cost-control systems translate directly to high-standard Australian dining and hotel groups."
AU-CAND-302,Callum Murphy (302),Ireland,Australia,Hospitality & Service,Hospitality & service Professional,Hospitality & service Professional Group (Ireland),10,"Master's of Business Administration (MBA) : General Management 2012 UNIVERSITY OF PHOENIX City , State General Managemen",351311,Chef / Hospitality Operations Specialist,Project management Proficient with Microsoft Office and Outlook Ability to work in a team setting,"Commercial kitchen brigade leadership, menu engineering, food cost control, high-volume service pacing, rigorous hygiene and HACCP compliance.",in marketing and customer service in the fitness industry; marketing and selling fitness services while providing exceptional customer service. Qualifications Successful sales experience Creative and resourceful Exceptional problem solving ability Superior organization Strong leadership and communication skills Project management Proficient with Mi,Requires Australian Food Safety Supervisor certification (HACCP) and state-level Responsible Service of Alcohol (RSA) licensing.,"International culinary discipline, kitchen management, and cost-control systems translate directly to high-standard Australian dining and hotel groups."
AU-CAND-303,Sophie Turner (303),United Kingdom,Australia,Hospitality & Service,MEMBERSHIP COORDINATOR,MEMBERSHIP COORDINATOR Group (United Kingdom),11,"2005 High School Diploma Thornton Thornton, CO, Adams",351311,Chef / Hospitality Operations Specialist,could greatly contribute to your company. Gainful employment in a well structured cooperative environment in which my skills and hard work can be optimally utilized. Frankly stated I am looking for a career as opposed to,"Commercial kitchen brigade leadership, menu engineering, food cost control, high-volume service pacing, rigorous hygiene and HACCP compliance.",and how my skill set could contribute to the successful day-to-day running of your company. I'd be happy to supply strong references at your request. I am currently in pursuit of a career and believe my skills could greatly contribute to your company. Gainful employment in a well structured cooperative environment in which my skills and hard work c,Requires Australian Food Safety Supervisor certification (HACCP) and state-level Responsible Service of Alcohol (RSA) licensing.,"International culinary discipline, kitchen management, and cost-control systems translate directly to high-standard Australian dining and hotel groups."
AU-CAND-304,Jack Robinson (304),United Kingdom,Australia,Hospitality & Service,INTERN,INTERN Group (United Kingdom),5,"Economics and Political Science , 2014 Present Boston University GPA: GPA: 3.3 Economics and Political Science GPA: 3.3 ",351311,Chef / Hospitality Operations Specialist,Microsoft Office and Stata programs,"Commercial kitchen brigade leadership, menu engineering, food cost control, high-volume service pacing, rigorous hygiene and HACCP compliance.","Intern June 2014 to August 2014 Company Name - City Assisted lawyers in their cases paperwork and legal documents. Transcribed court notes and minutes,. managed schedules. Attended to local courts with lawyers to evaluate legal proceedings. Hoet, Pelaez, Castillo y Linares Law Firm. Intern May 2013 to August 2013 City Organized documentation for le",Requires Australian Food Safety Supervisor certification (HACCP) and state-level Responsible Service of Alcohol (RSA) licensing.,"International culinary discipline, kitchen management, and cost-control systems translate directly to high-standard Australian dining and hotel groups."
AU-CAND-305,Emma Walsh (305),Ireland,Australia,Hospitality & Service,RN/RN TEAM LEAD,RN/RN TEAM LEAD Group (Ireland),12,* Developed and implemented a personal training program * Assisted in corporate wellness programming and health fairs Ed,351311,Chef / Hospitality Operations Specialist,"Cross-functional leadership, Project management, Quality control, Process improvement, Workflow optimization","Commercial kitchen brigade leadership, menu engineering, food cost control, high-volume service pacing, rigorous hygiene and HACCP compliance.","RN/RN Team Lead September 2010 to Current Company Name － City , State * Providing nursing leadership and ASC operations guidance to 7 facilities nation-wide including staffing metric and OR efficiency, accreditation preparation, state regulation compliance, infection control, risk management, patient safety, peer review, life safety, governing body",Requires Australian Food Safety Supervisor certification (HACCP) and state-level Responsible Service of Alcohol (RSA) licensing.,"International culinary discipline, kitchen management, and cost-control systems translate directly to high-standard Australian dining and hotel groups."
AU-CAND-306,George Evans (306),United Kingdom,Australia,Hospitality & Service,TABLE GAMES DEALER,TABLE GAMES DEALER Group (United Kingdom),3,"High School Diploma : August 2012 Arkansas City High School － City , State GPA: Awarded a certificate and special editio",351311,Chef / Hospitality Operations Specialist,"are not limited to this description, so I'm sure I'll be the perfect fit for any position available. Highlights Typing speed of 98 WPM, PowerPoint, Word, Access, Excel, Photoshop; Trained to deal: Blackjack, UltimateTexa","Commercial kitchen brigade leadership, menu engineering, food cost control, high-volume service pacing, rigorous hygiene and HACCP compliance.","in customer care. However, My skills are not limited to this description, so I'm sure I'll be the perfect fit for any position available. Highlights Typing speed of 98 WPM, PowerPoint, Word, Access, Excel, Photoshop; Trained to deal: Blackjack, UltimateTexas Hold'em and Three Card Poker. Customer service experience and course training. Cash handlin",Requires Australian Food Safety Supervisor certification (HACCP) and state-level Responsible Service of Alcohol (RSA) licensing.,"International culinary discipline, kitchen management, and cost-control systems translate directly to high-standard Australian dining and hotel groups."
AU-CAND-307,Johan van der Merwe (307),South Africa,Australia,Hospitality & Service,CUSTOMER SERVICE REPRESENTACTIVE,CUSTOMER SERVICE REPRESENTACTIVE Group (South Africa),10,"Paralegal Certificate Paralegal 2009 Branford Hall Career Institute City , State Bachelor of Science",351311,Chef / Hospitality Operations Specialist,"who thrives in a fast-paced, dynamic environment. Dedicated Customer Service Representative who provides exceptional customer service through active listening and problem solving. Call Center Representative with expertis","Commercial kitchen brigade leadership, menu engineering, food cost control, high-volume service pacing, rigorous hygiene and HACCP compliance.","Customer Service Representactive 08/2014 to Current Company Name City , State Processed applications, payments, corrections, endorsements and cancellations. Submitted up-to-date activity and production logs to agency management for review. Presented and clearly explained insurance policy options to clients based on their needs and goals. Called 20-",Requires Australian Food Safety Supervisor certification (HACCP) and state-level Responsible Service of Alcohol (RSA) licensing.,"International culinary discipline, kitchen management, and cost-control systems translate directly to high-standard Australian dining and hotel groups."
AU-CAND-308,Sipho Ndlovu (308),South Africa,Australia,Hospitality & Service,HEALTH COACH,HEALTH COACH Group (South Africa),9,"and Training Master of Science : Health Psychology , 1 2014 Walden University Health Psychology Capstone: Bringing Healt",351311,Chef / Hospitality Operations Specialist,"Skilled individual and group coach Trained in nutrition, alternative medicine, and exercise physiology Proven behavioral change specialist Culturally sensitive Skilled in multiple coaching methodologies Exceptional commu","Commercial kitchen brigade leadership, menu engineering, food cost control, high-volume service pacing, rigorous hygiene and HACCP compliance.","coaching individuals of various ethnic and socio-economic backgrounds and ranging in age from young adults to elders. Skilled in the use of the patient-centered, solution-focused principles of positive psychology, co-active coaching, the transtheoretical model of change, motivational interviewing, self-determination theory, and acceptance and commi",Requires Australian Food Safety Supervisor certification (HACCP) and state-level Responsible Service of Alcohol (RSA) licensing.,"International culinary discipline, kitchen management, and cost-control systems translate directly to high-standard Australian dining and hotel groups."
AU-CAND-309,Chantal Du Preez (309),South Africa,Australia,Hospitality & Service,Hospitality & service Professional,Hospitality & service Professional Group (South Africa),6,"and Training Master of Science : Clinical Exercise Physiology , June 2012 Ohio University － City , State Clinical Exerci",351311,Chef / Hospitality Operations Specialist,"Microsoft Office applications Proficiency in multiple CTMS, eCRF, EDC, IWRS/IXRS platforms","Commercial kitchen brigade leadership, menu engineering, food cost control, high-volume service pacing, rigorous hygiene and HACCP compliance.","Clinical Study Coordinator II October 2015 to Current Company Name － City , State Coordinate clinical trials for the Surgical Research department with a primary focus in Cardiovascular and Vascular device related studies. Communicate closely with surgical staff, pharmaceutical companies, surgical device manufacturers and contract research organizat",Requires Australian Food Safety Supervisor certification (HACCP) and state-level Responsible Service of Alcohol (RSA) licensing.,"International culinary discipline, kitchen management, and cost-control systems translate directly to high-standard Australian dining and hotel groups."
AU-CAND-310,Themba Khumalo (310),South Africa,Australia,Hospitality & Service,CHEF,CHEF Group (South Africa),11,Bachelor's Degree in related discipline,351311,Chef / Hospitality Operations Specialist,"delivery, Detail oriented, English, inventory, Inventory Management, logistics, producing, purchasing, quality, retail, scheduling, Spanish, work-flow","Commercial kitchen brigade leadership, menu engineering, food cost control, high-volume service pacing, rigorous hygiene and HACCP compliance.","Chef May 2009 to Current Company Name － City , State Manage daily kitchen operations including inventory, purchasing, and scheduling Ensure proper food handling methods are observed Assist kitchen staff in producing food for catering Systematically control food quality and costs Develop new menu items to enhance catering and retail food service rev",Requires Australian Food Safety Supervisor certification (HACCP) and state-level Responsible Service of Alcohol (RSA) licensing.,"International culinary discipline, kitchen management, and cost-control systems translate directly to high-standard Australian dining and hotel groups."
AU-CAND-311,Anriette Botha (311),South Africa,Australia,Hospitality & Service,LINE CHEF,LINE CHEF Group (South Africa),16,"Associate of Applied Science : business, Hospitality Management Liberty University Associate of Applied Science: busines",351311,Chef / Hospitality Operations Specialist,"and expertise to prepare a special variety of dishes in a professional, rewarding environment. Highlights Strong attention to safe food handling procedures attention to detail Hospitality and service industry background","Commercial kitchen brigade leadership, menu engineering, food cost control, high-volume service pacing, rigorous hygiene and HACCP compliance.","cooking in various environments. Prior work as prep cook, line chef, and sous chef. Motivated offering over years experience in the food industry. Focused on high standards for taste and quality, while maintaining profitable margins. Superior communication and leadership skills. I am very personable. I love working hands on with people and have wor",Requires Australian Food Safety Supervisor certification (HACCP) and state-level Responsible Service of Alcohol (RSA) licensing.,"International culinary discipline, kitchen management, and cost-control systems translate directly to high-standard Australian dining and hotel groups."
AU-CAND-312,Lwazi Dlamini (312),South Africa,Australia,Hospitality & Service,MEDICAL SCRIBE,MEDICAL SCRIBE Group (South Africa),11,and Training University of Colorado B.A : Integrative Physiology City Integrative Physiology Continuing Education - Metr,351311,Chef / Hospitality Operations Specialist,"Charting expertise Understands medical procedures Medical terminology knowledge EMR knowledge Venipuncture Laboratory procedures- microbiology, chemistry, anatomy","Commercial kitchen brigade leadership, menu engineering, food cost control, high-volume service pacing, rigorous hygiene and HACCP compliance.","Company Name August 2014 to Current Medical Scribe City , State Assist in transition to electronic medical records, essentially acting as a personal assistant to the physician; performing documentation in the EHR, documenting information during the patient's visit, and partnering with the physician to deliver the pinnacle of efficient patient care.",Requires Australian Food Safety Supervisor certification (HACCP) and state-level Responsible Service of Alcohol (RSA) licensing.,"International culinary discipline, kitchen management, and cost-control systems translate directly to high-standard Australian dining and hotel groups."
AU-CAND-313,Pieter Joubert (313),South Africa,Australia,Hospitality & Service,EXECUTIVE CHEF,EXECUTIVE CHEF Group (South Africa),9,"Associate of Arts : Culinary Arts, Chef Training and Restaurant Management 1 1983 Los Angeles Trade Technical College - ",351311,Chef / Hospitality Operations Specialist,"Strong attention to safe food handling procedures Chef at The Cork Tree , awarded best restaurant in West Ways Magazine Employed at Bing Crosby's , featured in Desert Sum Magazine ""Chefs Surprise"" column August 2008 Beau","Commercial kitchen brigade leadership, menu engineering, food cost control, high-volume service pacing, rigorous hygiene and HACCP compliance.","s. Skills Strong attention to safe food handling procedures Chef at The Cork Tree , awarded best restaurant in West Ways Magazine Employed at Bing Crosby's , featured in Desert Sum Magazine ""Chefs Surprise"" column August 2008 Beautiful presentation of food Food presentation talent Hospitality and service industry background Food presentation talent",Requires Australian Food Safety Supervisor certification (HACCP) and state-level Responsible Service of Alcohol (RSA) licensing.,"International culinary discipline, kitchen management, and cost-control systems translate directly to high-standard Australian dining and hotel groups."
AU-CAND-314,Naledi Molefe (314),South Africa,Australia,Hospitality & Service,LEAD COOK (COOK III),LEAD COOK (COOK III) Group (South Africa),12,"Associate of Arts : Business Management 2007 Lakeland Community College City , State , USA Business Management High Scho",351311,Chef / Hospitality Operations Specialist,"in the kitchen including learning of the mother sauces, knife skills, and even new kitchen terminology. Charles Has also worked with Iron Chef Michael Symon on a couple different occasions and has learned various techniq","Commercial kitchen brigade leadership, menu engineering, food cost control, high-volume service pacing, rigorous hygiene and HACCP compliance.","Lead Cook (Cook III) 06/2012 to Current Company Name City , State Prep menu for the day service. Help all our cooks in my area with dinner setup. Delegate all our breaks throughout the shift. Assist our Sous Chefs and Executive Chef with running dinner service. Maintain cleanliness throughout each shift. Positive interactions with all guests throug",Requires Australian Food Safety Supervisor certification (HACCP) and state-level Responsible Service of Alcohol (RSA) licensing.,"International culinary discipline, kitchen management, and cost-control systems translate directly to high-standard Australian dining and hotel groups."
AU-CAND-315,Camila Silva (315),Brazil,Australia,Hospitality & Service,HEAD CHEF,HEAD CHEF Group (Brazil),8,"March, 2002 Associate of Arts : Culinary Florida Culinary Institute － City , State Culinary Arts with honors. Culinary A",351311,Chef / Hospitality Operations Specialist,Strong butchery skills Contemporary sauce work High volume production capability Focus on portion and cost control Well-tuned palette Inventory management familiarity ServSafe certified,"Commercial kitchen brigade leadership, menu engineering, food cost control, high-volume service pacing, rigorous hygiene and HACCP compliance.","04/2016 to Current Head Chef Company Name － City , State Identify opportunities to increase revenue, decrease kitchen expenses and maximize departmental productivity without compromising guest satisfaction. Regularly develop new recipes in accordance with consumer tastes, nutritional needs, and budgetary considerations. Consistently produce excepti",Requires Australian Food Safety Supervisor certification (HACCP) and state-level Responsible Service of Alcohol (RSA) licensing.,"International culinary discipline, kitchen management, and cost-control systems translate directly to high-standard Australian dining and hotel groups."
AU-CAND-316,Lucas Rossi (316),Brazil,Australia,Hospitality & Service,LINE CHEF/EXPEDITER,LINE CHEF/EXPEDITER Group (Brazil),12,"High School Diploma 2004 East Jefferson High School City , State , United States Associate of Arts : Coursework in Culin",351311,Chef / Hospitality Operations Specialist,Focused and disciplined High volume production capability Well-tuned palette Focus on portion and cost control Inventory management familiarity Bilingual (English/[other language]),"Commercial kitchen brigade leadership, menu engineering, food cost control, high-volume service pacing, rigorous hygiene and HACCP compliance.","cooking in high pace restaurant environments. Prior work as prep cook, line chef, and sous chef. Energetic culinary professional with a blend of creativity, passion for food and exceptional cooking skills. Works well as a dynamic leader in high-pressure settings. Highlights Focused and disciplined High volume production capability Well-tuned palett",Requires Australian Food Safety Supervisor certification (HACCP) and state-level Responsible Service of Alcohol (RSA) licensing.,"International culinary discipline, kitchen management, and cost-control systems translate directly to high-standard Australian dining and hotel groups."
AU-CAND-317,Mariana Costa (317),Brazil,Australia,Hospitality & Service,GENERAL MANAGER / EXECUTIVE CHEF,GENERAL MANAGER / EXECUTIVE CHEF Group (Brazil),5,"1988 GED City , State , United States GED I grew up in Guadalajara, Mexico and attended home school taught by my mother.",351311,Chef / Hospitality Operations Specialist,Report writing Computer proficiency Service-minded Human resource knowledge Ability to prioritize Motivational leadership style Inventory control Professional demeanor Self-directed Time management ability,"Commercial kitchen brigade leadership, menu engineering, food cost control, high-volume service pacing, rigorous hygiene and HACCP compliance.","supporting business areas such as accounting, database management and human resources. Collaborative team player with strong communication, decision-making and time management abilities. Highlights Report writing Computer proficiency Service-minded Human resource knowledge Ability to prioritize Motivational leadership style Inventory control Profes",Requires Australian Food Safety Supervisor certification (HACCP) and state-level Responsible Service of Alcohol (RSA) licensing.,"International culinary discipline, kitchen management, and cost-control systems translate directly to high-standard Australian dining and hotel groups."
AU-CAND-318,Mateo Fernandez (318),Argentina,Australia,Hospitality & Service,Hospitality & service Professional,Hospitality & service Professional Group (Argentina),10,"and Training Bachelor of Science : Risk and Benefits Management , 1985 The University of Alabama",351311,Chef / Hospitality Operations Specialist,"advertising, agency, balance, benefits, budget, consultant, creativity, address customer complaints, client, customer satisfaction, customer service","Commercial kitchen brigade leadership, menu engineering, food cost control, high-volume service pacing, rigorous hygiene and HACCP compliance.","Health Care Administrator April 2015 to May 2017 Company Name － City , State Executive Director April 2013 to April 2015 Company Name － City , State Community Relations Director March 2012 to April 2013 Company Name － City , State Meets and exceeds occupancy and revenue goals as a result of the development and implementation of an effective sales a",Requires Australian Food Safety Supervisor certification (HACCP) and state-level Responsible Service of Alcohol (RSA) licensing.,"International culinary discipline, kitchen management, and cost-control systems translate directly to high-standard Australian dining and hotel groups."
AU-CAND-319,Gabriel Santos (319),Brazil,Australia,Hospitality & Service,EXECUTIVE ASSISTANT/OFFICE MANAGER,EXECUTIVE ASSISTANT/OFFICE MANAGER Group (Brazil),5,"Masters of Education : Counseling , May 2018 University of Houston Counseling Bachelor of Science : Psychology & English",351311,Chef / Hospitality Operations Specialist,"Word, Excel, Outlook, PowerPoint, Adobe, ProDoc, Quickbooks, E2 System","Commercial kitchen brigade leadership, menu engineering, food cost control, high-volume service pacing, rigorous hygiene and HACCP compliance.","Executive Assistant/Office Manager , 01/2014 to Current Company Name Schedule and maintain multiple management calendars Daily communication with management, such as President, VP, CFO, COO and Director Research and schedule international and domestic travel arrangements for all traveling employees Prepare, review, update and distribute company rev",Requires Australian Food Safety Supervisor certification (HACCP) and state-level Responsible Service of Alcohol (RSA) licensing.,"International culinary discipline, kitchen management, and cost-control systems translate directly to high-standard Australian dining and hotel groups."
AU-CAND-320,Valeria Morales (320),Chile,Australia,Hospitality & Service,EXECUTIVE CHEF,EXECUTIVE CHEF Group (Chile),6,"Associate of Arts : Culinary Arts 1982 Saint Augustine Culinary School City , State City",351311,Chef / Hospitality Operations Specialist,Leadership/communication skills Product development Menu Development New product delivery Budgeting expertise Employee relations Self-motivated Customer-oriented Staff Training Staff Retention Team Building Staff Motivat,"Commercial kitchen brigade leadership, menu engineering, food cost control, high-volume service pacing, rigorous hygiene and HACCP compliance.","in kitchen, banquets, and a-la-carte operations, for hotels, resorts and restaurants. Culinary innovator known for producing top quality, creative products contributing to revenue growth. Proven ability to lead successful multi-outlets, fine dining and high volume operations. Expertise Multi-Outlet/High Volume Operations * Budgeting/P&L Management ",Requires Australian Food Safety Supervisor certification (HACCP) and state-level Responsible Service of Alcohol (RSA) licensing.,"International culinary discipline, kitchen management, and cost-control systems translate directly to high-standard Australian dining and hotel groups."
