candidate_id,full_name,origin_country,target_country,industry_category,original_job_title,original_company,years_of_experience,education,anzsco_code,anzsco_occupation,direct_skills,transferable_skills,skill_evidence_excerpts,honest_gaps,transferability_rationale,raw_resume_sample
AU-CAND-01,Minh Tuan Nguyen,Vietnam,Australia,Healthcare & Nursing,Healthcare Professional,Healthcare Professional Group (Vietnam),10,and Training Certificate of Completion: Health Information Technology - Coding Certificate Program Rowan College of Burl,254411,Registered Nurse / Health Specialist,"Professional Summary Strategic healthcare professional with over 10 years in Operations Leadership: Medical Practice Management, Hospital Administration, Behavioral Health, and Medicare Services Core Qualifications Patie","Patient triage, infection prevention protocols, clinical workflow optimization, cross-cultural patient communication, acute crisis stabilization.","Practice Manager January 2016 to Current Company Name － City , State Manage administrative operations in a ""patient centered medical home practice (PCMH) model for quality and safety, accessible services, coordinated, and comprehensive care. Complete and comply with different payer quality reporting measures. Provide hands-on operational support to",Requires AHPRA (Australian Health Practitioner Regulation Agency) registration and bridging course on Australian PBS/Medicare billing guidelines.,"International clinical protocols (WHO, JCI) closely match Australian healthcare accreditation standards. Clinical fundamentals are directly transferable upon AHPRA credential assessment.","PRACTICE MANAGER Education and Training Certificate of Completion: Health Information Technology - Coding Certificate Program Rowan College of Burlington County － City , State MA : Administrative Management/Public Administration Administrative Management/Public Administration BA : Social Science/Political Science Bowie State University Clarion University of Pennsylvania － City , State Social Science/Political Science Skill Highlights Professional Summary Strategic healthcare professional with over 10 years in Operations Leadership: Medical Practice Management, Hospital Administration, Behavior..."
AU-CAND-02,Thao My Le,Vietnam,Australia,Healthcare & Nursing,"DIRECTOR, COMPOUNDING SALES SPECIALIST","DIRECTOR, COMPOUNDING SALES SPECIALIST Group (Vietnam)",12,"High School Diploma : May 1971 GRIFFITHVILLE HIGH SCHOOL － City , State Physical Education/Math , May 1977 HARDING COLLE",254411,Registered Nurse / Health Specialist,"Microsoft Office, Word, PowerPoint, Excel. *CRM Software: Sugar and Sales Logix. *Accomplished in relationship building and selling.","Patient triage, infection prevention protocols, clinical workflow optimization, cross-cultural patient communication, acute crisis stabilization.","Director, Compounding Sales Specialist July 1997 to March 2015 Company Name － City , State Talented sales professional who effectively multi-tasks and balances customer needs with company demands. Efficiently builds loyalty and long-term relationships with customers, while consistently reaching sales targets. Exceed sales goals. Monitor customers p",Requires AHPRA (Australian Health Practitioner Regulation Agency) registration and bridging course on Australian PBS/Medicare billing guidelines.,"International clinical protocols (WHO, JCI) closely match Australian healthcare accreditation standards. Clinical fundamentals are directly transferable upon AHPRA credential assessment.","DIRECTOR, COMPOUNDING SALES SPECIALIST Professional Summary Highly organized and talented sales professional who effectively multi-tasks and balances customer needs with company demands. Efficiently builds loyalty and long-term relationships with customers, while consistently reaching and exceeding sales targets. Skilled in building relationships, negotiating and closing sales. Core Qualifications Microsoft Office, Word, PowerPoint, Excel. *CRM Software: Sugar and Sales Logix. *Accomplished in relationship building and selling. Experience Director, Compounding Sales Specialist July 1997 to Mar..."
AU-CAND-03,Bao Hoang,Vietnam,Australia,Healthcare & Nursing,LICENSED PRACTICAL NURSE- STEP-DOWN UNIT,LICENSED PRACTICAL NURSE- STEP-DOWN UNIT Group (Vietnam),15,"2012 Bachelor of Science : (Pre-Med) Foundations in Counseling Samford University － City , State , U.S 2009 Pre- Nursing",254411,Registered Nurse / Health Specialist,and community resources. Provided necessary health,"Patient triage, infection prevention protocols, clinical workflow optimization, cross-cultural patient communication, acute crisis stabilization.","01/2017 to 09/2017 Licensed Practical Nurse- Step-down Unit Company Name － City , State Recorded patients' medical history, vital statistics and test results in medical records. Administered IV therapy and medications per MD orders Monitored post-op vitals, set up PCA, fluids, reviewed post-op orders and orient patients to unit. Developed and maint",Requires AHPRA (Australian Health Practitioner Regulation Agency) registration and bridging course on Australian PBS/Medicare billing guidelines.,"International clinical protocols (WHO, JCI) closely match Australian healthcare accreditation standards. Clinical fundamentals are directly transferable upon AHPRA credential assessment.","LICENSED PRACTICAL NURSE- STEP-DOWN UNIT Summary Licensed Practical Nurse with 15 years in providing direct care under RN and MD supervision in diagnosis, treatment prescription and follow-up with patients from pediatrics to geriatrics. Additional expertise includes management and staff supervision. Strong desire to focus on preventative care and health education. Energetic and motivational and leader dedicated to driving top-quality patient care. Looking for a position in a top-notch facility with a commitment to innovative processes. Nursing Expertise Geriatrics Pediatrics Correctional Nursi..."
AU-CAND-04,Huyen My Dang,Vietnam,Australia,Healthcare & Nursing,IMPACT,IMPACT Group (Vietnam),12,"and training classes. Interacted with patients, families, hospital staff and the general public. Evaluated patient care ",254411,Registered Nurse / Health Specialist,Level-headed under pressure *65 wpm *Microsoft Office efficient *Kind,"Patient triage, infection prevention protocols, clinical workflow optimization, cross-cultural patient communication, acute crisis stabilization.","Impact October 2014 to February 2015 Company Name － City , State Maintained up-to-date knowledge of store policies regarding payments, returns and exchanges. Prevented store losses using awareness, attention to detail and integrity. Worked as a team member performing cashier duties, product assistance and cleaning. Expressed appreciation and invite",Requires AHPRA (Australian Health Practitioner Regulation Agency) registration and bridging course on Australian PBS/Medicare billing guidelines.,"International clinical protocols (WHO, JCI) closely match Australian healthcare accreditation standards. Clinical fundamentals are directly transferable upon AHPRA credential assessment.","IMPACT Highlights Level-headed under pressure *65 wpm *Microsoft Office efficient *Kind Experience Impact October 2014 to February 2015 Company Name － City , State Maintained up-to-date knowledge of store policies regarding payments, returns and exchanges. Prevented store losses using awareness, attention to detail and integrity. Worked as a team member performing cashier duties, product assistance and cleaning. Expressed appreciation and invited customers to return to the store. Assisted customers with store and product complaints. Guaranteed positive customer experiences and resolved custome..."
AU-CAND-05,Duc Anh Pham,Vietnam,Australia,Healthcare & Nursing,ENUMERATOR,ENUMERATOR Group (Vietnam),8,and status on previously submitted pre-authorizations or pre-determination requests Meet the performance goals establish,254411,Registered Nurse / Health Specialist,"and abilities in handling the clerical and administrative support work, and activities. Highlights Time Management SAP and SRM Cash Request / Cash handling Check Request Purchase Orders Microsoft Office: Word, Excel, Pow","Patient triage, infection prevention protocols, clinical workflow optimization, cross-cultural patient communication, acute crisis stabilization.","seeking a to achieve career growth where I will get an opportunity to utilize my skills and abilities in handling the clerical and administrative support work, and activities. Highlights Time Management SAP and SRM Cash Request / Cash handling Check Request Purchase Orders Microsoft Office: Word, Excel, PowerPoint, Outlook. Data Entry Filing and Ma",Requires AHPRA (Australian Health Practitioner Regulation Agency) registration and bridging course on Australian PBS/Medicare billing guidelines.,"International clinical protocols (WHO, JCI) closely match Australian healthcare accreditation standards. Clinical fundamentals are directly transferable upon AHPRA credential assessment.","ENUMERATOR Summary Recent graduate with BA in Business Administration looking to obtain a position as an Administrative Assistant in which my organizational abilities can be fully utilized. Hard working and goal-oriented professional with four years of experience seeking a to achieve career growth where I will get an opportunity to utilize my skills and abilities in handling the clerical and administrative support work, and activities. Highlights Time Management SAP and SRM Cash Request / Cash handling Check Request Purchase Orders Microsoft Office: Word, Excel, PowerPoint, Outlook. Data Entry..."
AU-CAND-06,Quynh Chi Tran,Vietnam,Australia,Healthcare & Nursing,LICENSED HEALTHCARE COMMUNICATOR,LICENSED HEALTHCARE COMMUNICATOR Group (Vietnam),10,on prescribed treatment regimen. Provide patient support to patients enrolled in Patient Support Programs. Assist in tra,254411,Registered Nurse / Health Specialist,"acute care, billing, Case management, charts, chemotherapy, closing, coaching, Client, clients, discharge planning, insurance, director, meetings, presenting, quality, Quest, reporting, supervising, telecommunication, wo","Patient triage, infection prevention protocols, clinical workflow optimization, cross-cultural patient communication, acute crisis stabilization.","10/2016 to Current Licensed Healthcare Communicator Company Name － City , State Representing clients on a variety of projects via inbound/outbound telecommunication which includes:. Providing drug product information. Identify adverse events and product complaints as outlined by client guidelines. Provide patient",Requires AHPRA (Australian Health Practitioner Regulation Agency) registration and bridging course on Australian PBS/Medicare billing guidelines.,"International clinical protocols (WHO, JCI) closely match Australian healthcare accreditation standards. Clinical fundamentals are directly transferable upon AHPRA credential assessment.","LICENSED HEALTHCARE COMMUNICATOR Summary To obtain a stable and growth-oriented position which will allow me to promote the profession of nursing by training and developing current and future nurses. Experience 10/2016 to Current Licensed Healthcare Communicator Company Name － City , State Representing clients on a variety of projects via inbound/outbound telecommunication which includes:. Providing drug product information. Identify adverse events and product complaints as outlined by client guidelines. Provide patient education on prescribed treatment regimen. Provide patient support to pati..."
AU-CAND-07,Hoang Nam Vu,Vietnam,Australia,Healthcare & Nursing,REGISTERED NURSE,REGISTERED NURSE Group (Vietnam),8,"units (CEU)s or patient care refresher training such as first responder protocol, triage care and other levels of medica",254411,Registered Nurse / Health Specialist,"Microsoft Office, Word, Excel, PowerPoint, and Outlook","Patient triage, infection prevention protocols, clinical workflow optimization, cross-cultural patient communication, acute crisis stabilization.","06/2016 Registered Nurse Company Name － City , State Self-motivated leader with over 8 years of experience in emergency medicine and health care. Self-starter who is able to maneuver through tasks and make sure the job is done in a timely and proficient manner. Trainer and teacher who can effectively break down tasks so they can be understood and e",Requires AHPRA (Australian Health Practitioner Regulation Agency) registration and bridging course on Australian PBS/Medicare billing guidelines.,"International clinical protocols (WHO, JCI) closely match Australian healthcare accreditation standards. Clinical fundamentals are directly transferable upon AHPRA credential assessment.","REGISTERED NURSE Professional Summary To provide safe, efficient, and quality care to patients and their families while adhering to policies and procedures. Licenses Completed coursework in Anatomy and Physiology, Anatomy Lab, English Composition, Cardiopulmonary Resuscitation, Microbiology and Microbiology Lab, and Medical Terminology Skill Highlights Microsoft Office, Word, Excel, PowerPoint, and Outlook Professional Experience 06/2016 Registered Nurse Company Name － City , State Self-motivated leader with over 8 years of experience in emergency medicine and health care. Self-starter who is ..."
AU-CAND-08,Phuong Linh Do,Vietnam,Australia,Healthcare & Nursing,CLINICAL RESEARCH COORDINATOR MENTOR - QUALITY ASSURANCE,CLINICAL RESEARCH COORDINATOR MENTOR - QUALITY ASSURANCE Group (Vietnam),10,"and Training Eastern Michigan University City , State , US Bachelor of Business Administration : Management Bachelor of ",254411,Registered Nurse / Health Specialist,"Ability to learn new databases, software, and processes quickly Member of UMHS Quality Month Committee","Patient triage, infection prevention protocols, clinical workflow optimization, cross-cultural patient communication, acute crisis stabilization.","Proficient with Microsoft office programs Proficient with University of Michigan systems; MiChart, Careweb, eResearch, Qualtrics, Velos, Wolverine Access Excellent organizational skills Ability to learn new databases, software, and processes quickly Member of UMHS Quality Month Committee Professional Experience August 2011 to Current Company Name C",Requires AHPRA (Australian Health Practitioner Regulation Agency) registration and bridging course on Australian PBS/Medicare billing guidelines.,"International clinical protocols (WHO, JCI) closely match Australian healthcare accreditation standards. Clinical fundamentals are directly transferable upon AHPRA credential assessment.","CLINICAL RESEARCH COORDINATOR MENTOR - QUALITY ASSURANCE Career Focus Eight years of compliance experience Proficient with Microsoft office programs Proficient with University of Michigan systems; MiChart, Careweb, eResearch, Qualtrics, Velos, Wolverine Access Excellent organizational skills Ability to learn new databases, software, and processes quickly Member of UMHS Quality Month Committee Professional Experience August 2011 to Current Company Name City , State Clinical Research Coordinator Mentor - Quality Assurance Project Management for Quality Assurance Review Committee - Auditor for Re..."
AU-CAND-09,Quoc Huy Trinh,Vietnam,Australia,Healthcare & Nursing,Healthcare Professional,Healthcare Professional Group (Vietnam),20,"and Training Master of Public Health; Des : Public Health Moines University Osteopathic Medical center, College of Healt",254411,Registered Nurse / Health Specialist,Areas of expertise include: Nursing Management Process Improvement Statistics and data Analysis Operationalizing best practices Teaching/ Facilitating/ Coaching/ Mentoring Team Building Marketing and Public Relations,"Patient triage, infection prevention protocols, clinical workflow optimization, cross-cultural patient communication, acute crisis stabilization.","in clinical nursing, management, statistics, quality management, and process improvement. Years of experience in hospital, clinic, public health, and academic operation with comprehensive understanding of healthcare; proven ability to build effective relationships and develop and maintain highly reliable teams; skilled coach, mentor, facilitator, a",Requires AHPRA (Australian Health Practitioner Regulation Agency) registration and bridging course on Australian PBS/Medicare billing guidelines.,"International clinical protocols (WHO, JCI) closely match Australian healthcare accreditation standards. Clinical fundamentals are directly transferable upon AHPRA credential assessment.","DIRECTOR, QUALITY IMPROVEMENT NETWORK FACILITATION Professional Background Highly accomplished registered- nurse with more than 20 years of experience in clinical nursing, management, statistics, quality management, and process improvement. Years of experience in hospital, clinic, public health, and academic operation with comprehensive understanding of healthcare; proven ability to build effective relationships and develop and maintain highly reliable teams; skilled coach, mentor, facilitator, and teacher; accomplished project manager and curriculum developer; detailed and outcome oriented. S..."
AU-CAND-10,Thu Hang Ngo,Vietnam,Australia,Healthcare & Nursing,PROJECT MANAGER,PROJECT MANAGER Group (Vietnam),20,"MBA : Finance , University of Georgia - City , State Finance BS : Computer Science , Spelman College - City , State Comp",254411,Registered Nurse / Health Specialist,Issue resolution Budgeting Team oversight Business artifacts documentation Project finance Multi-tasking Organized Project planning Microsoft Office Suite SQL and databases Data mapping Test case scenarios Quality assura,"Patient triage, infection prevention protocols, clinical workflow optimization, cross-cultural patient communication, acute crisis stabilization.","in the software development life cycle (SDLC) with focus on application analysis and design, application development, systems testing, and systems integration. Certified as a Project Management Professional (PMP). Accustomed to managing multiple projects and priorities in fast-paced environments. Accomplished IT professional with 20 years of experi",Requires AHPRA (Australian Health Practitioner Regulation Agency) registration and bridging course on Australian PBS/Medicare billing guidelines.,"International clinical protocols (WHO, JCI) closely match Australian healthcare accreditation standards. Clinical fundamentals are directly transferable upon AHPRA credential assessment.","PROJECT MANAGER Professional Summary Accomplished Information technology professional with 20 years of experience in the software development life cycle (SDLC) with focus on application analysis and design, application development, systems testing, and systems integration. Certified as a Project Management Professional (PMP). Accustomed to managing multiple projects and priorities in fast-paced environments. Accomplished IT professional with 20 years of experience in the software development life cycle (SDLC) with focus on application analysis and design, application development, systems testi..."
AU-CAND-11,Tuan Kiet Vo,Vietnam,Australia,Finance & Accounting,FINANCE OFFICER,FINANCE OFFICER Group (Vietnam),4,"2013 Fourah Bay College City , State , Sierra Leone Accounting and Finance Bachelor of Science GPA: Graduated with honor",221111,Accountant (General) / Financial Analyst,Analytical reasoning Compliance testing knowledge Financial statement analysis Account reconciliation expert Financial planner Effective time management,"IFRS/GAAP financial statement consolidation, general ledger reconciliations, internal control frameworks, audit readiness, cash flow forecasting.",Accountant and data base worker who has developed a strong accounting background working with Data Base and Accounting packages for over four years. Team oriented individual with good interpersonal skill and a demonstrated ability to accurately evaluate customer requirement and complete related tasks / project which satisfy or exceed customer requi,"Needs CPA Australia / CA ANZ conversion assessment, and hands-on familiarity with Australian GST, PAYG withholding, and ATO portal reporting.","Strong international foundation in IFRS and ERP systems (SAP, Oracle, Xero). Core ledger and audit competencies translate directly with minor ATO taxation localization.","FINANCE OFFICER Summary Profile: An experience Accountant and data base worker who has developed a strong accounting background working with Data Base and Accounting packages for over four years. Team oriented individual with good interpersonal skill and a demonstrated ability to accurately evaluate customer requirement and complete related tasks / project which satisfy or exceed customer requirement on time. . I have the ability to create conducive atmosphere with colleagues at work. Keen, presentable and goal getter, effective team member, trust worthy, reliable and well organize team player..."
AU-CAND-12,Mai Anh Duong,Vietnam,Australia,Finance & Accounting,Banking Professional,Banking Professional Group (Vietnam),5,and Training Texas A&M Commerce December 2017 Masters of Science : Accounting Baylor University Accounting GPA: 3.58 Aug,221111,Accountant (General) / Financial Analyst,"account reconciliations, accounting system, accounts payable, process payroll, spreadsheets Additional Information Buffalo Creek Golf Club, Rockwall, TX May 2012-August 2012 Maintain golf carts and driving range Activiti","IFRS/GAAP financial statement consolidation, general ledger reconciliations, internal control frameworks, audit readiness, cash flow forecasting.","03/2016 to 03/2018 Accountant Company Name － City , State Reconcile bank accounts daily Process accounts payable Maintain general ledgers Create and modify existing Excel documents Maintain and process payroll Maintain accounting system Perform month-end procedures and account reconciliations Create and modify existing journal entries Perform accou","Needs CPA Australia / CA ANZ conversion assessment, and hands-on familiarity with Australian GST, PAYG withholding, and ATO portal reporting.","Strong international foundation in IFRS and ERP systems (SAP, Oracle, Xero). Core ledger and audit competencies translate directly with minor ATO taxation localization.","ACCOUNTANT Interests Buffalo Creek Golf Club, Rockwall, TX May 2012-August 2012 *Maintain golf carts and driving range Experience 03/2016 to 03/2018 Accountant Company Name － City , State Reconcile bank accounts daily Process accounts payable Maintain general ledgers Create and modify existing Excel documents Maintain and process payroll Maintain accounting system Perform month-end procedures and account reconciliations Create and modify existing journal entries Perform accounting data reconciliations and verifications Prepare and file 1099s, 941s, 940s, W-2s, and C-3s Pay payroll taxes every ..."
AU-CAND-13,Dinh Trong Phan,Vietnam,Australia,Finance & Accounting,ACCOUNTANT,ACCOUNTANT Group (Vietnam),10,Accounting Phoenix University/US-Florida-Miami Accounting - Present 2003 Sheridan Technical Center/US-Florida-Miami Cert,221111,Accountant (General) / Financial Analyst,"Windows XP, Microsoft Office (Outlook, Excel, Word), QuickBooks Enterprise 17.0, Timberline, File Maker, POS.","IFRS/GAAP financial statement consolidation, general ledger reconciliations, internal control frameworks, audit readiness, cash flow forecasting.","in positions of increasing responsibility in dynamic entertainment companies. Skilled at training staff in Accounts Payable and Receivable and Payroll functions and creating effective teams. Highlights Windows XP, Microsoft Office (Outlook, Excel, Word), QuickBooks Enterprise 17.0, Timberline, File Maker, POS. Accomplishments General Ledger Account","Needs CPA Australia / CA ANZ conversion assessment, and hands-on familiarity with Australian GST, PAYG withholding, and ATO portal reporting.","Strong international foundation in IFRS and ERP systems (SAP, Oracle, Xero). Core ledger and audit competencies translate directly with minor ATO taxation localization.","ACCOUNTANT Summary If you need someone who delivers sharp results, I can help. Well qualified and results oriented Accounting Professional with over fourteen years of successful experience in positions of increasing responsibility in dynamic entertainment companies. Skilled at training staff in Accounts Payable and Receivable and Payroll functions and creating effective teams. Highlights Windows XP, Microsoft Office (Outlook, Excel, Word), QuickBooks Enterprise 17.0, Timberline, File Maker, POS. Accomplishments General Ledger Accounts Maintained accurate accounts including cash, inventory, pre..."
AU-CAND-14,Ngoc Bich Ha,Vietnam,Australia,Finance & Accounting,FINANCE OFFICER,FINANCE OFFICER Group (Vietnam),9,"Bachelor of Science Degree : Business Administration Finance , 2009 Northern Caribbean University － City , JAMAICA Busin",221111,Accountant (General) / Financial Analyst,ACCPAC accounting skills Analytical reasoning Budget analysis Account reconciliations,"IFRS/GAAP financial statement consolidation, general ledger reconciliations, internal control frameworks, audit readiness, cash flow forecasting.","Finance Officer May 2011 to January 2016 Company Name － City , State G/L Reporting & Preparation of Audit Schedules Daily General Ledger postings and accounting journals for: Investigated and put together Savings & Interest Payable Reconciliations to show the aggregate net savings and liabilities position of the organization year to date Staff Loan","Needs CPA Australia / CA ANZ conversion assessment, and hands-on familiarity with Australian GST, PAYG withholding, and ATO portal reporting.","Strong international foundation in IFRS and ERP systems (SAP, Oracle, Xero). Core ledger and audit competencies translate directly with minor ATO taxation localization.","FINANCE OFFICER Summary Competent and reliable professional, committed to excellence with proven team leading and team building skills, who sees challenges as an opportunity to grow and develop. Ability to lead a team of people from diverse backgrounds, by communicating clear goals and objectives, and understanding and resolving the needs of the team to ensure that targets are met. Responsible, analytical, results oriented, effective, efficient and flexible work attitude which aims to achieve and surpass set goals. Highly confidential, honest, pro-active individual who operates with integrity ..."
AU-CAND-15,Gia Bao Ly,Vietnam,Australia,Finance & Accounting,ACCOUNTANT,ACCOUNTANT Group (Vietnam),9,"M.Com (Master of Commerce) University of Kerala India B.Com (Bachelor of Commerce) Mahatma Gandhi University － State , I",221111,Accountant (General) / Financial Analyst,Competencies Proficient in data entry and management * Ability to maintain a high level of accuracy in preparing and entering financial information * Ability to work fast and in an accurate manner * Good organizational a,"IFRS/GAAP financial statement consolidation, general ledger reconciliations, internal control frameworks, audit readiness, cash flow forecasting.",Accountant October 2012 to October 2014 Company Name － City A Destination Management Company based in Dubai) Job Description: Handled high volume of payments including internal and external. Reviewed supplier invoices to ensure that all the information appearing on them is accurate and complete and reconciled their statements after sorting queries.,"Needs CPA Australia / CA ANZ conversion assessment, and hands-on familiarity with Australian GST, PAYG withholding, and ATO portal reporting.","Strong international foundation in IFRS and ERP systems (SAP, Oracle, Xero). Core ledger and audit competencies translate directly with minor ATO taxation localization.",ACCOUNTANT Summary General accounting procedures ***Accounts Payables * Costing ** Billing & Accounts Receivables * Cash Management * Bank Reconciliation ***Payroll Management * Finalisation of accounts up to Balance Sheet * Accounting Reports Management * Knowledge of L/C Documentation * Admin & Secretarial Skills Competencies Proficient in data entry and management * Ability to maintain a high level of accuracy in preparing and entering financial information * Ability to work fast and in an accurate manner * Good organizational and analytical skills * Ability to learn and adapt quickly to me...
AU-CAND-16,Cam Tu Bui,Vietnam,Australia,Finance & Accounting,FINANCE BUSINESS PARTNER,FINANCE BUSINESS PARTNER Group (Vietnam),10,"Cultural Exchange Program : 7 1996 MONTCLAIR STATE UNIVERSITY － City , State , United State Master of Business Administr",221111,Accountant (General) / Financial Analyst,"Strategic and financial planning expert SOX Compliance Oracle ERP (Enterprise Resource Planning), and Hyperion Planning software Financial planning and forecasting, Data analysis Customer relations Data trending and Proj","IFRS/GAAP financial statement consolidation, general ledger reconciliations, internal control frameworks, audit readiness, cash flow forecasting.","Finance Business Partner November 2009 to Current Company Name － City , State Responsible for financial planning of 5 - 6 corporate functions (Center of Excellence), including budgeting, forecasting, variance analysis, reporting with relevant analytics. Monthly financial review and recommend cost management. Responsible for completing financial and","Needs CPA Australia / CA ANZ conversion assessment, and hands-on familiarity with Australian GST, PAYG withholding, and ATO portal reporting.","Strong international foundation in IFRS and ERP systems (SAP, Oracle, Xero). Core ledger and audit competencies translate directly with minor ATO taxation localization.","FINANCE BUSINESS PARTNER Summary Finance Business Partner adept at effectively managing financial needs of various Corporate functions including auditing, and providing analytics of periodic performance results. Areas of expertise include budgeting, forecasting, allocations, cost reductions, project management and fostering client relationships. Highlights Strategic and financial planning expert SOX Compliance Oracle ERP (Enterprise Resource Planning), and Hyperion Planning software Financial planning and forecasting, Data analysis Customer relations Data trending and Projections Accomplishmen..."
AU-CAND-17,Priya Sharma,India,Australia,Finance & Accounting,PROGRAMME FINANCE ASSOCIATE,PROGRAMME FINANCE ASSOCIATE Group (India),12,"12 2008 BSc. Civil Engineering, Al-Fateh University, Tripoli - Libya (1997 - 2001) & University of Tripoli, Tripoli - Li",221111,Accountant (General) / Financial Analyst,and contribute to an organization that offers professional growth. Being productive and add value to the organisation through my knowledge and previous,"IFRS/GAAP financial statement consolidation, general ledger reconciliations, internal control frameworks, audit readiness, cash flow forecasting.","in managing projects according to PRINCE2 methodology. Civil engineering background. Two years experience in events organization (workshops, conferences and awareness campaigns). Highly motivated in team and individual tasks, hard working and productive worker under pressure. Practical experience of dealing with governmental and official entities. ","Needs CPA Australia / CA ANZ conversion assessment, and hands-on familiarity with Australian GST, PAYG withholding, and ATO portal reporting.","Strong international foundation in IFRS and ERP systems (SAP, Oracle, Xero). Core ledger and audit competencies translate directly with minor ATO taxation localization.","PROGRAMME FINANCE ASSOCIATE Professional Summary Seeking a position where I can demonstrate my skills and contribute to an organization that offers professional growth. Being productive and add value to the organisation through my knowledge and previous experiences Overview Certified project manager with two years experience in managing projects according to PRINCE2 methodology. Civil engineering background. Two years experience in events organization (workshops, conferences and awareness campaigns). Highly motivated in team and individual tasks, hard working and productive worker under pressu..."
AU-CAND-18,Rajesh Patel,India,Australia,Finance & Accounting,OPERATIONS FINANCE DIRECTOR,OPERATIONS FINANCE DIRECTOR Group (India),5,"Associate of Arts , History Diablo Valley College － City , State , USA Pursued BA in Finance Economics / Spanish Los Med",221111,Accountant (General) / Financial Analyst,"Customer service Schedule management Project management Strategic and financial planning expert Mergers and acquisitions knowledge Negotiations, risk mitigation Exceptional customer service skills Microsoft Office profic","IFRS/GAAP financial statement consolidation, general ledger reconciliations, internal control frameworks, audit readiness, cash flow forecasting.",Cost reduction and containment Staff leadership and development Superior organization skills Accomplishments Reduced capital spending by 35 % per year as the leader of a cross-functional trading floor teams in San Francisco and New York. Head of Business Continuity for NYSE-SF and NYSE-NY. Recognized for achieving flawless audit scores from both NY,"Needs CPA Australia / CA ANZ conversion assessment, and hands-on familiarity with Australian GST, PAYG withholding, and ATO portal reporting.","Strong international foundation in IFRS and ERP systems (SAP, Oracle, Xero). Core ledger and audit competencies translate directly with minor ATO taxation localization.","OPERATIONS FINANCE DIRECTOR Summary Skilled financial professional with over twenty years of financial services industry and fifteen years of practical management experience.Highly detail-oriented and organized. Areas of expertise include conflict management, customer service, marketing and client interface. Advanced training in risk assessments, management controls and audit planning. ​ ​ Highlights Customer service Schedule management Project management Strategic and financial planning expert Mergers and acquisitions knowledge Negotiations, risk mitigation Exceptional customer service skills..."
AU-CAND-19,Ananya Sen,India,Australia,Finance & Accounting,OPERATIONS AND FINANCE MANAGER,OPERATIONS AND FINANCE MANAGER Group (India),10,"and Training MBA UNIVERSITY of OKLAHOMA City , State Master of Business Administration : Business Administration, Financ",221111,Accountant (General) / Financial Analyst,"- Proven ability to produce formal written reports with the subheadings of Table of Contents, Executive Summary, Statement of Purpose, Observations, Conclusions and Recommendations. Like reading a chapter in a textbook P","IFRS/GAAP financial statement consolidation, general ledger reconciliations, internal control frameworks, audit readiness, cash flow forecasting.","*Collections / Supervisory - Over eleven years experience Manager of Collections and Enforcement Branches supervising and managing two branches, with eleven employees, of the of the Oklahoma Turnpike Authority regarding incoming and outgoing collection calls and collection issues. Semi Annual performance appraisals. Performing RFP bids for Third Pa","Needs CPA Australia / CA ANZ conversion assessment, and hands-on familiarity with Australian GST, PAYG withholding, and ATO portal reporting.","Strong international foundation in IFRS and ERP systems (SAP, Oracle, Xero). Core ledger and audit competencies translate directly with minor ATO taxation localization.","OPERATIONS AND FINANCE MANAGER Summary Communication Skills - Proven ability to produce formal written reports with the subheadings of Table of Contents, Executive Summary, Statement of Purpose, Observations, Conclusions and Recommendations. Like reading a chapter in a textbook Possess well-developed skills with interpersonal customer relations, e-mails, group presentations *Analytic Abilities - Expert level proficiency using Microsoft Office applications Excel, Word, Access, Power Point, Visio. Proven understanding of relational database concepts, Microsoft Outlook. Microsoft Certified SQL Se..."
AU-CAND-20,Ravi Shankar,India,Australia,Finance & Accounting,MANAGER OF GOLF OPERATIONS,MANAGER OF GOLF OPERATIONS Group (India),7,"Bachelor of Science : Business Management Marketing 2010 University of Colorado City , State GPA: Graduated Cum Laude Bu",221111,Accountant (General) / Financial Analyst,to achieve brand success. Respected business manager with extensive,"IFRS/GAAP financial statement consolidation, general ledger reconciliations, internal control frameworks, audit readiness, cash flow forecasting.","in the golf industry adept at identifying emerging trends and opportunities. Passionate business development specialist, skilled in impacting the visibility, profitability, and performance of the brand through orchestration of competitive market intelligence. Track record of developing highly successful campaigns within budget, on schedule and surp","Needs CPA Australia / CA ANZ conversion assessment, and hands-on familiarity with Australian GST, PAYG withholding, and ATO portal reporting.","Strong international foundation in IFRS and ERP systems (SAP, Oracle, Xero). Core ledger and audit competencies translate directly with minor ATO taxation localization.","MANAGER OF GOLF OPERATIONS Career Focus Innovative and creative business leader with a proven track record in managing business operations on a large scale from conception to launch, while driving brand growth and improving sales. Experienced manager recognized for building strong client and customer relationships while leveraging excellent negotiating skills to achieve brand success. Respected business manager with extensive experience in the golf industry adept at identifying emerging trends and opportunities. Passionate business development specialist, skilled in impacting the visibility, p..."
AU-CAND-21,Kavita Nair,India,Australia,Marketing & Communications,PUBLIC RELATIONS SPECIALIST,PUBLIC RELATIONS SPECIALIST Group (India),10,"Bachelor of Arts : Communications Fayetteville State University - City , State Graduated with a 3.8 GPA Member of Alpha ",225113,Marketing Specialist / Communications Manager,Deadline-oriented Strong creative vision Event planning Strong communication skills Media relations Communications management Natural leader Creative writing Diversity trainer Strategy development Public Relations Inform,"Omnichannel campaign strategy, stakeholder relations, brand narrative positioning, digital performance marketing, crisis PR management.","Introduced fresh and new angles on previously-reported material to update and inform readers Lead camera host for www.presspassla.com Excelled within on-call journalism positions, blending experience and passion to ensure timely and comprehensive reporting Interviewed high profile guests in the entertainment and sports industry Wrote factually corr","Needs acclimatization to the Australian cultural consumer landscape, local Australian media networks, and ACMA spam/privacy compliance regulations.","Global multi-channel campaign architectures, marketing automation, and performance measurement frameworks apply universally across tier-1 English-speaking markets.","PUBLIC RELATIONS SPECIALIST Professional Summary Public relations and communications specialist adept at media relations, special events coordination, issues management and community relations. Skills Deadline-oriented Strong creative vision Event planning Strong communication skills Media relations Communications management Natural leader Creative writing Diversity trainer Strategy development Public Relations Information gathering Work History Public Relations Specialist , 09/2019 to Current Company Name – City , State Generated and implemented media pitches for clients in Entertainment, Med..."
AU-CAND-22,Sunil Joshi,India,Australia,Marketing & Communications,"EXEC DIRECTOR OF SALES, CONSULTANT, STRATEGIST","EXEC DIRECTOR OF SALES, CONSULTANT, STRATEGIST Group (India)",8,"MBA : Management and Media Communications Management, Finance , 2012 Fordham University Graduate School of Business GPA:",225113,Marketing Specialist / Communications Manager,Business development leader Sales team management Revenue and market expansion Self-motivated Leadership/communication skills Negotiations expert Market research and analysis Customer-oriented Core,"Omnichannel campaign strategy, stakeholder relations, brand narrative positioning, digital performance marketing, crisis PR management.","Exec Director of Sales, Consultant, Strategist Current Company Name － City , State Work with clients and agencies to build and implement in-market strategies and extend revenue streams across digital, mobile, and social messaging channels Drive revenue across Retail, CPG, e-Commerce, Technology, and Entertainment clients Manage and Develop go-to-ma","Needs acclimatization to the Australian cultural consumer landscape, local Australian media networks, and ACMA spam/privacy compliance regulations.","Global multi-channel campaign architectures, marketing automation, and performance measurement frameworks apply universally across tier-1 English-speaking markets.","EXEC DIRECTOR OF SALES, CONSULTANT, STRATEGIST Executive Profile 10+ year proven track record in Digital, Mobile, and Social, Business Development & Sales Leadership experience, working with top tier clients and agencies in revenue generation, sales team management, across Retail, CPG, QSR, Electronics, Entertainment, among other verticals, leading sales teams to exceeding quota and new market expansion Skill Highlights Business development leader Sales team management Revenue and market expansion Self-motivated Leadership/communication skills Negotiations expert Market research and analysis C..."
AU-CAND-23,Arjun Kapoor,India,Australia,Marketing & Communications,ASSISTANT COMPANY SECRETARY,ASSISTANT COMPANY SECRETARY Group (India),10,"MAICSA , PROFESSIONAL LEVEL Malaysia Institute of Chartered Secretary － City , State , MALAYSIA BACHELOR IN CORPORATE AD",225113,Marketing Specialist / Communications Manager,"Microsoft Office - MS Words, Power Point, Excel, Access, Publisher SPSS 16.0 Interpersonal Skills","Omnichannel campaign strategy, stakeholder relations, brand narrative positioning, digital performance marketing, crisis PR management.","Assistant Company Secretary Apr 2016 to Current Company Name － City , State Address : SH 6A, Jalan Mutiara, Taman Bukit Ampang, Jalan Bukit Belacan, 68000 Ampang, Selangor. Executive Secretarial Aug 2014 to Jul 2015 Company Name － City , State Address: Level 8, Symphony House Pusat Dagangan Dana 1, Jalan PJU 1A/46, 47301 Petaling Jaya, Selangor Dar","Needs acclimatization to the Australian cultural consumer landscape, local Australian media networks, and ACMA spam/privacy compliance regulations.","Global multi-channel campaign architectures, marketing automation, and performance measurement frameworks apply universally across tier-1 English-speaking markets.","ASSISTANT COMPANY SECRETARY Summary Reliable Legal Secretary successful at maintaining complex docket systems, tracking deadlines and coordinating depositions. Organized Legal Secretary adept at managing multiple high priority tasks. Expert in preparing legal documents such as briefs, motions and subpoenas. Highlights Microsoft Office - MS Words, Power Point, Excel, Access, Publisher SPSS 16.0 Interpersonal Skills Experience Assistant Company Secretary Apr 2016 to Current Company Name － City , State Address : SH 6A, Jalan Mutiara, Taman Bukit Ampang, Jalan Bukit Belacan, 68000 Ampang, Selangor..."
AU-CAND-24,Sneha Verma,India,Australia,Marketing & Communications,PUBLIC RELATIONS MANAGER,PUBLIC RELATIONS MANAGER Group (India),30,"Bachelor of Science : Mass Communications Speech , 1 1984 St. Cloud State University － City , State , United States GPA:",225113,Marketing Specialist / Communications Manager,"advertising, audio, budgets, com, conferences, content, corporate communications, corporate communications, crisis communications, client, designing, editorial, special events, features, graphic design, legal, marketing","Omnichannel campaign strategy, stakeholder relations, brand narrative positioning, digital performance marketing, crisis PR management.","in communications, public relations, event planning and media relations. I have extensive knowledge of marketing campaigns, sales, messaging, and dissemination techniques and methods. I am an award-winning writer and editor with multimedia production experience who communicates effectively with target audiences through strategic brand management an","Needs acclimatization to the Australian cultural consumer landscape, local Australian media networks, and ACMA spam/privacy compliance regulations.","Global multi-channel campaign architectures, marketing automation, and performance measurement frameworks apply universally across tier-1 English-speaking markets.","PUBLIC RELATIONS MANAGER Summary I am a seasoned professional with 30 years of experience in communications, public relations, event planning and media relations. I have extensive knowledge of marketing campaigns, sales, messaging, and dissemination techniques and methods. I am an award-winning writer and editor with multimedia production experience who communicates effectively with target audiences through strategic brand management and PR campaigns. Core Competencies Project management Sound judgment Deadline-driven Marketing and sales specialist Exceptional writer Proficient web management ..."
AU-CAND-25,Vikram Singhania,India,Australia,Marketing & Communications,Digital-media Professional,Digital-media Professional Group (India),7,"team * Working with physicians and other health care professionals in developing research methodologies * Developing, co",225113,Marketing Specialist / Communications Manager,*Business development *Workflow analysis *SQL and databases *Business artifacts documentation *Data mapping *Brand management *Operations management *Business process mapping *Microsoft Office Suite *Organized *Fluent in,"Omnichannel campaign strategy, stakeholder relations, brand narrative positioning, digital performance marketing, crisis PR management.","m/theofilos.bentis Additional Information *Date of Birth : December 9, 1980 *Place of Birth : Athens, Greece *Marital Status : Single Professional Summary Shifting business needs and priorities in a systematic and effective way. Excels at implementing operational assessments and conducting functional requirements analysis for businesses of all size","Needs acclimatization to the Australian cultural consumer landscape, local Australian media networks, and ACMA spam/privacy compliance regulations.","Global multi-channel campaign architectures, marketing automation, and performance measurement frameworks apply universally across tier-1 English-speaking markets.","RESEARCH AND STUDY ELABORATION MANAGER / PUBLIC RELATIONS MANAGER / HUMAN RESOURCES SUPERVISOR https://www.linkedin.com/profile/view?id=178111535&trk=nav_responsive_tab_profile https://www.facebook.com/theofilos.bentis Additional Information *Date of Birth : December 9, 1980 *Place of Birth : Athens, Greece *Marital Status : Single Professional Summary Shifting business needs and priorities in a systematic and effective way. Excels at implementing operational assessments and conducting functional requirements analysis for businesses of all sizes. Highly ambitious with more than 7 years providi..."
AU-CAND-26,Deepika Rao,India,Australia,Marketing & Communications,DIRECTOR OF DIGITAL TRANSFORMATION,DIRECTOR OF DIGITAL TRANSFORMATION Group (India),30,1989 Newspaper El País-Universidad Autónoma de Madrid Spain Master in Journalism (MA) 1987 Navarra University Spain Bach,225113,Marketing Specialist / Communications Manager,and leading teams. Result oriented. Passionate and,"Omnichannel campaign strategy, stakeholder relations, brand narrative positioning, digital performance marketing, crisis PR management.","working in more than one hundred media companies in Spain, Argentina, Brazil, Chile, Mexico and other Latin American and European countries. Focused in business development and revenue strategies. Specialized in new media (digital, social, audiovisual), business development, newsroom organization and media management. With extensive experience in t","Needs acclimatization to the Australian cultural consumer landscape, local Australian media networks, and ACMA spam/privacy compliance regulations.","Global multi-channel campaign architectures, marketing automation, and performance measurement frameworks apply universally across tier-1 English-speaking markets.","DIRECTOR OF DIGITAL TRANSFORMATION Executive Profile Digital and print media professional and consultant with a strong vision to develop new projects and specialist in business development. Strong management skills and leading teams. Result oriented. Passionate and experienced in product and audience development, analytic tools, emerging technologies and their applications in the media industry. Social media and content strategist. Bilingual. Skill Highlights Journalism Editorial Leadership New Media Digital Media Business Development Audience Development Strategic Planning Product Management ..."
AU-CAND-27,Aditya Mehta,India,Australia,Marketing & Communications,FOUNDER/STRATEGIC ACCOUNT DIRECTOR Links www.hyvemyanmar.com,FOUNDER/STRATEGIC ACCOUNT DIRECTOR Links www.hyvemyanmar.com Group (India),10,Professional Certificate : Social Media 10/2020 Coursera + Facebook - City Professional Certificate : Public Relations A,225113,Marketing Specialist / Communications Manager,"Management and Operational Leadership Critical Thinking and Problem Solving Networking, Business Development, and Stakeholder Relations Detail-Oriented and Results-Driven Creative Thinker and Effective Writer Strategy De","Omnichannel campaign strategy, stakeholder relations, brand narrative positioning, digital performance marketing, crisis PR management.","as an Entrepreneur, Strategic PR & Digital Marketing Professional, and Creative Thinker. A dynamic professional with over 10 years of experience and a strong background playing a vital role in the development, management, growth, and retention of key accounts and clients. Service-oriented leader dedicated to fueling revenues, enhancing client's exp","Needs acclimatization to the Australian cultural consumer landscape, local Australian media networks, and ACMA spam/privacy compliance regulations.","Global multi-channel campaign architectures, marketing automation, and performance measurement frameworks apply universally across tier-1 English-speaking markets.","FOUNDER/STRATEGIC ACCOUNT DIRECTOR Links www.hyvemyanmar.com Professional Summary To utilize my expertise and international experience as an Entrepreneur, Strategic PR & Digital Marketing Professional, and Creative Thinker. A dynamic professional with over 10 years of experience and a strong background playing a vital role in the development, management, growth, and retention of key accounts and clients. Service-oriented leader dedicated to fueling revenues, enhancing client's experience, and achieving top brand loyalty. Highly adept in performing within high-pressure and deadline-driven envir..."
AU-CAND-28,Pooja Deshmukh,India,Australia,Marketing & Communications,Digital-media Professional,Digital-media Professional Group (India),20,"2005 Master of Science : Computer Information Systems University of Phoenix － City , State , USA Computer Information Sy",225113,Marketing Specialist / Communications Manager,"Apple, Dell, IBM, HP, Lenovo, Microsoft, AirWatch Network Management, TCP/IP, LAN/WAN, DNS, DAS, Remote Network, Multi-Site Infrastructure, Architecture, IPSEC VPN, Site-to-Site, WiFi Network, IPTV Active Directory, Micr","Omnichannel campaign strategy, stakeholder relations, brand narrative positioning, digital performance marketing, crisis PR management.","in Information Technology spanning from Entertainment, Internet, Healthcare, Automotive, and Banking Industries. I managed staff in each of these industries doing everything from budgeting, staffing, planning, and installations and managing day-to-day operations. I coordinated and setup infrastructure in house and remote events. I have done M&A of ","Needs acclimatization to the Australian cultural consumer landscape, local Australian media networks, and ACMA spam/privacy compliance regulations.","Global multi-channel campaign architectures, marketing automation, and performance measurement frameworks apply universally across tier-1 English-speaking markets.","DIRECTOR IT CLIENT SERVICES FILMS & OPERATIONS AND TECHNICAL SERVICES WEST COAST Executive Profile I have over 20 years of experience in Information Technology spanning from Entertainment, Internet, Healthcare, Automotive, and Banking Industries. I managed staff in each of these industries doing everything from budgeting, staffing, planning, and installations and managing day-to-day operations. I coordinated and setup infrastructure in house and remote events. I have done M&A of major companies such as ESPN, ABC Family, Touchstone Television and most recently DreamWorks Animations. Good with a..."
AU-CAND-29,Rohan Kulkarni,India,Australia,Marketing & Communications,CONTENT STRATEGIST,CONTENT STRATEGIST Group (India),8,"Associate of Applied Science , Marketing & Project Management 2016 Marion Technical College － City , State Marketing, Pu",225113,Marketing Specialist / Communications Manager,Microsoft Office Social Media Marketing Strong Editing Skills Project Management Exceptional Writing and Grammar Graphic Design Expert Computer Knowledge Analytical Skills Public Relations Specialist Skilled Typist Telep,"Omnichannel campaign strategy, stakeholder relations, brand narrative positioning, digital performance marketing, crisis PR management.","Content Strategist Jan 2015 to Current Company Name － City , State Create outlines, storyboards, graphics concepts, prototype page layout. Edit copy for writers and provide feedback to visual design team. Act as project manager and simultaneously manages several projects. Handle all SEO techniques, and responsible for executing all online marketing","Needs acclimatization to the Australian cultural consumer landscape, local Australian media networks, and ACMA spam/privacy compliance regulations.","Global multi-channel campaign architectures, marketing automation, and performance measurement frameworks apply universally across tier-1 English-speaking markets.","CONTENT STRATEGIST Summary Energetic and persuasive Public Relations Specialist offering expertise in public speaking, advertising and media relations. Seeking employment with an established company which will utilize my skills, creativity and enthusiastic approach while allowing me to grow as an individual and further strengthen my abilities. Highlights Microsoft Office Social Media Marketing Strong Editing Skills Project Management Exceptional Writing and Grammar Graphic Design Expert Computer Knowledge Analytical Skills Public Relations Specialist Skilled Typist Telephone Skills/Multi-Line ..."
AU-CAND-30,Neha Banerjee,India,Australia,Marketing & Communications,"GLOBAL SR. MANAGER, PAID MEDIA","GLOBAL SR. MANAGER, PAID MEDIA Group (India)",13,"Masters of Business Administration : International Marketing Georgia State University , City , State , USA International",225113,Marketing Specialist / Communications Manager,Digital Marketing Social Media Marketing Lead Generation Brand Managemen Online Advertising Search Engine Marketing Product Marketing Strategic & Tactical Planning Storytelling Content Creation Product Messaging Mobile M,"Omnichannel campaign strategy, stakeholder relations, brand narrative positioning, digital performance marketing, crisis PR management.","Company Name City , State Global Sr. Manager, Paid Media 04/2014 Pioneers Rackspace's paid marketing initiatives to drive lead generation and eCommerce conversion through customer engagement Develops strategy for enterprise, mid-market and SMB marketing plans to ensure digital programs contribute to business growth Manages annual budgets of $6M acr","Needs acclimatization to the Australian cultural consumer landscape, local Australian media networks, and ACMA spam/privacy compliance regulations.","Global multi-channel campaign architectures, marketing automation, and performance measurement frameworks apply universally across tier-1 English-speaking markets.","GLOBAL SR. MANAGER, PAID MEDIA Professional Summary I am a digital and product marketing professional with 13 years of experience, helping businesses increase their brand presence, engage with their customers and generate revenue throughout the customer lifecycle. My success comes from understanding and speaking to customer needs, creating compelling programs and pushing the boundaries of today's innovative marketing platforms to drive measurable results. Core Qualifications Digital Marketing Social Media Marketing Lead Generation Brand Managemen Online Advertising Search Engine Marketing Prod..."
AU-CAND-31,Sanjay Chawla,India,Australia,Supply Chain & Logistics,BANK TELLER,BANK TELLER Group (India),11,"and Training 2012 High School Diploma Jefferson County High School － City , State , 30434 GPA 3.7 Graduated top 5% of my",133611,Supply and Distribution Manager,Medical Terminology Vital Signs & Patient Monitoring Electronic Health Record HIPPA Regulations/ Privacy Patient Safety & Care Patient Advocacy and Support Medication Administration ​,"End-to-end supply chain orchestration, inventory turnover optimization, vendor SLA governance, route efficiency modeling, warehouse ERP management.","09/2015 to Current Bank Teller Company Name － City , State Professional tellers are responsible for providing a positive customer experience that leads to improved satisfaction and sales. Professional tellers process transactions accurately and efficiently in a fast-paced environment while simultaneously introducing products and services that meet ",Requires familiarity with Australian domestic freight lanes (National Freight and Supply Chain Strategy) and Australian Border Force customs import/export documentation.,"Global supply chain principles, Six Sigma Lean methodologies, and international freight forwarding protocols map seamlessly to Australian port and domestic logistics operations.","BANK TELLER Professional Summary Personable, high-energy nursing professional. An ambitious individual who has a demonstrated ability to address patient's needs in a timely manner. Proven success in dealing with patients and families from different backgrounds. Eager to work in a busy environment to achieve the highest level of patients' satisfaction. Licenses CPR certified through American Heart Association Skills Medical Terminology Vital Signs & Patient Monitoring Electronic Health Record HIPPA Regulations/ Privacy Patient Safety & Care Patient Advocacy and Support Medication Administration..."
AU-CAND-32,Meera Nambiar,India,Australia,Supply Chain & Logistics,CLAIMS SERVICE MANGER,CLAIMS SERVICE MANGER Group (India),11,"Current Master of Science : Criminal Justice Sul Ross State University - City , State 1 2011 BA : Criminal Justice Socio",133611,Supply and Distribution Manager,"Property insurance Report development Critical thinking Project planning Types [Number] WPM Work History 05/2014 to Current Claims Service Manger Company Name – City , State 11/2005 to 10/2008 Associate Claims Adjuster C","End-to-end supply chain orchestration, inventory turnover optimization, vendor SLA governance, route efficiency modeling, warehouse ERP management.","ts. Excellent investigation and attention to detail skills. Skills Property insurance Report development Critical thinking Project planning Types [Number] WPM Work History 05/2014 to Current Claims Service Manger Company Name – City , State 11/2005 to 10/2008 Associate Claims Adjuster Company Name – City , State 04/2012 to 05/2014 Casualty Auto Adj",Requires familiarity with Australian domestic freight lanes (National Freight and Supply Chain Strategy) and Australian Border Force customs import/export documentation.,"Global supply chain principles, Six Sigma Lean methodologies, and international freight forwarding protocols map seamlessly to Australian port and domestic logistics operations.","CLAIMS SERVICE MANGER Professional Summary Service-oriented manager who delivers high quality customer service by accurately assessing client needs and recommending the most useful policies and products. Excellent investigation and attention to detail skills. Skills Property insurance Report development Critical thinking Project planning Types [Number] WPM Work History 05/2014 to Current Claims Service Manger Company Name – City , State 11/2005 to 10/2008 Associate Claims Adjuster Company Name – City , State 04/2012 to 05/2014 Casualty Auto Adjuster II Company Name – City , State Investigates,..."
AU-CAND-33,Maria Santos,Philippines,Australia,Supply Chain & Logistics,PROGRAM DIRECTOR / OFFICE MANAGER,PROGRAM DIRECTOR / OFFICE MANAGER Group (Philippines),5,"Bachelor of Arts : Psychology Social Sciences The University of Louisville － City , State Psychology Social Sciences Hig",133611,Supply and Distribution Manager,"crosoft Word, Excel, Outlook, PowerPoint, Access, Publisher, Adobe Pro, Operating Systems Windows XP, Vista and Mac, Skype, Facebook, YouTube, Twitter & LogMeIn Remote.","End-to-end supply chain orchestration, inventory turnover optimization, vendor SLA governance, route efficiency modeling, warehouse ERP management.",in administrative and customer service roles including 5 years of non-profit experience. Demonstrated ability to develop and maintain relationships through dependability and exceptional service leading to increased repeat and referral business and support. Effectively communicates with the Executive & Advisory Board of Directors with the constant o,Requires familiarity with Australian domestic freight lanes (National Freight and Supply Chain Strategy) and Australian Border Force customs import/export documentation.,"Global supply chain principles, Six Sigma Lean methodologies, and international freight forwarding protocols map seamlessly to Australian port and domestic logistics operations.","PROGRAM DIRECTOR / OFFICE MANAGER Summary Highly personable, tech savvy Professional with 9 plus years of experience in administrative and customer service roles including 5 years of non-profit experience. Demonstrated ability to develop and maintain relationships through dependability and exceptional service leading to increased repeat and referral business and support. Effectively communicates with the Executive & Advisory Board of Directors with the constant ongoing of daily operation. Job responsibilities include facili- tating monthly support group meetings, training volunteers for educat..."
AU-CAND-34,Angelo Dela Cruz,Philippines,Australia,Supply Chain & Logistics,DATA ANALYST,DATA ANALYST Group (Philippines),11,"Aug 2016 Masters of Science : Industrial and Systems Engineering Binghamton University, State University of New York Ind",133611,Supply and Distribution Manager,"Data Science Tools: R, Base SAS, Python (Numpy, Pandas, Matplotlib, Scikit- learn), SPSS, Minitab, MATLAB, Apache Spark, SQL, MS Excel, MS Visio, Tableau MySQL, Oracle Database, Microsoft Access Key Competencies: Data Ex","End-to-end supply chain orchestration, inventory turnover optimization, vendor SLA governance, route efficiency modeling, warehouse ERP management.",07/2016 to Current Data Analyst Company Name － State 09/2015 to 05/2016 Student Manager Company Name － State Undertook a leadership and advisory role in training newcomers to hone their culinary and behavioral skills. PROJECTS Classification of Customers for Credit Card Company Jan 2016 ­ May 2016 Performed a logistic regression on a credit card co,Requires familiarity with Australian domestic freight lanes (National Freight and Supply Chain Strategy) and Australian Border Force customs import/export documentation.,"Global supply chain principles, Six Sigma Lean methodologies, and international freight forwarding protocols map seamlessly to Australian port and domestic logistics operations.","DATA ANALYST Professional Summary Industrial and Systems Engineering graduate, certified Base SAS Programmer and a Lean Six Sigma Green Belt with strong background in statistics, mathematics and logical problem solving looking for a dynamic opportunity in data driven fields of analytics and statistical modeling. Core Qualifications Data Science Tools: R, Base SAS, Python (Numpy, Pandas, Matplotlib, Scikit- learn), SPSS, Minitab, MATLAB, Apache Spark, SQL, MS Excel, MS Visio, Tableau MySQL, Oracle Database, Microsoft Access Key Competencies: Data Extraction, Data Wrangling, Data Analysis, Data ..."
AU-CAND-35,Kristine Reyes,Philippines,Australia,Supply Chain & Logistics,AIR TRAFFIC CONTROLLER,AIR TRAFFIC CONTROLLER Group (Philippines),32,"Safety Risk Management , 2013 On-The-Job Techniques for instructors , 1992 Controller in Charge Training (CIC) , 1991 Re",133611,Supply and Distribution Manager,Certified En Route Air Traffic control,"End-to-end supply chain orchestration, inventory turnover optimization, vendor SLA governance, route efficiency modeling, warehouse ERP management.","working traffic in the En Route Environment. Performed OJTI, CIC and ERAM SME duties, specializing ERAM automaton. Highlights Certified En Route Air Traffic control experience. Effective listening. Adaptable. Fast learner. Strong collaborative team Member. Application of risk-management Principles. Learning style assessment. Accomplishments Preform",Requires familiarity with Australian domestic freight lanes (National Freight and Supply Chain Strategy) and Australian Border Force customs import/export documentation.,"Global supply chain principles, Six Sigma Lean methodologies, and international freight forwarding protocols map seamlessly to Australian port and domestic logistics operations.","AIR TRAFFIC CONTROLLER Summary Retired Air Traffic Controller with more than 32 years of experience working traffic in the En Route Environment. Performed OJTI, CIC and ERAM SME duties, specializing ERAM automaton. Highlights Certified En Route Air Traffic control experience. Effective listening. Adaptable. Fast learner. Strong collaborative team Member. Application of risk-management Principles. Learning style assessment. Accomplishments Preformed a comprehensive Analysis of the Federal Aviation Administrations En Route Automation Modernization (ERAM) upgrade I was a member of the Independent..."
AU-CAND-36,Mark Bautista,Philippines,Australia,Supply Chain & Logistics,CUSTOMER SERVICE AGENT,CUSTOMER SERVICE AGENT Group (Philippines),10,"AA : Interdisciplinary Studies/Social and Behavioral Sciences , 2016 Los Angeles Southwest College - City , State High S",133611,Supply and Distribution Manager,Microsoft Office Art Clients Documentation Facsimile Forms Materials Mediation Microsoft Office Office machines Photocopiers Policies Quality Safety Scanners Supervision Telephone Troubleshooting Voice mail Well organize,"End-to-end supply chain orchestration, inventory turnover optimization, vendor SLA governance, route efficiency modeling, warehouse ERP management.",in helping people with their everyday needs and concerns over the phone and in person. Experience with handling complex inquires and situations with discretion and efficacy at all times. Skills Microsoft Office Art Clients Documentation Facsimile Forms Materials Mediation Microsoft Office Office machines Photocopiers Policies Quality Safety Scanner,Requires familiarity with Australian domestic freight lanes (National Freight and Supply Chain Strategy) and Australian Border Force customs import/export documentation.,"Global supply chain principles, Six Sigma Lean methodologies, and international freight forwarding protocols map seamlessly to Australian port and domestic logistics operations.","CUSTOMER SERVICE AGENT Professional Summary Customer Service Agent with 10 years of experience in helping people with their everyday needs and concerns over the phone and in person. Experience with handling complex inquires and situations with discretion and efficacy at all times. Skills Microsoft Office Art Clients Documentation Facsimile Forms Materials Mediation Microsoft Office Office machines Photocopiers Policies Quality Safety Scanners Supervision Telephone Troubleshooting Voice mail Well organized Work History Customer Service Agent , 11/2020 to Current Company Name – City , State Asse..."
AU-CAND-37,Jasmine Villanueva,Philippines,Australia,Supply Chain & Logistics,RECRUITER-IN-CHARGE,RECRUITER-IN-CHARGE Group (Philippines),6,"Master of Science , Management May 2016 Riddle Aeronautical University - City , State GPA: Summa Cum Laude) GPA: 4.0 Man",133611,Supply and Distribution Manager,"and ability to manage complex projects with accuracy. Excellent communication and management skills, able to deliver informative recommendations to senior leadership regarding long-term strategic planning and decision ma","End-to-end supply chain orchestration, inventory turnover optimization, vendor SLA governance, route efficiency modeling, warehouse ERP management.","Recruiter-in-Charge Oct 2010 to Oct 2015 Company Name - City , State Windows, Word, Excel, PowerPoint, Outlook, Adobe Pro, Defense Connect Online (DCO), Web- based Contact Management Databases. Supervised, developed and led a navy recruiting station of four navy recruiters to identify and attract potential applicants to meet quantitative and qualit",Requires familiarity with Australian domestic freight lanes (National Freight and Supply Chain Strategy) and Australian Border Force customs import/export documentation.,"Global supply chain principles, Six Sigma Lean methodologies, and international freight forwarding protocols map seamlessly to Australian port and domestic logistics operations.","RECRUITER-IN-CHARGE Summary Accomplished and detail-oriented professional offering excellent organizational skills and ability to manage complex projects with accuracy. Excellent communication and management skills, able to deliver informative recommendations to senior leadership regarding long-term strategic planning and decision making. Disciplined approach to tasks and ability to anticipate potential obstacles are attributes which contribute to a strong record of excellence and acknowledgment for ""getting the job done."" Highlights Achieve Global: Professional Selling Skills (PSS) / Professi..."
AU-CAND-38,Eduardo Ramos,Philippines,Australia,Supply Chain & Logistics,Automobile Professional,Automobile Professional Group (Philippines),9,"05/2009 Masters of Business Administration : Financial Leadership Franklin University - City , State Financial Leadershi",133611,Supply and Distribution Manager,EXECUTIVE SUMMARY Financial Analyst with extensive,"End-to-end supply chain orchestration, inventory turnover optimization, vendor SLA governance, route efficiency modeling, warehouse ERP management.","in all aspects of corporate expenses. Exceptional coaching, mentoring, leading departments and support operating budgets. Procedures in the development of financial forecasts, guidelines and models of operational cost. CORE QUALIFACTIONS Financial accounting procedures in Corporate Finance Reporting and presentations Cost control, Procurement and p",Requires familiarity with Australian domestic freight lanes (National Freight and Supply Chain Strategy) and Australian Border Force customs import/export documentation.,"Global supply chain principles, Six Sigma Lean methodologies, and international freight forwarding protocols map seamlessly to Australian port and domestic logistics operations.",TRIP COORDINATOR Accomplishments Developing new processes to captures procurement and minimize work flow time for other departments. Maintaining a competitive cost structure while restructuring in response to a changing market and acquisitions. Changed a Non-Manager Financial Technician position into a Manager of Operational Finance position which included managing two department's budgets and the day to day operating procurement. Delivered results by erasing a $1.3 million in expenses along with innovative ways to cut down on cost on an ongoing basis. Professional Summary Skills EXECUTIVE SUM...
AU-CAND-39,Patricia Mendoza,Philippines,Australia,Supply Chain & Logistics,Automobile Professional,Automobile Professional Group (Philippines),6,"and Training BS : Aviation Business Administration, Safety , 2018 Embry-Riddle Aeronautical University － City , State , ",133611,Supply and Distribution Manager,"Fiber Optics Repair Technical Skill Set * Formal Training: Learjet 24, Piper Cherokee, AeroCommander 520, and Cessna 310 Airframe and Powerplant systems. * General: Inspections, troubleshooting, and airworthiness determi","End-to-end supply chain orchestration, inventory turnover optimization, vendor SLA governance, route efficiency modeling, warehouse ERP management.","Manager, Continuous Improvement November 2014 to Current Company Name － City , State Hours worked per week: 40hrs Responsibilities Utilize the tools of Six Sigma and Lean to improve processes across the facilities. Lead cross-functional teams in identifying root cause, developing, and implementing a solution. Manage employees assigned as project le",Requires familiarity with Australian domestic freight lanes (National Freight and Supply Chain Strategy) and Australian Border Force customs import/export documentation.,"Global supply chain principles, Six Sigma Lean methodologies, and international freight forwarding protocols map seamlessly to Australian port and domestic logistics operations.","MANAGER, CONTINUOUS IMPROVEMENT Skills Fiber Optics Repair Technical Skill Set * Formal Training: Learjet 24, Piper Cherokee, AeroCommander 520, and Cessna 310 Airframe and Powerplant systems. * General: Inspections, troubleshooting, and airworthiness determinations made on aircraft utilizing technical publications, FAR's, manufacturer maintenance manuals, part catalogs and schematics. Completed logbook and paperwork documentation. * Powerplant: Performed inspection, repair, installation and troubleshooting on turbine, turboshaft, reciprocating engines, and systems therein including: Induction..."
AU-CAND-40,Christian Garcia,Philippines,Australia,Supply Chain & Logistics,Automobile Professional,Automobile Professional Group (Philippines),4,and Training California State Polytechnic University June 2016 Bachelor of Science : Aerospace Engineering GPA: GPA: 3.1,133611,Supply and Distribution Manager,"MATLAB, AVL, C Programming, Microsoft Word, Microsoft Excel, Microsoft PowerPoint","End-to-end supply chain orchestration, inventory turnover optimization, vendor SLA governance, route efficiency modeling, warehouse ERP management.","to best serve the needs of the company. Skills MATLAB, AVL, C Programming, Microsoft Word, Microsoft Excel, Microsoft PowerPoint Professional Experience Company Name October 2013 to Current Collaborating with others to meet mission requirements and accomplish objectives provided by the Northrop Grumman aerospace company. Part of the Unmanned Aerial",Requires familiarity with Australian domestic freight lanes (National Freight and Supply Chain Strategy) and Australian Border Force customs import/export documentation.,"Global supply chain principles, Six Sigma Lean methodologies, and international freight forwarding protocols map seamlessly to Australian port and domestic logistics operations.","AVIATION CAMP ASSISTANT Profile Highly motivated and results-oriented individual seeking an internship as an Aerospace Engineer at Northrop Grumman. Special interests include Unmanned Aerial Vehicles, Aeronautical Development and Design, Structural Analysis, and in related areas inside a competitive environment where I will use my experience to best serve the needs of the company. Skills MATLAB, AVL, C Programming, Microsoft Word, Microsoft Excel, Microsoft PowerPoint Professional Experience Company Name October 2013 to Current Collaborating with others to meet mission requirements and accompl..."
AU-CAND-41,Rowena Aquino,Philippines,Australia,Engineering & Construction,PROJECT MANGER/LEAD SUPER,PROJECT MANGER/LEAD SUPER Group (Philippines),21,and government Directed $75M project that included new construction of 3 buildings and renovation of 3 existing building,233211,Civil Engineer / Construction Project Manager,"in project management, estimating, planning, complex data & profit analysis, resourcing, organizational networking/liaison, professional development, fieldwork supervision and leadership. Project Management: Strong backg","Structural analysis, CAD/BIM modeling, site QA/QC inspection, subcontractor management, bill of quantities (BOQ) preparation, safety compliance.","as a General Construction Project Manager. Across extensive career, have directed & organized multi-million dollar Construction projects and renovations, optimized operations/profits for full scale projects, and overseen multi-trade Construction teams. I have a broad repertoire of skills in project management, estimating, planning, complex data & p","Requires Engineers Australia Stage 1 CDR assessment, and familiarity with Australian National Construction Code (NCC) and Australian Standards (AS 3600 / AS 4100).","Engineering mechanics, design calculations, and project management methodologies (PMBOK) align directly with Australian infrastructure project delivery.","PROJECT MANGER/LEAD SUPER Professional Summary Profile: A proven track record of over 21 years of experience as a General Construction Project Manager. Across extensive career, have directed & organized multi-million dollar Construction projects and renovations, optimized operations/profits for full scale projects, and overseen multi-trade Construction teams. I have a broad repertoire of skills in project management, estimating, planning, complex data & profit analysis, resourcing, organizational networking/liaison, professional development, fieldwork supervision and leadership. Project Manage..."
AU-CAND-42,Jerome Alcantara,Philippines,Australia,Engineering & Construction,CONSTRUCTION FOREMAN,CONSTRUCTION FOREMAN Group (Philippines),8,"High School Diploma : 2002 COMMUNITY SCHOOL － City , State Accomplishments Qualification Specialization Name of Institut",233211,Civil Engineer / Construction Project Manager,CONSTRUCTION FOREMAN Project Scheduling Empowerment Regulatory Compliance Planning and Budgeting Crew Management Contract Negotiation,"Structural analysis, CAD/BIM modeling, site QA/QC inspection, subcontractor management, bill of quantities (BOQ) preparation, safety compliance.","and potential through hard work and dedication. I offer myself as an excellent team player with honesty, dynamism and commitment. Over 8 years of success in overseeing multi-million dollar building construction and renovation projects from beginning through occupancy. Proven track record of safely and effectively operating a wide range of construct","Requires Engineers Australia Stage 1 CDR assessment, and familiarity with Australian National Construction Code (NCC) and Australian Standards (AS 3600 / AS 4100).","Engineering mechanics, design calculations, and project management methodologies (PMBOK) align directly with Australian infrastructure project delivery.","CONSTRUCTION FOREMAN Summary Looking for a challenging and rewarding future in a healthy and competitive organization and to expose my knowledge, experience and potential through hard work and dedication. I offer myself as an excellent team player with honesty, dynamism and commitment. Over 8 years of success in overseeing multi-million dollar building construction and renovation projects from beginning through occupancy. Proven track record of safely and effectively operating a wide range of construction equipment; excavators, backhoes, loaders, forklifts and mechanized trenchers. Demonstrate..."
AU-CAND-43,Camille Soriano,Philippines,Australia,Engineering & Construction,LICENSE CONTRACTOR,LICENSE CONTRACTOR Group (Philippines),30,"Engineer Chicago State University － City , State , USA High School Diploma Leesville H.S. － City , State",233211,Civil Engineer / Construction Project Manager,"Cross-functional leadership, Project management, Quality control, Process improvement, Workflow optimization","Structural analysis, CAD/BIM modeling, site QA/QC inspection, subcontractor management, bill of quantities (BOQ) preparation, safety compliance.","with more than 30 years of expertise in all facets of the construction industry. Verifiable track record for successful completion of multi-million dollar projects that consist of high rises located in the Las Vegas and Chicago downtown areas through coordinating trades, developing partnerships, and building positive rapport with architects, engine","Requires Engineers Australia Stage 1 CDR assessment, and familiarity with Australian National Construction Code (NCC) and Australian Standards (AS 3600 / AS 4100).","Engineering mechanics, design calculations, and project management methodologies (PMBOK) align directly with Australian infrastructure project delivery.","LICENSE CONTRACTOR Summary Detail-oriented specializing in Residential and Commercial construction with sales and professional development experience with more than 30 years of expertise in all facets of the construction industry. Verifiable track record for successful completion of multi-million dollar projects that consist of high rises located in the Las Vegas and Chicago downtown areas through coordinating trades, developing partnerships, and building positive rapport with architects, engineers, local officials, vendors and clients while maintaining costs. Well verse in contract negotiatio..."
AU-CAND-44,Rafael Dizon,Philippines,Australia,Engineering & Construction,ENGINEERING INTERN,ENGINEERING INTERN Group (Philippines),4,Lynchburg College 2017 Data Structures & Analysis in C++ and Python *Mathematical Theory in Computer Science : Computer ,233211,Civil Engineer / Construction Project Manager,"I learned while I attained my Eagle Scout rank, the highest in boy scouts and only given to a very small percentage of scouts.","Structural analysis, CAD/BIM modeling, site QA/QC inspection, subcontractor management, bill of quantities (BOQ) preparation, safety compliance.","Company Name June 2015 to August 2015 Engineering Intern Designed and worked with building information modeling (BIM) in AutoCAD MEP throughout the entire work-cycle under extreme time crunches. Creating functional ethernet, pneumatic, and electronic controls for a confidential client. Assisted with installation of a pneumatic controls system for a","Requires Engineers Australia Stage 1 CDR assessment, and familiarity with Australian National Construction Code (NCC) and Australian Standards (AS 3600 / AS 4100).","Engineering mechanics, design calculations, and project management methodologies (PMBOK) align directly with Australian infrastructure project delivery.","ENGINEERING INTERN Professional Summary A Computer Science junior at Lynchburg College with the understanding and problem solving to work my way through any situation. Using the life skills I learned while I attained my Eagle Scout rank, the highest in boy scouts and only given to a very small percentage of scouts. Experience Company Name June 2015 to August 2015 Engineering Intern Designed and worked with building information modeling (BIM) in AutoCAD MEP throughout the entire work-cycle under extreme time crunches. Creating functional ethernet, pneumatic, and electronic controls for a confid..."
AU-CAND-45,Ahmad Razali,Malaysia,Australia,Engineering & Construction,Construction Professional,Construction Professional Group (Malaysia),9,"2018 Bachelor of Science : Chemical Engineering University of Alabama － City , State , USA Currently enrolled senior at ",233211,Civil Engineer / Construction Project Manager,Advanced written and conversational German Process piping Microsoft Office Quality control Strong presentation skills Process improvement,"Structural analysis, CAD/BIM modeling, site QA/QC inspection, subcontractor management, bill of quantities (BOQ) preparation, safety compliance.",and,"Requires Engineers Australia Stage 1 CDR assessment, and familiarity with Australian National Construction Code (NCC) and Australian Standards (AS 3600 / AS 4100).","Engineering mechanics, design calculations, and project management methodologies (PMBOK) align directly with Australian infrastructure project delivery.","CHEMICAL ENGINEERING INTERN Objective Statement To obtain employment as an entry level Chemical Engineer utilizing my current experience and education. Competencies Project management Scheduling tools ChemCad, OAM, MES and EPI Structural red-line revisions skills Advanced written and conversational German Process piping Microsoft Office Quality control Strong presentation skills Process improvement Experience 05/2017 to Current Chemical Engineering Intern Company Name － City , State Intern at AkzoNobel, assigned to the Columbus, Mississippi plant working 30-40 hours weekly in the Hydrogen Pero..."
AU-CAND-46,Siti Nurhaliza,Malaysia,Australia,Engineering & Construction,CONSTRUCTION WORKER,CONSTRUCTION WORKER Group (Malaysia),11,"High School Diploma : 1 1985 West Fulton High School － City , State , United States Drexel J. Thrash Training Center",233211,Civil Engineer / Construction Project Manager,Demolition Asphalt Excellent driving record Strong communication skills OSHA Certified Construction Workers Union Local 265,"Structural analysis, CAD/BIM modeling, site QA/QC inspection, subcontractor management, bill of quantities (BOQ) preparation, safety compliance.","Construction Worker March 2012 to October 2014 Company Name － City , State Planted Plants in the ground at the Cincinnati city parks, Cleaned the parks. Construction Worker March 2008 to March 2012 Company Name － City , State Flagged Traffic and set traffic control. Construction Worker August 2005 to February 2008 Company Name － City , State Genera","Requires Engineers Australia Stage 1 CDR assessment, and familiarity with Australian National Construction Code (NCC) and Australian Standards (AS 3600 / AS 4100).","Engineering mechanics, design calculations, and project management methodologies (PMBOK) align directly with Australian infrastructure project delivery.","CONSTRUCTION WORKER Summary A motivated hard working individual that is willing to learn and accomplish any task that is giving to me, I've always been dependable and reliable. Motivated to get along well with others and exceed expectations. Thrives in a fast-paced environment and works to complete projects quickly and efficiently. Experienced Construction Laborer knowledgeable about the tools, materials and methods used in road construction. Highlights Demolition Asphalt Excellent driving record Strong communication skills OSHA Certified Construction Workers Union Local 265 Accomplishments Re..."
AU-CAND-47,Wei Lun Tan,Singapore,Australia,Engineering & Construction,PROJECT COORDINATOR – CONSTRUCTION SIDE,PROJECT COORDINATOR – CONSTRUCTION SIDE Group (Singapore),10,"Associate of Applied Science : Business Administration , 2011 St. Charles Community College － City , State Associate of ",233211,Civil Engineer / Construction Project Manager,"Interpersonal Skills: Works Independently, Handles Pressure Well, Meets Deadlines, Proficient Managerial Skills, Effective Team Leader and Efficient Team Player, Excellent Customer Service Skills, Exemplary Work Ethic, M","Structural analysis, CAD/BIM modeling, site QA/QC inspection, subcontractor management, bill of quantities (BOQ) preparation, safety compliance.","in business management and the legal arena. Highlights Interpersonal Skills: Works Independently, Handles Pressure Well, Meets Deadlines, Proficient Managerial Skills, Effective Team Leader and Efficient Team Player, Excellent Customer Service Skills, Exemplary Work Ethic, Multi-tasks, Plans and organizes individual and corporate meetings, Excellen","Requires Engineers Australia Stage 1 CDR assessment, and familiarity with Australian National Construction Code (NCC) and Australian Standards (AS 3600 / AS 4100).","Engineering mechanics, design calculations, and project management methodologies (PMBOK) align directly with Australian infrastructure project delivery.","PROJECT COORDINATOR – CONSTRUCTION SIDE Summary Resourceful and accomplished Office Manager with extensive office operations and personnel organization expertise.Versatile Office manager capable of managing dynamic and cross-functional teams as well as projects. Over 10 years of progressive experience in business management and the legal arena. Highlights Interpersonal Skills: Works Independently, Handles Pressure Well, Meets Deadlines, Proficient Managerial Skills, Effective Team Leader and Efficient Team Player, Excellent Customer Service Skills, Exemplary Work Ethic, Multi-tasks, Plans and ..."
AU-CAND-48,Chen Wei,Singapore,Australia,Engineering & Construction,ENGINEERING ASSISTANT,ENGINEERING ASSISTANT Group (Singapore),10,"Bachelor of Science : Civil Engineer Civil 2014 George Mason University , City , State GPA: GPA: 3.82 Civil Engineer GPA",233211,Civil Engineer / Construction Project Manager,"Proficient in computer software including MicroStation, GuideSign, AutoCAD, Google Earth Google Documents, MS Excel, MS PowerPoint and MS Word.","Structural analysis, CAD/BIM modeling, site QA/QC inspection, subcontractor management, bill of quantities (BOQ) preparation, safety compliance.","in a Civil Engineering working environment. Bringing Civil Engineering office and field experience in roadway design and traffic engineering. Highlights Proficient in computer software including MicroStation, GuideSign, AutoCAD, Google Earth Google Documents, MS Excel, MS PowerPoint and MS Word. Experience Company Name City , State Engineering Assi","Requires Engineers Australia Stage 1 CDR assessment, and familiarity with Australian National Construction Code (NCC) and Australian Standards (AS 3600 / AS 4100).","Engineering mechanics, design calculations, and project management methodologies (PMBOK) align directly with Australian infrastructure project delivery.","ENGINEERING ASSISTANT Summary Hard working recent graduate intending a part time or full time job to build experience in a Civil Engineering working environment. Bringing Civil Engineering office and field experience in roadway design and traffic engineering. Highlights Proficient in computer software including MicroStation, GuideSign, AutoCAD, Google Earth Google Documents, MS Excel, MS PowerPoint and MS Word. Experience Company Name City , State Engineering Assistant 05/2013 to 05/2014 Worked on Virginia Department of Transportation (VDOT) and Fairfax County Department of Transportation road..."
AU-CAND-49,Nurul Izzah,Malaysia,Australia,Engineering & Construction,Construction Professional,Construction Professional Group (Malaysia),10,"Bachelor of Science : Mechanical Engineering , 1978 Rose-Hulman Institute of Technology - City , State , USA Bachelor of",233211,Civil Engineer / Construction Project Manager,"Cross-functional leadership, Project management, Quality control, Process improvement, Workflow optimization","Structural analysis, CAD/BIM modeling, site QA/QC inspection, subcontractor management, bill of quantities (BOQ) preparation, safety compliance.","in design, marketing and manufacturing support for fabricated metal products used for polymer filtration, turbine engine gas path seals, aerospace and industrial acoustic treatments, and thermal barrier systems. Four years experience in product design and manufacturing supervision for metallic brush seals used in gas and steam turbine engines. Seve","Requires Engineers Australia Stage 1 CDR assessment, and familiarity with Australian National Construction Code (NCC) and Australian Standards (AS 3600 / AS 4100).","Engineering mechanics, design calculations, and project management methodologies (PMBOK) align directly with Australian infrastructure project delivery.","ENGINEERING MANAGER/QUALITY MANAGER Profile Results driven Mechanical Engineer with excellent technical, analytical, and communication skills. A record of positive achievement demonstrated by extensive participation and leadership in Manufacturing Engineering, Engineering Management, and Production Management projects. Additional experience in design, marketing and manufacturing support for fabricated metal products used for polymer filtration, turbine engine gas path seals, aerospace and industrial acoustic treatments, and thermal barrier systems. Four years experience in product design and m..."
AU-CAND-50,Zulkhairi Idris,Malaysia,Australia,Engineering & Construction,ENGINEERING INTERN,ENGINEERING INTERN Group (Malaysia),6,"and Training Bachelor of Science : Civil Engineering 2018 University of Pittsburgh at Johnstown , City , State GPA: 3.01",233211,Civil Engineer / Construction Project Manager,"Bluebeam, Mathcad, Microsoft Word, Excel, Project, Powerpoint, Autocad Civil 3D.","Structural analysis, CAD/BIM modeling, site QA/QC inspection, subcontractor management, bill of quantities (BOQ) preparation, safety compliance.","Company Name City , State Engineering Intern 05/2017 to 08/2017 Spreadsheets Estimating Dealt with Subcontractors/Suppliers Plan Revisions Company Name City , State Field Engineering Intern 05/2016 to 08/2016 Drill Logs Time Cards Drilled Shaft Concrete Pours Quantities Company Name City , State Field Engineering Intern 05/2015 to 08/2015 Spreadshe","Requires Engineers Australia Stage 1 CDR assessment, and familiarity with Australian National Construction Code (NCC) and Australian Standards (AS 3600 / AS 4100).","Engineering mechanics, design calculations, and project management methodologies (PMBOK) align directly with Australian infrastructure project delivery.","ENGINEERING INTERN Summary Motivated Entry Level Civil Engineer with technical knowledge and a quality assurance mindset necessary to conquer unforeseen obstacles. Organized, detail-oriented, and efficient work ethics. Committed to high performance and mastering tasks to better future duties. Relevant Courses Materials of Construction Construction Management Reinforced Concrete Structural Steel Design Survey Engineering Leadership Foundation Design Environmental Engineering Soil Engineering Transportation Engineering Experience Company Name City , State Engineering Intern 05/2017 to 08/2017 Sp..."
AU-CAND-51,Eileen Chong,Singapore,Australia,Operations & Administration,CONSULTANT,CONSULTANT Group (Singapore),10,"Bachelor of Arts : Economics Accounting Montclair State College － City , State Economics Accounting",223111,Human Resource Adviser / Operations Manager,Navision* MAS 200 * Platinum * Oracle * Team * MS Office Suite * Peachtree Accounting * Turbo Tax * ATB General Ledger * QuickBooks Pro * FASB Depreciation for Windows .NetSuite,"Strategic workforce planning, performance review cycles, dispute resolution, HRIS management (Workday/BambooHR), operational KPI governance.","Consultant July 2014 to Current Company Name － City , State Manage monthly general ledger close and prepare financial statements for subsidiary company. Assist in quarterly financial statements with the control company reviewed by CFO. Brought up to date all quarterly sales tax reports to various states. Entrusted to do due diligence on a potential","Requires practical mastery of the Australian Fair Work Act 2009, Modern Awards system, and Superannuation Guarantee compliance.","Proven organizational design, change management, and stakeholder engagement capabilities translate across any enterprise setting with brief Fair Work onboarding.","CONSULTANT Summary Accomplished and highly skilled Controller with a proven ability to impact corporate performance through skillful orchestration of fiscal management and team leadership. Keen ability to influence processes integral to company growth driving operational excellence and achievement of objectives. Expertise in financial statement preparation and analysis, operational management, forecasting, and cost control. Provide strategic value by leveraging current financial administration trends and regulatory guidelines to shape solutions and approaches. Fiscal Administration Team Leader..."
AU-CAND-52,Marcus Lim,Singapore,Australia,Operations & Administration,CONSULTANT,CONSULTANT Group (Singapore),5,"Certification , Human resource 2104 Rice University/ Susan B Glasscock － City , State , USA Professional in Human Resour",223111,Human Resource Adviser / Operations Manager,Training and development Employee relations Compensation administration Performance management strategies Human resources audits Maintains confidentiality HRMS National Human Resources Association Homeowners insurance kn,"Strategic workforce planning, performance review cycles, dispute resolution, HRIS management (Workday/BambooHR), operational KPI governance.","in Real estate development. Also a quick study, with an ability to easily grasp and put into application new ideas, concepts, and technologies. Exceptional organizational, communication, interpersonal, analytical, and problem resolution skills. Thrive in both independent and collaborative work environments. Proficient in the use of computer applica","Requires practical mastery of the Australian Fair Work Act 2009, Modern Awards system, and Superannuation Guarantee compliance.","Proven organizational design, change management, and stakeholder engagement capabilities translate across any enterprise setting with brief Fair Work onboarding.","CONSULTANT Career Focus Business Professional acutely focused on customer service and network building. Promptly develops vital relationships needed to operate and succeed in a sales field. Manager with expertise in delivering support services and resolving customer complaints. Over seven years of experience in Real estate development. Also a quick study, with an ability to easily grasp and put into application new ideas, concepts, and technologies. Exceptional organizational, communication, interpersonal, analytical, and problem resolution skills. Thrive in both independent and collaborative ..."
AU-CAND-53,Farhan Abdullah,Malaysia,Australia,Operations & Administration,MERCHANT SERVICES ADVOCATE,MERCHANT SERVICES ADVOCATE Group (Malaysia),9,"2015 Certificate : Systems Administration/Networks Pima Community College － City , State , USA Pima Community College Ce",223111,Human Resource Adviser / Operations Manager,Client relations specialist Team management Focused on customer satisfaction Training and development Deadline-oriented Customer Relationship Management software (CRM) High customer service standards Employee relations s,"Strategic workforce planning, performance review cycles, dispute resolution, HRIS management (Workday/BambooHR), operational KPI governance.","and a Desire to Work for the Best Skilled Management Professional eager to contribute expertise, strong personnel development skills, and communication talents toward actively supporting an organization in maximizing performance. Highlights Client relations specialist Team management Focused on customer satisfaction Training and development Deadlin","Requires practical mastery of the Australian Fair Work Act 2009, Modern Awards system, and Superannuation Guarantee compliance.","Proven organizational design, change management, and stakeholder engagement capabilities translate across any enterprise setting with brief Fair Work onboarding.","MERCHANT SERVICES ADVOCATE Summary Management Experience and a Desire to Work for the Best Skilled Management Professional eager to contribute expertise, strong personnel development skills, and communication talents toward actively supporting an organization in maximizing performance. Highlights Client relations specialist Team management Focused on customer satisfaction Training and development Deadline-oriented Customer Relationship Management software (CRM) High customer service standards Employee relations specialist Call center management experience Strong problem solving ability Custome..."
AU-CAND-54,Grace Teo,Singapore,Australia,Operations & Administration,Advocate Professional,Advocate Professional Group (Singapore),10,"and Training Master of Public Health , Epidemiology, Maternal and Child Health 09/2017 Boston University － City , State ",223111,Human Resource Adviser / Operations Manager,"Word programs (including Excel and Access), EPIC and other electronic medical records, and the database Efforts to Outcome (ETO). Working knowledge of SAS and R.","Strategic workforce planning, performance review cycles, dispute resolution, HRIS management (Workday/BambooHR), operational KPI governance.","Bilingual Domestic Violence Advocate Sep 2015 to Nov 2016 Company Name － City , State Provided advocacy services appropriate to client needs to a caseload of approximately 30 clients, through in person and/or phone contact. Advocacy services included crisis intervention, risk assessment, safety planning, supportive counseling, and assistance in acc","Requires practical mastery of the Australian Fair Work Act 2009, Modern Awards system, and Superannuation Guarantee compliance.","Proven organizational design, change management, and stakeholder engagement capabilities translate across any enterprise setting with brief Fair Work onboarding.","BILINGUAL DOMESTIC VIOLENCE ADVOCATE Skills Word programs (including Excel and Access), EPIC and other electronic medical records, and the database Efforts to Outcome (ETO). Working knowledge of SAS and R. Experience Bilingual Domestic Violence Advocate Sep 2015 to Nov 2016 Company Name － City , State Provided advocacy services appropriate to client needs to a caseload of approximately 30 clients, through in person and/or phone contact. Advocacy services included crisis intervention, risk assessment, safety planning, supportive counseling, and assistance in accessing community resources. Cover..."
AU-CAND-55,Hafiz Hashim,Malaysia,Australia,Operations & Administration,CONSULTANT,CONSULTANT Group (Malaysia),4,Master of Science : Software Management Carnegie Mellon University - 2014 Recipient of the Software Management Fellowshi,223111,Human Resource Adviser / Operations Manager,"Strategy & Operations Process Optimization Digital Transformation Cross Functional Team Management Project/Product Management Agile/Lean Methodologies Work History Consultant Company Name - City , State 06/2015 - Current","Strategic workforce planning, performance review cycles, dispute resolution, HRIS management (Workday/BambooHR), operational KPI governance.","in devising innovative strategies and solutions to resolve complex business challenges. Adept at managing projects, vendors, analyzing organizational operations, and performing customer journey, competitor and gap analysis. High-achieving management professional and effective consultant with excellent communication, organizational and analytical ca","Requires practical mastery of the Australian Fair Work Act 2009, Modern Awards system, and Superannuation Guarantee compliance.","Proven organizational design, change management, and stakeholder engagement capabilities translate across any enterprise setting with brief Fair Work onboarding.","CONSULTANT Professional Summary High-achieving management professional and effective consultant possessing excellent communication, organizational and analytical capabilities with about 4 years of experience in devising innovative strategies and solutions to resolve complex business challenges. Adept at managing projects, vendors, analyzing organizational operations, and performing customer journey, competitor and gap analysis. High-achieving management professional and effective consultant with excellent communication, organizational and analytical capabilities and about 4 years of experience..."
AU-CAND-56,Darren Koh,Singapore,Australia,Operations & Administration,CONSULTANT,CONSULTANT Group (Singapore),9,"Master of Business Administration : Administration , 1995 University of Toledo - City , State GPA: GPA: 3.4 Bachelor of ",223111,Human Resource Adviser / Operations Manager,"including competence in multiple software applications, website design (HTML), CMS and hosting, networking issues and social media. Highlights Cost Benefit Analysis (CBAs) Account reconciliations Organized Unsurpassed wo","Strategic workforce planning, performance review cycles, dispute resolution, HRIS management (Workday/BambooHR), operational KPI governance.","planning, developing and implementing [program or process] .Experienced manager with excellent client and project management skills. Action-oriented with strong ability to communicate effectively with technology, executive, and business audiences.high level of client interaction utilizing my extensive knowledge and experience in the retirement and ","Requires practical mastery of the Australian Fair Work Act 2009, Modern Awards system, and Superannuation Guarantee compliance.","Proven organizational design, change management, and stakeholder engagement capabilities translate across any enterprise setting with brief Fair Work onboarding.","CONSULTANT Summary [job title] with more than [number] years of experience planning, developing and implementing [program or process] .Experienced manager with excellent client and project management skills. Action-oriented with strong ability to communicate effectively with technology, executive, and business audiences.high level of client interaction utilizing my extensive knowledge and experience in the retirement and compensation fields. Resourceful, Responsible, Results-oriented, Seasoned, Self-directed, Service-driven, Skilled, Strategic, Superior, Talented, Versatile, Well-qualified, Ad..."
AU-CAND-57,Liam O'Connor,United Kingdom,Australia,Operations & Administration,COMMUNICATIONS CONSULTANT,COMMUNICATIONS CONSULTANT Group (United Kingdom),8,"Strategic Leadership Certificate Goldey-Beacom College , City , State Bachelor of Science : Business Administration Offi",223111,Human Resource Adviser / Operations Manager,Brand Management Budget Accountability Event Management Social Media Advertising Media relations Sales promotions Project management Self-directed Digital advertising Enthusiastic team player Deadline-driven Direct marke,"Strategic workforce planning, performance review cycles, dispute resolution, HRIS management (Workday/BambooHR), operational KPI governance.","Company Name City , State Communications Consultant 01/2008 to 01/2015 Managed and developed strategic integrated Teflon® branded marketing communications for Textiles, Housewares, Licensing and Industrial Businesses to ensure consistency and cost savings while supporting business growth objectives. Managed a $2.5MM budget for PR, media relations, ","Requires practical mastery of the Australian Fair Work Act 2009, Modern Awards system, and Superannuation Guarantee compliance.","Proven organizational design, change management, and stakeholder engagement capabilities translate across any enterprise setting with brief Fair Work onboarding.","COMMUNICATIONS CONSULTANT Summary Seasoned Marketing Communications Professional with a comprehensive background managing highly effective communication campaigns that supported key sales, marketing and stakeholder engagement objectives. Marketing Manager offering a comprehensive background in the development and execution of strategic communication plans to drive member acquisition, retention and reactivation. Highlights Brand Management Budget Accountability Event Management Social Media Advertising Media relations Sales promotions Project management Self-directed Digital advertising Enthusi..."
AU-CAND-58,David MacLeod,United Kingdom,Australia,Operations & Administration,CUSTOMER ADVOCATE,CUSTOMER ADVOCATE Group (United Kingdom),4,"2009 High School Diploma Howard W. Blake － City , State , U S",223111,Human Resource Adviser / Operations Manager,"I have acquired throughout my career to help propel this company to new heights. Recently earned ""Recognizing You!"" award for device upgrade sales incentive for customer service. Exceeded corporate target for customer sa","Strategic workforce planning, performance review cycles, dispute resolution, HRIS management (Workday/BambooHR), operational KPI governance.","03/2015 to Current Customer Advocate Company Name － City , State Achieved customer satisfaction rating of 9.80 two months after training, exceeding corporate target of 9.20. Collected customer feedback and made process changes to exceed customer satisfaction goals. Made reasonable procedure exceptions to accommodate unusual customer requests. Addre","Requires practical mastery of the Australian Fair Work Act 2009, Modern Awards system, and Superannuation Guarantee compliance.","Proven organizational design, change management, and stakeholder engagement capabilities translate across any enterprise setting with brief Fair Work onboarding.","CUSTOMER ADVOCATE Professional Summary Customer care professional pursuing a position in an organization seeking an ardent problem solver, demonstrating immense levels of initiative whilst providing compassionate customer service, with over 4 years of customer relations experience. Eagerly ready to submerge into gaining new skills, while utilizing the skills I have acquired throughout my career to help propel this company to new heights. Recently earned ""Recognizing You!"" award for device upgrade sales incentive for customer service. Exceeded corporate target for customer satisfaction for 6 mo..."
AU-CAND-59,Fiona Gallagher,Ireland,Australia,Operations & Administration,Advocate Professional,Advocate Professional Group (Ireland),9,"December 2006 BS : Business Management University of Eau Claire - City , State Business Management Student government re",223111,Human Resource Adviser / Operations Manager,"Administrative Support, Anti-Virus, billing, budget, oral communication, conferences, clients, customer satisfaction, databases, documentation, Finance, Help Desk, Inside Sales, marketing, meetings, Access database, Exce","Strategic workforce planning, performance review cycles, dispute resolution, HRIS management (Workday/BambooHR), operational KPI governance.","Coordinated all department functions for team of 120+ employees. Planned and executed all aspects of a major office headquarter move. Increased office organization by developing more efficient filing system and customer database protocols.Successfully planned and executed corporate meetings, lunches and special events for groups of 100+ employees. ","Requires practical mastery of the Australian Fair Work Act 2009, Modern Awards system, and Superannuation Guarantee compliance.","Proven organizational design, change management, and stakeholder engagement capabilities translate across any enterprise setting with brief Fair Work onboarding.","HR ASSISTANT Professional Profile Skilled Program Coordinator bringing extensive background in technology and business process. Organized, resourceful and detail-oriented with exceptional planning and decision-making abilities. Qualifications Human resources understanding Scheduling proficiency Market research proficiency Report generation Critical thinking Eye for detail Self-directed nature Analytical problem solving Contracts Social media and networks Microsoft Office Suite PowerPoint Exceptional telephone etiquette Patient and diligent Relevant Experience Coordinated all department functio..."
AU-CAND-60,Oliver Wright,United Kingdom,Australia,Operations & Administration,HR PERSONNEL ASSISTANT,HR PERSONNEL ASSISTANT Group (United Kingdom),8,"Bachelor's of Arts : Political Science and Law 2007 Montclair State University , City , State , US Bachelor's of Arts De",223111,Human Resource Adviser / Operations Manager,"Cross-functional leadership, Project management, Quality control, Process improvement, Workflow optimization","Strategic workforce planning, performance review cycles, dispute resolution, HRIS management (Workday/BambooHR), operational KPI governance.","Company Name City , State HR Personnel Assistant 03/2013 to 04/2014 Supported human resources staff with new hire orientations and monthly departmental meetings. Entered updated personnel and subcontractor data into a central database. Reviewed human resource paperwork for accuracy and completeness by verifying, collecting and correcting additional","Requires practical mastery of the Australian Fair Work Act 2009, Modern Awards system, and Superannuation Guarantee compliance.","Proven organizational design, change management, and stakeholder engagement capabilities translate across any enterprise setting with brief Fair Work onboarding.","HR PERSONNEL ASSISTANT Summary I am a U.S. citizen who is authorized to work in the US for any employer. I have worked 8 years as an Office Clerk, 2 years as a Student Intern/Office Assistant, and 4 years as a Contractor. I am applying for the Data Entry Clerk position (Advert ID# 224278 Advert ID# 224278). My skills and experiences include: Administrative Support, Auditing, File Management, Meeting Facilitation, Office Materials Management, & Inventory Management. Highlights COMPUTER SKILLS: Microsoft Word, MS Excel, MS Outlook, MS PowerPoint, PeopleSoft. TYPING SKILLS: 40-60 WPM. ADDITIONAL ..."
AU-CAND-61,Charlotte Davies,United Kingdom,Australia,Technology & Data,MASTER DATA MANAGER,MASTER DATA MANAGER Group (United Kingdom),9,"companies. Tasks included sales analysis, margin analysis, multivariable pricing structures, vendor acquisition, develop",261313,Software Engineer / Data Specialist,"Microsoft Office Suite with deep Office 365, Dynamics 365, Project, PowerApps, PowerBI, Flow, Sharepoint, Excel, Access, Intune, Visio, EMS, and Azure proficiency Programming/Databases: SQL (SSRS, SSIS, SSAS), VBA, DAX","Full-stack software architecture, cloud platforms (AWS/Azure/GCP), CI/CD pipeline automation, relational & NoSQL databases, RESTful microservices.","Master Data Manager , 01/2019 to Current Company Name – City , State Aligning 100+ supply chain-related master data attributes to ensure the following guidelines are met:. Data Stewardship - Appropriate business units and ownership established to validate appropriate values, definitions and impact documentation for all master data fields. Data Qual","Minor gap in Australian data sovereignty frameworks (Privacy Act 1988, Essential Eight cyber maturity), easily bridged via standard security onboarding.","Tech stacks, system architectures, and agile software development lifecycle methodologies are globally standardized and immediately productive on day one in Australia.","MASTER DATA MANAGER Experience Master Data Manager , 01/2019 to Current Company Name – City , State Aligning 100+ supply chain-related master data attributes to ensure the following guidelines are met:. Data Stewardship - Appropriate business units and ownership established to validate appropriate values, definitions and impact documentation for all master data fields. Data Quality - Applicable controls are set in conjecture with IT to ensure that a proactive approach is taken to new master data. Additionally, RPA process planned for Phase 2 to automate structured data entry and maintenance. D..."
AU-CAND-62,Callum Murphy,Ireland,Australia,Technology & Data,Information-technology Professional,Information-technology Professional Group (Ireland),5,"Master of Science : Computer Information Systems 2015 Murray State University City , State Project Management and Data A",261313,Software Engineer / Data Specialist,Google and Microsoft suite,"Full-stack software architecture, cloud platforms (AWS/Azure/GCP), CI/CD pipeline automation, relational & NoSQL databases, RESTful microservices.","Adjunct Information Technology Instructor 01/2014 to Current Company Name City , State Taught courses concerning the Python, Visual Basic, and C# programming languages. Sat on CIT advisory board committee to improve and recruit students to the KCTCS CIT program. Information Technology Instructor and School Technology Coordinator 11/2011 to Current ","Minor gap in Australian data sovereignty frameworks (Privacy Act 1988, Essential Eight cyber maturity), easily bridged via standard security onboarding.","Tech stacks, system architectures, and agile software development lifecycle methodologies are globally standardized and immediately productive on day one in Australia.","Objective To obtain a position in the information technology, personnel development, or computer science field to help manage, develop, and support projects and individuals. ADJUNCT INFORMATION TECHNOLOGY INSTRUCTOR Experience Adjunct Information Technology Instructor 01/2014 to Current Company Name City , State Taught courses concerning the Python, Visual Basic, and C# programming languages. Sat on CIT advisory board committee to improve and recruit students to the KCTCS CIT program. Information Technology Instructor and School Technology Coordinator 11/2011 to Current Company Name City , Sta..."
AU-CAND-63,Sophie Turner,United Kingdom,Australia,Technology & Data,INFORMATION TECHNOLOGY COORDINATOR,INFORMATION TECHNOLOGY COORDINATOR Group (United Kingdom),5,"2014 College of Lake County - City , State CFTC - Computer Forensics Technician Certification Computer Forensics 2014 Co",261313,Software Engineer / Data Specialist,"LexisNexis, Westlaw, Concordance, CaseMap Knowledge of Local, State and Federal laws Principles and Practices of Legal Communication Court Procedures/Processes Results-oriented Client-focused Interview Techniques and Met","Full-stack software architecture, cloud platforms (AWS/Azure/GCP), CI/CD pipeline automation, relational & NoSQL databases, RESTful microservices.","in investigative and online legal research. More than 5 years of experience working in the legal field. Knowledgeable in all aspects of case preparation and representation, previous court experience, familiar with filings, petitions, case management, and interviewing. Excellent research, documentation, reporting abilities, outstanding communication","Minor gap in Australian data sovereignty frameworks (Privacy Act 1988, Essential Eight cyber maturity), easily bridged via standard security onboarding.","Tech stacks, system architectures, and agile software development lifecycle methodologies are globally standardized and immediately productive on day one in Australia.","INFORMATION TECHNOLOGY COORDINATOR Professional Summary Highly talented and accomplished Paralegal with extensive experience in investigative and online legal research. More than 5 years of experience working in the legal field. Knowledgeable in all aspects of case preparation and representation, previous court experience, familiar with filings, petitions, case management, and interviewing. Excellent research, documentation, reporting abilities, outstanding communication and presentation skills. Predisposed to procedural and methodological approaches to problem solving and analysis. Detail ori..."
AU-CAND-64,Jack Robinson,United Kingdom,Australia,Technology & Data,Information-technology Professional,Information-technology Professional Group (United Kingdom),4,"software, systems and databases. Worked with clients to analyze computing inefficiencies, then recommended and implement",261313,Software Engineer / Data Specialist,"Business process management Superior organizational, interpersonal, and Advanced level hardware and software time management testing Effective listening and communication Content management systems skills Mobile applicat","Full-stack software architecture, cloud platforms (AWS/Azure/GCP), CI/CD pipeline automation, relational & NoSQL databases, RESTful microservices.","in business operations, infrastructure management, software/hardware support, high/low end PC and Microsoft Server administration, and software development. Core Strengths Excellent critical and analytical skills Business process management Superior organizational, interpersonal, and Advanced level hardware and software time management testing Effe","Minor gap in Australian data sovereignty frameworks (Privacy Act 1988, Essential Eight cyber maturity), easily bridged via standard security onboarding.","Tech stacks, system architectures, and agile software development lifecycle methodologies are globally standardized and immediately productive on day one in Australia.","FREELANCE IT CONSULTANT Career Overview Highly skilled, results-driven Information Technology Specialist/Consultant with experience in business operations, infrastructure management, software/hardware support, high/low end PC and Microsoft Server administration, and software development. Core Strengths Excellent critical and analytical skills Business process management Superior organizational, interpersonal, and Advanced level hardware and software time management testing Effective listening and communication Content management systems skills Mobile application development Troubleshooting and..."
AU-CAND-65,Emma Walsh,Ireland,Australia,Technology & Data,Information-technology Professional,Information-technology Professional Group (Ireland),9,"Bachelor's , Computer Information Systems DeVry University － City , State , US 9/2000 - 6/2004 DeVry University, Alphare",261313,Software Engineer / Data Specialist,"Marketing, Operations, Database, Asp, Ms Sql Server, Sql, Sql Server, Technical Support, Testing, Asp.net, Budget, Clients, Database Systems, Life Cycle, Linux, Ms Asp, Ms Sql Server 2000, Mysql, Online Solutions, Php, P","Full-stack software architecture, cloud platforms (AWS/Azure/GCP), CI/CD pipeline automation, relational & NoSQL databases, RESTful microservices.","as Client/Server developer using Transact SQL, PL\SQL, Classic ASP, ASP.net, HTML, DHTML, XML, JavaScript, using CSS layout and design principles. 7+ years of managing project timeliness, accuracy, approving high-level and detail designs, as well as managing successful test plans. Directed all stages of software development including requirements, ","Minor gap in Australian data sovereignty frameworks (Privacy Act 1988, Essential Eight cyber maturity), easily bridged via standard security onboarding.","Tech stacks, system architectures, and agile software development lifecycle methodologies are globally standardized and immediately productive on day one in Australia.","INFORMATION TECHNOLOGY COORDINATOR Professional Profile B.S. graduate with a record of success implementing IT solutions. Demonstrated commitment to quality and customer service, detail oriented, strong team player, self motivated, demonstrated exceptional analytical skills, proven ability to work effectively and cross functionally with all levels of management with responsibilities increasing in scope. 9+ years of experience as Client/Server developer using Transact SQL, PL\SQL, Classic ASP, ASP.net, HTML, DHTML, XML, JavaScript, using CSS layout and design principles. 7+ years of managing pr..."
AU-CAND-66,George Evans,United Kingdom,Australia,Technology & Data,INFORMATION TECHNOLOGY SUPERVISOR,INFORMATION TECHNOLOGY SUPERVISOR Group (United Kingdom),5,"Certification, Windows 7, Microsoft, Fort Bragg, NC, 2012 *Certification, Security , Comptia, Yong San, Korea, 2012 *Dis",261313,Software Engineer / Data Specialist,Excellent communication techniques Manufacturing systems integration Multidisciplinary exposure Design instruction creation Project management Complex problem solver Advanced critical thinking SharePoint Microsoft Excel,"Full-stack software architecture, cloud platforms (AWS/Azure/GCP), CI/CD pipeline automation, relational & NoSQL databases, RESTful microservices.","in the U.S. Army, including over 1 year of supervisory experience. Trained personnel in the set-up of IT equipment, ensuring all equipment is properly connected and functioning. Regularly troubleshoot and install various IT equipment and systems. Accountable for the maintenance and inventory of over $1 million worth of IT and other communications e","Minor gap in Australian data sovereignty frameworks (Privacy Act 1988, Essential Eight cyber maturity), easily bridged via standard security onboarding.","Tech stacks, system architectures, and agile software development lifecycle methodologies are globally standardized and immediately productive on day one in Australia.","INFORMATION TECHNOLOGY SUPERVISOR Summary Seeking a position as an Information Technology Specialist. Over 5 years of information technology experience in the U.S. Army, including over 1 year of supervisory experience. Trained personnel in the set-up of IT equipment, ensuring all equipment is properly connected and functioning. Regularly troubleshoot and install various IT equipment and systems. Accountable for the maintenance and inventory of over $1 million worth of IT and other communications equipment with zero losses or damages. Possess a Security and Microsoft Certification and a Secret ..."
AU-CAND-67,Johan van der Merwe,South Africa,Australia,Technology & Data,AS INFORMATION TECHNOLOGY PROJECT MANAGER,AS INFORMATION TECHNOLOGY PROJECT MANAGER Group (South Africa),7,and Training Scaled Agile Framework (SAFe) 4 Agilist certification 2019 Project Management Professional (PMP) 2018 Ameri,261313,Software Engineer / Data Specialist,Agile methodology Project management SAFe Program Increment (PI) Planning Scrum / Kanban / Scrumban Aptitude for resolving challenging problems Client relations Team building Release management Scrum master / Business an,"Full-stack software architecture, cloud platforms (AWS/Azure/GCP), CI/CD pipeline automation, relational & NoSQL databases, RESTful microservices.","Company Name | City , State INFORMATION TECHNOLOGY PROJECT MANAGER 03/2019 - Current Support Design-Build Supervisory Control and Data Acquisition (SCADA) Upgrade Project using project management expertise. Identify and implement technology tools to facilitate resource planning for multiple projects, identify interdivisional dependencies, encourage","Minor gap in Australian data sovereignty frameworks (Privacy Act 1988, Essential Eight cyber maturity), easily bridged via standard security onboarding.","Tech stacks, system architectures, and agile software development lifecycle methodologies are globally standardized and immediately productive on day one in Australia.","AS INFORMATION TECHNOLOGY PROJECT MANAGER Summary SUMMARY Skilled IT professional with 7 years of proven success in developing and leading cross-functional technical teams to execute and deliver major technology initiatives using the Agile methodology and Scaled Agile Framework (SAFe). Well-versed in managing projects with co-located and off-site teams. Expertise in gathering and translating requirements, leading scrum teams, and release management, including owning the release management lifecycle for multiple applications across different environments. Skills Agile methodology Project manage..."
AU-CAND-68,Sipho Ndlovu,South Africa,Australia,Technology & Data,DIRECTOR OF INFORMATION TECHNOLOGY,DIRECTOR OF INFORMATION TECHNOLOGY Group (South Africa),11,"Bachelor of Science : Management Information Systems Cardinal Stritch University City , State Online Profile LinkedIn ww",261313,Software Engineer / Data Specialist,"Microsoft Server 2003, 2008, 2012 Exchange Server 2007, 2010 VMware ESXi VMware vCenter VMware Horizon View 5.x, 6.x, and 7.x Microsoft Hyper-V Cisco UCM and Unity Help Desk ITIL Service Catalog Vendor Management Budgeti","Full-stack software architecture, cloud platforms (AWS/Azure/GCP), CI/CD pipeline automation, relational & NoSQL databases, RESTful microservices.","Director of Information Technology 11/2012 to Current Company Name City , State Developed and implemented the IT strategy for the organization including software, support and infrastructure Hired, developed, and managed IT staff Negotiated terms and products from external vendors, including changes needed as business needs changed Met and exceeded ","Minor gap in Australian data sovereignty frameworks (Privacy Act 1988, Essential Eight cyber maturity), easily bridged via standard security onboarding.","Tech stacks, system architectures, and agile software development lifecycle methodologies are globally standardized and immediately productive on day one in Australia.","DIRECTOR OF INFORMATION TECHNOLOGY Executive Profile Innovative executive and technology professional with strong work ethic and excellent communication skills, experienced in high-volume, multi-unit, retail and business operations. Desires a high-level position in a professional business environment. Skill Highlights Microsoft Server 2003, 2008, 2012 Exchange Server 2007, 2010 VMware ESXi VMware vCenter VMware Horizon View 5.x, 6.x, and 7.x Microsoft Hyper-V Cisco UCM and Unity Help Desk ITIL Service Catalog Vendor Management Budgeting Project Management SLA Management Asset Management Profes..."
AU-CAND-69,Chantal Du Preez,South Africa,Australia,Technology & Data,Information-technology Professional,Information-technology Professional Group (South Africa),10,"Certification : Network Security , 2005 The Chubb Institute － City , State , US Certification in Network Security The Ch",261313,Software Engineer / Data Specialist,"Inventory, Database, Excel, Training, Stockroom, Sql, Databases, Sap, Statistics, Operations, Sops, Asset Management, Access, Asp, Asp.net, Cafm, Document Management, Inventory Control, Microsoft Access, Ms Access, Ms As","Full-stack software architecture, cloud platforms (AWS/Azure/GCP), CI/CD pipeline automation, relational & NoSQL databases, RESTful microservices.","Recognized as 1 of top 4 agents, promoted twice for excellent customer service Experience Subject Matter Expert (Information Technology Assistant) September 2013 to Current Company Name － City , State Responsibilities: -SAP Data Validation and Population for Real Estate, Fixed Asset and Plant Maintenance Modules -Assist, Support and coordinate with","Minor gap in Australian data sovereignty frameworks (Privacy Act 1988, Essential Eight cyber maturity), easily bridged via standard security onboarding.","Tech stacks, system architectures, and agile software development lifecycle methodologies are globally standardized and immediately productive on day one in Australia.","SUBJECT MATTER EXPERT (INFORMATION TECHNOLOGY ASSISTANT) Qualifications SAP, HP ALM, Network Configuration, Database Management, Document Management, Troubleshooting / Resolution, System Development & Execution, End-user Training, End-user Training, Customer Service, Website Maintenance, Mac, AUTOCAD Relevant Experience Recognized as 1 of top 4 agents, promoted twice for excellent customer service Experience Subject Matter Expert (Information Technology Assistant) September 2013 to Current Company Name － City , State Responsibilities: -SAP Data Validation and Population for Real Estate, Fixed ..."
AU-CAND-70,Themba Khumalo,South Africa,Australia,Technology & Data,VP OF INFORMATION TECHNOLOGY,VP OF INFORMATION TECHNOLOGY Group (South Africa),18,Information Systems 2014 Park University GPA: 3.5 Bachelor of Science : Management 2007 Park University Magna Cum Ladue ,261313,Software Engineer / Data Specialist,IT Governance Team Leadership Systems Integration Contract Negotiations Disaster Recovery Plans IT Operations Core,"Full-stack software architecture, cloud platforms (AWS/Azure/GCP), CI/CD pipeline automation, relational & NoSQL databases, RESTful microservices.","VP of Information Technology 07/2014 to 03/2017 Company Name City , State Hired to transform the IT department, which was successful within the first few months. Developed an IT strategy designed to increase sales and business process efficiency, and lower costs and company risk. Built and managed a highly effective team of employees, vendors, and ","Minor gap in Australian data sovereignty frameworks (Privacy Act 1988, Essential Eight cyber maturity), easily bridged via standard security onboarding.","Tech stacks, system architectures, and agile software development lifecycle methodologies are globally standardized and immediately productive on day one in Australia.","VP OF INFORMATION TECHNOLOGY Executive Profile A results oriented technology leader with over 18 years of IT experience, 8 years of supervisory experience. Passionate about collaborating with key stakeholders to develop information technology vision and strategy by effectively building organization, processes, infrastructure and services in support of short and long-term business needs. Understands the business value of available tools and applications as to provide optimal strategic benefit at the appropriate cost. Skill Highlights IT Governance Team Leadership Systems Integration Contract Ne..."
AU-CAND-71,Anriette Botha,South Africa,Australia,Hospitality & Service,FOOD SERVER,FOOD SERVER Group (South Africa),11,"and Training May 1982 McEachern HS City , State High School Diploma : Business Business Community Service Volunteer, Gir",351311,Chef / Hospitality Operations Specialist,"Cash handling, Professional and friendly, Careful and active listener, Data Entry.","Commercial kitchen brigade leadership, menu engineering, food cost control, high-volume service pacing, rigorous hygiene and HACCP compliance.","August 2013 to May 2015 Company Name City , State Food Server Monitor food distribution, ensuring that meals are delivered to the correct recipients and that guidelines, such as those for special diets, are followed. Clean or sterilize dishes, kitchen utensils, equipment, or facilities. Served over 300 students daily. Load trays with accessories su",Requires Australian Food Safety Supervisor certification (HACCP) and state-level Responsible Service of Alcohol (RSA) licensing.,"International culinary discipline, kitchen management, and cost-control systems translate directly to high-standard Australian dining and hotel groups.","FOOD SERVER Professional Summary Hardworking professional with a history of exceeding expectations and delivering quantifiable results. Known for boosting company morale by fostering interdepartmental communication. Skills Cash handling, Professional and friendly, Careful and active listener, Data Entry. Education and Training May 1982 McEachern HS City , State High School Diploma : Business Business Community Service Volunteer, Girl Scouts 2012-2013 Work Experience August 2013 to May 2015 Company Name City , State Food Server Monitor food distribution, ensuring that meals are delivered to the..."
AU-CAND-72,Lwazi Dlamini,South Africa,Australia,Hospitality & Service,CHEF,CHEF Group (South Africa),9,"and Coursework Baltimore International College City , State , USA Culinary Arts AA degree Culinary Arts GPA 4.0 Coursewo",351311,Chef / Hospitality Operations Specialist,Understands mobility assistance needs Charting expertise Understands medical procedures Trained in grooming and bathing assistance General housekeeping ability Trained in catheter change and preparation Calm and level-he,"Commercial kitchen brigade leadership, menu engineering, food cost control, high-volume service pacing, rigorous hygiene and HACCP compliance.","of always having with and caring deeply for people. While my grades have always been exceptional, my clinical experience was accomplished. I do not want to sound arrogant - I am truly confident that with my strong work ethic, an willingness to learn, I would surely be an asset to the St.Joseph's Medical team. I think you for your time. Summary of S",Requires Australian Food Safety Supervisor certification (HACCP) and state-level Responsible Service of Alcohol (RSA) licensing.,"International culinary discipline, kitchen management, and cost-control systems translate directly to high-standard Australian dining and hotel groups.","CHEF Career Focus I am a nursing student who has recently obtained my CNA license in this state. I worked as a GNA in the UK and it has been a passion ever since. I am confident that I would make a wonderful candidate for this position. From he beginning of taking my prerequisite classes for Nursing School. I have ebb driven yet still personable. My record shows me to muti-task oriented. I have the experience of always having with and caring deeply for people. While my grades have always been exceptional, my clinical experience was accomplished. I do not want to sound arrogant - I am truly con..."
AU-CAND-73,Pieter Joubert,South Africa,Australia,Hospitality & Service,CHEF,CHEF Group (South Africa),12,Bachelor's Degree in related discipline,351311,Chef / Hospitality Operations Specialist,"Cross-functional leadership, Project management, Quality control, Process improvement, Workflow optimization","Commercial kitchen brigade leadership, menu engineering, food cost control, high-volume service pacing, rigorous hygiene and HACCP compliance.","05/2009 to Current Chef Company Name － City , State Manage daily kitchen operations including inventory, purchasing, and scheduling Ensure proper food handling methods are observed Assist kitchen staff in producing food for catering Systematically control food quality and costs Develop new menu items to enhance catering and retail food service reve",Requires Australian Food Safety Supervisor certification (HACCP) and state-level Responsible Service of Alcohol (RSA) licensing.,"International culinary discipline, kitchen management, and cost-control systems translate directly to high-standard Australian dining and hotel groups.","CHEF Summary Experienced catering chef skilled in preparing large volumes of food quickly and efficiently. Knowledge of international cuisine. Seeking a position at a restaurant where I can call it 'home' Highlights Experience 05/2009 to Current Chef Company Name － City , State Manage daily kitchen operations including inventory, purchasing, and scheduling Ensure proper food handling methods are observed Assist kitchen staff in producing food for catering Systematically control food quality and costs Develop new menu items to enhance catering and retail food service revenue and productivity go..."
AU-CAND-74,Naledi Molefe,South Africa,Australia,Hospitality & Service,FITNESS SPECIALIST,FITNESS SPECIALIST Group (South Africa),10,targeting Pk - 12 to create an engaging educational,351311,Chef / Hospitality Operations Specialist,Fitness assessments Body Mass Index (BMI) knowledge Understanding of body fat tables and BMI Fitness equipment operation Weight management expert CPR and First Aid certified Understanding of human anatomy Gymnast AED cer,"Commercial kitchen brigade leadership, menu engineering, food cost control, high-volume service pacing, rigorous hygiene and HACCP compliance.","Fitness Specialist Aug 2015 to Mar 2016 Company Name - City , State Instruct of group exercise classes. Provide one-on-one consulting, training and motivation. Perform fitness assessments, determine exercise prescriptions, and design workout programs for the clients. Contributed to a 10% increase in sales for the personal training department. Guide",Requires Australian Food Safety Supervisor certification (HACCP) and state-level Responsible Service of Alcohol (RSA) licensing.,"International culinary discipline, kitchen management, and cost-control systems translate directly to high-standard Australian dining and hotel groups.","FITNESS SPECIALIST Summary Energetic Personal Trainer with educational background in Physical Education, Sport Training and exercise Swimming. Experienced Personal Trainer with 10 years conducting one-on-one training sessions in an upscale fitness studio. Advanced training in metabolic testing, nutrition and weight management consulting. Highlights Fitness assessments Body Mass Index (BMI) knowledge Understanding of body fat tables and BMI Fitness equipment operation Weight management expert CPR and First Aid certified Understanding of human anatomy Gymnast AED certification Fitness equipment ..."
AU-CAND-75,Camila Silva,Brazil,Australia,Hospitality & Service,SOUS CHEF,SOUS CHEF Group (Brazil),5,"General Equivalency Diploma (GED) : Spring 1989 Des Moines Community College － City , State Serve Food Safe Certificatio",351311,Chef / Hospitality Operations Specialist,Adaptive team player Customer service expert Strong organizational skills Deadline-driven Focused and driven Positive attitude,"Commercial kitchen brigade leadership, menu engineering, food cost control, high-volume service pacing, rigorous hygiene and HACCP compliance.","Sous Chef March 2013 to Current Company Name － City , State Assisted co-workers. Checked the quantity and quality of received products Cleaned and prepared various foods for cooking or serving Trained staff of14emp for correct facility procedures, safety codes, proper recipes and plating techniques. Frequently switched between positions as Cold Foo",Requires Australian Food Safety Supervisor certification (HACCP) and state-level Responsible Service of Alcohol (RSA) licensing.,"International culinary discipline, kitchen management, and cost-control systems translate directly to high-standard Australian dining and hotel groups.","SOUS CHEF Summary To bring my positive attitude, strong work ethic and strong team attitude to a new career opportunity. Highlights Adaptive team player Customer service expert Strong organizational skills Deadline-driven Focused and driven Positive attitude Accomplishments Supported all kitchen operations when chef was absent. Assisted in maintaining preparation and service areas in a sanitary condition. Received 4“exceeds expectations” ratings on performance reviews. Recognized by peers and management for going above and beyond normal job functions. Work Experience Sous Chef March 2013 to Cu..."
AU-CAND-76,Lucas Rossi,Brazil,Australia,Hospitality & Service,PRODUCT SPECIALIST,PRODUCT SPECIALIST Group (Brazil),12,"November 2015 Business Administration AIB College of Business － City , State Business Administration May 2014 Business A",351311,Chef / Hospitality Operations Specialist,Critical thinking Eye for detail Effective multi-tasker Verbal communication Territory growth Business development Strategic planning Time management ability,"Commercial kitchen brigade leadership, menu engineering, food cost control, high-volume service pacing, rigorous hygiene and HACCP compliance.","10/2015 to Current Product Specialist Company Name － City , State Checked in vendors Changed and verified prices Created and tested promotions Emphasized fast, friendly customer service Offered product recommendations when appropriate 10/2014 to 10/2015 Sales Representative Company Name － City , State Cold-called prospective customers to build rela",Requires Australian Food Safety Supervisor certification (HACCP) and state-level Responsible Service of Alcohol (RSA) licensing.,"International culinary discipline, kitchen management, and cost-control systems translate directly to high-standard Australian dining and hotel groups.","PRODUCT SPECIALIST Professional Summary Seeking a full-time opportunity that relates to Business Administration Core Qualifications Critical thinking Eye for detail Effective multi-tasker Verbal communication Territory growth Business development Strategic planning Time management ability Experience 10/2015 to Current Product Specialist Company Name － City , State Checked in vendors Changed and verified prices Created and tested promotions Emphasized fast, friendly customer service Offered product recommendations when appropriate 10/2014 to 10/2015 Sales Representative Company Name － City , St..."
AU-CAND-77,Mariana Costa,Brazil,Australia,Hospitality & Service,CHEF ASSISTANT,CHEF ASSISTANT Group (Brazil),5,"and Training May 2017 Bachelor of Science : Hospitality and Tourism Management Uni versity of Massachusetts － City , Sta",351311,Chef / Hospitality Operations Specialist,"MS Word (advance), MS Excel (intermediate), PowerPoint (intermediate), Mac OS","Commercial kitchen brigade leadership, menu engineering, food cost control, high-volume service pacing, rigorous hygiene and HACCP compliance.","09/2016 to Current Chef Assistant Company Name － City , State Ensure cleanliness of kitchen work stations and operate dish washing machinery. Assist chef in preparation and plating of meals for lunch and dinner services of up to 75 guests. Arrange the banquet area according to expected guest flow and type of event. Welcome customers and monitor flo",Requires Australian Food Safety Supervisor certification (HACCP) and state-level Responsible Service of Alcohol (RSA) licensing.,"International culinary discipline, kitchen management, and cost-control systems translate directly to high-standard Australian dining and hotel groups.","CHEF ASSISTANT Core Qualifications MS Word (advance), MS Excel (intermediate), PowerPoint (intermediate), Mac OS Education and Training May 2017 Bachelor of Science : Hospitality and Tourism Management Uni versity of Massachusetts － City , State Hospitality and Tourism Management 3.99 4.0 Dean's List: All Semesters Work Experience 09/2016 to Current Chef Assistant Company Name － City , State Ensure cleanliness of kitchen work stations and operate dish washing machinery. Assist chef in preparation and plating of meals for lunch and dinner services of up to 75 guests. Arrange the banquet area ac..."
AU-CAND-78,Mateo Fernandez,Argentina,Australia,Hospitality & Service,SALES ASSOCIATE,SALES ASSOCIATE Group (Argentina),8,"Associate of Arts : General Business Mesa Community College － City , State General Business Currently attending. 2014 Hi",351311,Chef / Hospitality Operations Specialist,Exceptional customer service Sales expertise Excellent communication skills Customer rapport development Basic Microsoft Office skills Thrive in fast-paced environment,"Commercial kitchen brigade leadership, menu engineering, food cost control, high-volume service pacing, rigorous hygiene and HACCP compliance.","working with the public, and over 1 year's worth of money-handling experience. Core competencies include customer rapport, ability to maintain a positive attitude, and subtle persuasiveness by relating to the customer. Passionate and self motivated, with a drive to achieve excellence inside as well as outside of the workplace. Highlights Exceptiona",Requires Australian Food Safety Supervisor certification (HACCP) and state-level Responsible Service of Alcohol (RSA) licensing.,"International culinary discipline, kitchen management, and cost-control systems translate directly to high-standard Australian dining and hotel groups.","SALES ASSOCIATE Summary Customer service oriented associate with over two years' worth of experience working with the public, and over 1 year's worth of money-handling experience. Core competencies include customer rapport, ability to maintain a positive attitude, and subtle persuasiveness by relating to the customer. Passionate and self motivated, with a drive to achieve excellence inside as well as outside of the workplace. Highlights Exceptional customer service Sales expertise Excellent communication skills Customer rapport development Basic Microsoft Office skills Thrive in fast-paced env..."
AU-CAND-79,Gabriel Santos,Brazil,Australia,Hospitality & Service,EXECUTIVE CHEF/ FOOD SERVICE DIRECTOR,EXECUTIVE CHEF/ FOOD SERVICE DIRECTOR Group (Brazil),30,"1998 Associate of Arts : The Academy - Occupational Studies Culinary Arts City , State , USA 1996 General Education Dipl",351311,Chef / Hospitality Operations Specialist,Leadership with great communication skills Budgeting and analysis expertise Expense control expert Food and labor cost expert Diverse industry/market Knowledge Vendor negotiations Excellent customer/employee communicatio,"Commercial kitchen brigade leadership, menu engineering, food cost control, high-volume service pacing, rigorous hygiene and HACCP compliance.","with an excellent track record in budgeting, decreasing costs while expanding business operations. Recognized as a highly effective leader with strong strategic planning, communication and staff management skills. This has been proven as a food service director and an executive chef. Skill Highlights Leadership with great communication skills Budge",Requires Australian Food Safety Supervisor certification (HACCP) and state-level Responsible Service of Alcohol (RSA) licensing.,"International culinary discipline, kitchen management, and cost-control systems translate directly to high-standard Australian dining and hotel groups.","EXECUTIVE CHEF/ FOOD SERVICE DIRECTOR Executive Profile As a Chef, I have been exploring my passion for food and developing clean, healthy cooking techniques for over 30 years.This is done by executing successful operations strategies, decreasing staff turnover and developing winning menus according to consumer preferences. Proven front and back of house operations experience with an excellent track record in budgeting, decreasing costs while expanding business operations. Recognized as a highly effective leader with strong strategic planning, communication and staff management skills. This ha..."
AU-CAND-80,Valeria Morales,Chile,Australia,Hospitality & Service,VICE PRESIDENT,VICE PRESIDENT Group (Chile),5,"leadership University of Virginia － City , State , USA Digital Electronics 1981 DeVry Institute of Technology － City , S",351311,Chef / Hospitality Operations Specialist,Soft Skills Strategic/Operational Business & Financial Planning Quick and fervent learner Multi-Site Operations & Productivity Enhancement Team building and motivation International Sourcing & Supply Chain Management For,"Commercial kitchen brigade leadership, menu engineering, food cost control, high-volume service pacing, rigorous hygiene and HACCP compliance.","Vice President Apr 2008 to Current Company Name － City , State Leads a new management team charged with turning around and expanding the foreign operations of this LED products manufacturing company operating in several countries throughout Europe, Latin America, Asia, the Middle East and North America. Holds full accountability for leading 5 manuf",Requires Australian Food Safety Supervisor certification (HACCP) and state-level Responsible Service of Alcohol (RSA) licensing.,"International culinary discipline, kitchen management, and cost-control systems translate directly to high-standard Australian dining and hotel groups.","VICE PRESIDENT Executive Profile Manufacturing and Operations Executive proficient in the design and development of Lean operations, processes and systems for an innovative LED products manufacturer operating in 28 countries. Expert at constructing new facilities, integrating acquired facilities, installing process improvements, building high-performance teams, and automating operations to improve yield. An experienced customer service executive with a proven record of establishing and managing first-rate highly profitable service organizations. Competencies Hard Skills Soft Skills Strategic/O..."
